#-----------------------------------------------------------
# Vivado v2017.4 (64-bit)
# SW Build 2086221 on Fri Dec 15 20:55:39 MST 2017
# IP Build 2085800 on Fri Dec 15 22:25:07 MST 2017
# Start of session at: Mon Aug 19 06:16:10 2019
# Process ID: 5000
# Current directory: E:/bildiri ve makaleler/kitap/fpga/uygulamalar/prj_bolum11_uyg5
# Command line: vivado.exe -gui_launcher_event rodinguilauncherevent524 E:\bildiri ve makaleler\kitap\fpga\uygulamalar\prj_bolum11_uyg5\prj_bolum11_uyg5.xpr
# Log file: E:/bildiri ve makaleler/kitap/fpga/uygulamalar/prj_bolum11_uyg5/vivado.log
# Journal file: E:/bildiri ve makaleler/kitap/fpga/uygulamalar/prj_bolum11_uyg5\vivado.jou
#-----------------------------------------------------------
start_gui
open_project {E:/bildiri ve makaleler/kitap/fpga/uygulamalar/prj_bolum11_uyg5/prj_bolum11_uyg5.xpr}
Scanning sources...
Finished scanning sources
INFO: [IP_Flow 19-234] Refreshing IP repositories
INFO: [IP_Flow 19-1704] No user IP repositories specified
INFO: [IP_Flow 19-2313] Loaded Vivado IP repository 'C:/Xilinx/Vivado/2017.4/data/ip'.
open_project: Time (s): cpu = 00:00:20 ; elapsed = 00:00:20 . Memory (MB): peak = 682.395 ; gain = 29.137
update_compile_order -fileset sources_1
update_compile_order -fileset sources_1
update_compile_order -fileset sources_1
create_ip -name floating_point -vendor xilinx.com -library ip -version 7.1 -module_name floating_point_0 -dir {e:/bildiri ve makaleler/kitap/fpga/uygulamalar/prj_bolum11_uyg5/prj_bolum11_uyg5.srcs/sources_1/ip}
create_ip: Time (s): cpu = 00:00:07 ; elapsed = 00:00:06 . Memory (MB): peak = 757.793 ; gain = 3.648
set_property -dict [list CONFIG.Operation_Type {Compare} CONFIG.C_Compare_Operation {Greater_Than} CONFIG.A_Precision_Type {Single} CONFIG.C_A_Exponent_Width {8} CONFIG.C_A_Fraction_Width {24} CONFIG.Result_Precision_Type {Custom} CONFIG.C_Result_Exponent_Width {1} CONFIG.C_Result_Fraction_Width {0} CONFIG.C_Mult_Usage {No_Usage} CONFIG.C_Latency {3} CONFIG.C_Rate {1}] [get_ips floating_point_0]
generate_target {instantiation_template} [get_files {{e:/bildiri ve makaleler/kitap/fpga/uygulamalar/prj_bolum11_uyg5/prj_bolum11_uyg5.srcs/sources_1/ip/floating_point_0/floating_point_0.xci}}]
INFO: [IP_Flow 19-1686] Generating 'Instantiation Template' target for IP 'floating_point_0'...
update_compile_order -fileset sources_1
export_ip_user_files -of_objects  [get_files {{E:/bildiri ve makaleler/kitap/fpga/uygulamalar/prj_bolum11_uyg5/prj_bolum11_uyg5.srcs/sources_1/ip/fp_convert_to_float/fp_convert_to_float.xci}}] -no_script -reset -force -quiet
remove_files  {{E:/bildiri ve makaleler/kitap/fpga/uygulamalar/prj_bolum11_uyg5/prj_bolum11_uyg5.srcs/sources_1/ip/fp_convert_to_float/fp_convert_to_float.xci}}
export_ip_user_files -of_objects  [get_files {{e:/bildiri ve makaleler/kitap/fpga/uygulamalar/prj_bolum11_uyg5/prj_bolum11_uyg5.srcs/sources_1/ip/floating_point_0/floating_point_0.xci}}] -no_script -reset -force -quiet
remove_files  {{e:/bildiri ve makaleler/kitap/fpga/uygulamalar/prj_bolum11_uyg5/prj_bolum11_uyg5.srcs/sources_1/ip/floating_point_0/floating_point_0.xci}}
file delete -force {e:/bildiri ve makaleler/kitap/fpga/uygulamalar/prj_bolum11_uyg5/prj_bolum11_uyg5.srcs/sources_1/ip/floating_point_0}
create_ip -name floating_point -vendor xilinx.com -library ip -version 7.1 -module_name Floating_BUYUK -dir {e:/bildiri ve makaleler/kitap/fpga/uygulamalar/prj_bolum11_uyg5/prj_bolum11_uyg5.srcs/sources_1/ip}
create_ip: Time (s): cpu = 00:00:06 ; elapsed = 00:00:08 . Memory (MB): peak = 765.555 ; gain = 0.000
set_property -dict [list CONFIG.Component_Name {Floating_BUYUK} CONFIG.Operation_Type {Compare} CONFIG.C_Compare_Operation {Greater_Than} CONFIG.A_Precision_Type {Single} CONFIG.C_A_Exponent_Width {8} CONFIG.C_A_Fraction_Width {24} CONFIG.Result_Precision_Type {Custom} CONFIG.C_Result_Exponent_Width {1} CONFIG.C_Result_Fraction_Width {0} CONFIG.C_Mult_Usage {No_Usage} CONFIG.C_Latency {3} CONFIG.C_Rate {1}] [get_ips Floating_BUYUK]
WARNING: [Vivado 12-3523] Attempt to change 'Component_Name' from 'Floating_BUYUK' to 'Floating_BUYUK' is not allowed and is ignored.
generate_target {instantiation_template} [get_files {{e:/bildiri ve makaleler/kitap/fpga/uygulamalar/prj_bolum11_uyg5/prj_bolum11_uyg5.srcs/sources_1/ip/Floating_BUYUK/Floating_BUYUK.xci}}]
INFO: [IP_Flow 19-1686] Generating 'Instantiation Template' target for IP 'Floating_BUYUK'...
update_compile_order -fileset sources_1
update_compile_order -fileset sources_1
generate_target all [get_files {e:/bildiri ve makaleler/kitap/fpga/uygulamalar/prj_bolum11_uyg5/prj_bolum11_uyg5.srcs/sources_1/ip/Floating_BUYUK/Floating_BUYUK.xci}]
WARNING: [Vivado 12-818] No files matched 'e:/bildiri'
WARNING: [Vivado 12-818] No files matched 've'
WARNING: [Vivado 12-818] No files matched 'makaleler/kitap/fpga/uygulamalar/prj_bolum11_uyg5/prj_bolum11_uyg5.srcs/sources_1/ip/Floating_BUYUK/Floating_BUYUK.xci'
export_ip_user_files -of_objects [get_files {e:/bildiri ve makaleler/kitap/fpga/uygulamalar/prj_bolum11_uyg5/prj_bolum11_uyg5.srcs/sources_1/ip/Floating_BUYUK/Floating_BUYUK.xci}] -no_script -sync -force -quiet
WARNING: [Vivado 12-818] No files matched 'e:/bildiri'
WARNING: [Vivado 12-818] No files matched 've'
WARNING: [Vivado 12-818] No files matched 'makaleler/kitap/fpga/uygulamalar/prj_bolum11_uyg5/prj_bolum11_uyg5.srcs/sources_1/ip/Floating_BUYUK/Floating_BUYUK.xci'
export_simulation -of_objects [get_files {{e:/bildiri ve makaleler/kitap/fpga/uygulamalar/prj_bolum11_uyg5/prj_bolum11_uyg5.srcs/sources_1/ip/Floating_BUYUK/Floating_BUYUK.xci}}] -directory {E:/bildiri ve makaleler/kitap/fpga/uygulamalar/prj_bolum11_uyg5/prj_bolum11_uyg5.ip_user_files/sim_scripts} -ip_user_files_dir {E:/bildiri ve makaleler/kitap/fpga/uygulamalar/prj_bolum11_uyg5/prj_bolum11_uyg5.ip_user_files} -ipstatic_source_dir {E:/bildiri ve makaleler/kitap/fpga/uygulamalar/prj_bolum11_uyg5/prj_bolum11_uyg5.ip_user_files/ipstatic} -lib_map_path [list {modelsim=E:/bildiri ve makaleler/kitap/fpga/uygulamalar/prj_bolum11_uyg5/prj_bolum11_uyg5.cache/compile_simlib/modelsim} {questa=E:/bildiri ve makaleler/kitap/fpga/uygulamalar/prj_bolum11_uyg5/prj_bolum11_uyg5.cache/compile_simlib/questa} {riviera=E:/bildiri ve makaleler/kitap/fpga/uygulamalar/prj_bolum11_uyg5/prj_bolum11_uyg5.cache/compile_simlib/riviera} {activehdl=E:/bildiri ve makaleler/kitap/fpga/uygulamalar/prj_bolum11_uyg5/prj_bolum11_uyg5.cache/compile_simlib/activehdl}] -use_ip_compiled_libs -force -quiet
create_fileset -blockset Floating_BUYUK
set_property top Floating_BUYUK [get_fileset Floating_BUYUK]
move_files -fileset [get_fileset Floating_BUYUK] [get_files -of_objects [get_fileset sources_1] {{e:/bildiri ve makaleler/kitap/fpga/uygulamalar/prj_bolum11_uyg5/prj_bolum11_uyg5.srcs/sources_1/ip/Floating_BUYUK/Floating_BUYUK.xci}}]
launch_run Floating_BUYUK_synth_1
INFO: [IP_Flow 19-1686] Generating 'Synthesis' target for IP 'Floating_BUYUK'...
[Mon Aug 19 10:45:52 2019] Launched Floating_BUYUK_synth_1...
Run output will be captured here: E:/bildiri ve makaleler/kitap/fpga/uygulamalar/prj_bolum11_uyg5/prj_bolum11_uyg5.runs/Floating_BUYUK_synth_1/runme.log
launch_runs: Time (s): cpu = 00:00:02 ; elapsed = 00:00:08 . Memory (MB): peak = 765.555 ; gain = 0.000
wait_on_run Floating_BUYUK_synth_1

[Mon Aug 19 10:45:53 2019] Waiting for Floating_BUYUK_synth_1 to finish...
[Mon Aug 19 10:45:58 2019] Waiting for Floating_BUYUK_synth_1 to finish...
[Mon Aug 19 10:46:03 2019] Waiting for Floating_BUYUK_synth_1 to finish...
[Mon Aug 19 10:46:09 2019] Waiting for Floating_BUYUK_synth_1 to finish...
[Mon Aug 19 10:46:20 2019] Waiting for Floating_BUYUK_synth_1 to finish...
[Mon Aug 19 10:46:31 2019] Waiting for Floating_BUYUK_synth_1 to finish...
[Mon Aug 19 10:46:41 2019] Waiting for Floating_BUYUK_synth_1 to finish...
[Mon Aug 19 10:46:52 2019] Waiting for Floating_BUYUK_synth_1 to finish...
[Mon Aug 19 10:47:13 2019] Waiting for Floating_BUYUK_synth_1 to finish...
[Mon Aug 19 10:47:35 2019] Waiting for Floating_BUYUK_synth_1 to finish...
[Mon Aug 19 10:47:56 2019] Waiting for Floating_BUYUK_synth_1 to finish...
[Mon Aug 19 10:48:17 2019] Waiting for Floating_BUYUK_synth_1 to finish...
[Mon Aug 19 10:49:00 2019] Waiting for Floating_BUYUK_synth_1 to finish...

*** Running vivado
    with args -log Floating_BUYUK.vds -m64 -product Vivado -mode batch -messageDb vivado.pb -notrace -source Floating_BUYUK.tcl


****** Vivado v2017.4 (64-bit)
  **** SW Build 2086221 on Fri Dec 15 20:55:39 MST 2017
  **** IP Build 2085800 on Fri Dec 15 22:25:07 MST 2017
    ** Copyright 1986-2017 Xilinx, Inc. All Rights Reserved.

source Floating_BUYUK.tcl -notrace
Command: synth_design -top Floating_BUYUK -part xc7a100tcsg324-1 -mode out_of_context
Starting synth_design
Attempting to get a license for feature 'Synthesis' and/or device 'xc7a100t'
INFO: [Common 17-349] Got license for feature 'Synthesis' and/or device 'xc7a100t'
INFO: Launching helper process for spawning children vivado processes
INFO: Helper process launched with PID 7276 
---------------------------------------------------------------------------------
Starting RTL Elaboration : Time (s): cpu = 00:00:24 ; elapsed = 00:00:26 . Memory (MB): peak = 348.801 ; gain = 94.547
---------------------------------------------------------------------------------
INFO: [Synth 8-638] synthesizing module 'Floating_BUYUK' [e:/bildiri ve makaleler/kitap/fpga/uygulamalar/prj_bolum11_uyg5/prj_bolum11_uyg5.srcs/sources_1/ip/Floating_BUYUK/synth/Floating_BUYUK.vhd:74]
	Parameter C_XDEVICEFAMILY bound to: artix7 - type: string 
	Parameter C_HAS_ADD bound to: 0 - type: integer 
	Parameter C_HAS_SUBTRACT bound to: 0 - type: integer 
	Parameter C_HAS_MULTIPLY bound to: 0 - type: integer 
	Parameter C_HAS_DIVIDE bound to: 0 - type: integer 
	Parameter C_HAS_SQRT bound to: 0 - type: integer 
	Parameter C_HAS_COMPARE bound to: 1 - type: integer 
	Parameter C_HAS_FIX_TO_FLT bound to: 0 - type: integer 
	Parameter C_HAS_FLT_TO_FIX bound to: 0 - type: integer 
	Parameter C_HAS_FLT_TO_FLT bound to: 0 - type: integer 
	Parameter C_HAS_RECIP bound to: 0 - type: integer 
	Parameter C_HAS_RECIP_SQRT bound to: 0 - type: integer 
	Parameter C_HAS_ABSOLUTE bound to: 0 - type: integer 
	Parameter C_HAS_LOGARITHM bound to: 0 - type: integer 
	Parameter C_HAS_EXPONENTIAL bound to: 0 - type: integer 
	Parameter C_HAS_FMA bound to: 0 - type: integer 
	Parameter C_HAS_FMS bound to: 0 - type: integer 
	Parameter C_HAS_ACCUMULATOR_A bound to: 0 - type: integer 
	Parameter C_HAS_ACCUMULATOR_S bound to: 0 - type: integer 
	Parameter C_A_WIDTH bound to: 32 - type: integer 
	Parameter C_A_FRACTION_WIDTH bound to: 24 - type: integer 
	Parameter C_B_WIDTH bound to: 32 - type: integer 
	Parameter C_B_FRACTION_WIDTH bound to: 24 - type: integer 
	Parameter C_C_WIDTH bound to: 32 - type: integer 
	Parameter C_C_FRACTION_WIDTH bound to: 24 - type: integer 
	Parameter C_RESULT_WIDTH bound to: 1 - type: integer 
	Parameter C_RESULT_FRACTION_WIDTH bound to: 0 - type: integer 
	Parameter C_COMPARE_OPERATION bound to: 4 - type: integer 
	Parameter C_LATENCY bound to: 3 - type: integer 
	Parameter C_OPTIMIZATION bound to: 1 - type: integer 
	Parameter C_MULT_USAGE bound to: 0 - type: integer 
	Parameter C_BRAM_USAGE bound to: 0 - type: integer 
	Parameter C_RATE bound to: 1 - type: integer 
	Parameter C_ACCUM_INPUT_MSB bound to: 32 - type: integer 
	Parameter C_ACCUM_MSB bound to: 32 - type: integer 
	Parameter C_ACCUM_LSB bound to: -31 - type: integer 
	Parameter C_HAS_UNDERFLOW bound to: 0 - type: integer 
	Parameter C_HAS_OVERFLOW bound to: 0 - type: integer 
	Parameter C_HAS_INVALID_OP bound to: 0 - type: integer 
	Parameter C_HAS_DIVIDE_BY_ZERO bound to: 0 - type: integer 
	Parameter C_HAS_ACCUM_OVERFLOW bound to: 0 - type: integer 
	Parameter C_HAS_ACCUM_INPUT_OVERFLOW bound to: 0 - type: integer 
	Parameter C_HAS_ACLKEN bound to: 0 - type: integer 
	Parameter C_HAS_ARESETN bound to: 0 - type: integer 
	Parameter C_THROTTLE_SCHEME bound to: 1 - type: integer 
	Parameter C_HAS_A_TUSER bound to: 0 - type: integer 
	Parameter C_HAS_A_TLAST bound to: 0 - type: integer 
	Parameter C_HAS_B bound to: 1 - type: integer 
	Parameter C_HAS_B_TUSER bound to: 0 - type: integer 
	Parameter C_HAS_B_TLAST bound to: 0 - type: integer 
	Parameter C_HAS_C bound to: 0 - type: integer 
	Parameter C_HAS_C_TUSER bound to: 0 - type: integer 
	Parameter C_HAS_C_TLAST bound to: 0 - type: integer 
	Parameter C_HAS_OPERATION bound to: 0 - type: integer 
	Parameter C_HAS_OPERATION_TUSER bound to: 0 - type: integer 
	Parameter C_HAS_OPERATION_TLAST bound to: 0 - type: integer 
	Parameter C_HAS_RESULT_TUSER bound to: 0 - type: integer 
	Parameter C_HAS_RESULT_TLAST bound to: 0 - type: integer 
	Parameter C_TLAST_RESOLUTION bound to: 0 - type: integer 
	Parameter C_A_TDATA_WIDTH bound to: 32 - type: integer 
	Parameter C_A_TUSER_WIDTH bound to: 1 - type: integer 
	Parameter C_B_TDATA_WIDTH bound to: 32 - type: integer 
	Parameter C_B_TUSER_WIDTH bound to: 1 - type: integer 
	Parameter C_C_TDATA_WIDTH bound to: 32 - type: integer 
	Parameter C_C_TUSER_WIDTH bound to: 1 - type: integer 
	Parameter C_OPERATION_TDATA_WIDTH bound to: 8 - type: integer 
	Parameter C_OPERATION_TUSER_WIDTH bound to: 1 - type: integer 
	Parameter C_RESULT_TDATA_WIDTH bound to: 8 - type: integer 
	Parameter C_RESULT_TUSER_WIDTH bound to: 1 - type: integer 
	Parameter C_FIXED_DATA_UNSIGNED bound to: 0 - type: integer 
INFO: [Synth 8-3491] module 'floating_point_v7_1_5' declared at 'e:/bildiri ve makaleler/kitap/fpga/uygulamalar/prj_bolum11_uyg5/prj_bolum11_uyg5.srcs/sources_1/ip/Floating_BUYUK/hdl/floating_point_v7_1_vh_rfs.vhd:91604' bound to instance 'U0' of component 'floating_point_v7_1_5' [e:/bildiri ve makaleler/kitap/fpga/uygulamalar/prj_bolum11_uyg5/prj_bolum11_uyg5.srcs/sources_1/ip/Floating_BUYUK/synth/Floating_BUYUK.vhd:206]
INFO: [Synth 8-256] done synthesizing module 'Floating_BUYUK' (12#1) [e:/bildiri ve makaleler/kitap/fpga/uygulamalar/prj_bolum11_uyg5/prj_bolum11_uyg5.srcs/sources_1/ip/Floating_BUYUK/synth/Floating_BUYUK.vhd:74]
WARNING: [Synth 8-3331] design xbip_pipe_v3_0_4_viv__parameterized1 has unconnected port CLK
WARNING: [Synth 8-3331] design xbip_pipe_v3_0_4_viv__parameterized1 has unconnected port CE
WARNING: [Synth 8-3331] design xbip_pipe_v3_0_4_viv__parameterized1 has unconnected port SCLR
WARNING: [Synth 8-3331] design xbip_pipe_v3_0_4_viv__parameterized1 has unconnected port SSET
WARNING: [Synth 8-3331] design xbip_pipe_v3_0_4_viv__parameterized1 has unconnected port SINIT
WARNING: [Synth 8-3331] design xbip_pipe_v3_0_4_viv__parameterized11 has unconnected port CLK
WARNING: [Synth 8-3331] design xbip_pipe_v3_0_4_viv__parameterized11 has unconnected port CE
WARNING: [Synth 8-3331] design xbip_pipe_v3_0_4_viv__parameterized11 has unconnected port SCLR
WARNING: [Synth 8-3331] design xbip_pipe_v3_0_4_viv__parameterized11 has unconnected port SSET
WARNING: [Synth 8-3331] design xbip_pipe_v3_0_4_viv__parameterized11 has unconnected port SINIT
WARNING: [Synth 8-3331] design carry_chain__parameterized3 has unconnected port CARRYS_OUT[14]
WARNING: [Synth 8-3331] design carry_chain__parameterized3 has unconnected port CARRYS_OUT[13]
WARNING: [Synth 8-3331] design carry_chain__parameterized3 has unconnected port CARRYS_OUT[12]
WARNING: [Synth 8-3331] design carry_chain__parameterized3 has unconnected port CARRYS_OUT[11]
WARNING: [Synth 8-3331] design carry_chain__parameterized3 has unconnected port CARRYS_OUT[10]
WARNING: [Synth 8-3331] design carry_chain__parameterized3 has unconnected port CARRYS_OUT[9]
WARNING: [Synth 8-3331] design carry_chain__parameterized3 has unconnected port CARRYS_OUT[8]
WARNING: [Synth 8-3331] design carry_chain__parameterized3 has unconnected port CARRYS_OUT[7]
WARNING: [Synth 8-3331] design carry_chain__parameterized3 has unconnected port CARRYS_OUT[6]
WARNING: [Synth 8-3331] design carry_chain__parameterized3 has unconnected port CARRYS_OUT[5]
WARNING: [Synth 8-3331] design carry_chain__parameterized3 has unconnected port CARRYS_OUT[4]
WARNING: [Synth 8-3331] design carry_chain__parameterized3 has unconnected port CARRYS_OUT[3]
WARNING: [Synth 8-3331] design carry_chain__parameterized3 has unconnected port CARRYS_OUT[2]
WARNING: [Synth 8-3331] design carry_chain__parameterized3 has unconnected port CARRYS_OUT[1]
WARNING: [Synth 8-3331] design carry_chain__parameterized3 has unconnected port CARRYS_OUT[0]
WARNING: [Synth 8-3331] design xbip_pipe_v3_0_4_viv__parameterized9 has unconnected port CLK
WARNING: [Synth 8-3331] design xbip_pipe_v3_0_4_viv__parameterized9 has unconnected port CE
WARNING: [Synth 8-3331] design xbip_pipe_v3_0_4_viv__parameterized9 has unconnected port SCLR
WARNING: [Synth 8-3331] design xbip_pipe_v3_0_4_viv__parameterized9 has unconnected port SSET
WARNING: [Synth 8-3331] design xbip_pipe_v3_0_4_viv__parameterized9 has unconnected port SINIT
WARNING: [Synth 8-3331] design carry_chain__parameterized2 has unconnected port CARRYS_OUT[9]
WARNING: [Synth 8-3331] design carry_chain__parameterized2 has unconnected port CARRYS_OUT[8]
WARNING: [Synth 8-3331] design carry_chain__parameterized2 has unconnected port CARRYS_OUT[7]
WARNING: [Synth 8-3331] design carry_chain__parameterized2 has unconnected port CARRYS_OUT[6]
WARNING: [Synth 8-3331] design carry_chain__parameterized2 has unconnected port CARRYS_OUT[5]
WARNING: [Synth 8-3331] design carry_chain__parameterized2 has unconnected port CARRYS_OUT[4]
WARNING: [Synth 8-3331] design carry_chain__parameterized2 has unconnected port CARRYS_OUT[3]
WARNING: [Synth 8-3331] design carry_chain__parameterized2 has unconnected port CARRYS_OUT[2]
WARNING: [Synth 8-3331] design carry_chain__parameterized2 has unconnected port CARRYS_OUT[1]
WARNING: [Synth 8-3331] design carry_chain__parameterized2 has unconnected port CARRYS_OUT[0]
WARNING: [Synth 8-3331] design xbip_pipe_v3_0_4_viv__parameterized7 has unconnected port CLK
WARNING: [Synth 8-3331] design xbip_pipe_v3_0_4_viv__parameterized7 has unconnected port CE
WARNING: [Synth 8-3331] design xbip_pipe_v3_0_4_viv__parameterized7 has unconnected port SCLR
WARNING: [Synth 8-3331] design xbip_pipe_v3_0_4_viv__parameterized7 has unconnected port SSET
WARNING: [Synth 8-3331] design xbip_pipe_v3_0_4_viv__parameterized7 has unconnected port SINIT
WARNING: [Synth 8-3331] design carry_chain__parameterized1 has unconnected port CARRYS_OUT[0]
WARNING: [Synth 8-3331] design compare_eq_im__parameterized0 has unconnected port CARRYS_OUT[0]
WARNING: [Synth 8-3331] design xbip_pipe_v3_0_4_viv__parameterized5 has unconnected port CLK
WARNING: [Synth 8-3331] design xbip_pipe_v3_0_4_viv__parameterized5 has unconnected port CE
WARNING: [Synth 8-3331] design xbip_pipe_v3_0_4_viv__parameterized5 has unconnected port SCLR
WARNING: [Synth 8-3331] design xbip_pipe_v3_0_4_viv__parameterized5 has unconnected port SSET
WARNING: [Synth 8-3331] design xbip_pipe_v3_0_4_viv__parameterized5 has unconnected port SINIT
WARNING: [Synth 8-3331] design compare_ne_im has unconnected port CARRYS_OUT[0]
WARNING: [Synth 8-3331] design xbip_pipe_v3_0_4_viv__parameterized3 has unconnected port CLK
WARNING: [Synth 8-3331] design xbip_pipe_v3_0_4_viv__parameterized3 has unconnected port CE
WARNING: [Synth 8-3331] design xbip_pipe_v3_0_4_viv__parameterized3 has unconnected port SCLR
WARNING: [Synth 8-3331] design xbip_pipe_v3_0_4_viv__parameterized3 has unconnected port SSET
WARNING: [Synth 8-3331] design xbip_pipe_v3_0_4_viv__parameterized3 has unconnected port SINIT
WARNING: [Synth 8-3331] design carry_chain has unconnected port CARRYS_OUT[1]
WARNING: [Synth 8-3331] design carry_chain has unconnected port CARRYS_OUT[0]
WARNING: [Synth 8-3331] design compare_eq_im has unconnected port CARRYS_OUT[0]
WARNING: [Synth 8-3331] design xbip_pipe_v3_0_4_viv__parameterized15 has unconnected port SCLR
WARNING: [Synth 8-3331] design xbip_pipe_v3_0_4_viv__parameterized15 has unconnected port SSET
WARNING: [Synth 8-3331] design xbip_pipe_v3_0_4_viv__parameterized15 has unconnected port SINIT
WARNING: [Synth 8-3331] design xbip_pipe_v3_0_4_viv__parameterized13 has unconnected port SCLR
WARNING: [Synth 8-3331] design xbip_pipe_v3_0_4_viv__parameterized13 has unconnected port SSET
WARNING: [Synth 8-3331] design xbip_pipe_v3_0_4_viv__parameterized13 has unconnected port SINIT
WARNING: [Synth 8-3331] design axi_slave_2to1 has unconnected port s_axis_a_tuser[0]
WARNING: [Synth 8-3331] design axi_slave_2to1 has unconnected port s_axis_a_tlast
WARNING: [Synth 8-3331] design axi_slave_2to1 has unconnected port s_axis_b_tuser[0]
WARNING: [Synth 8-3331] design axi_slave_2to1 has unconnected port s_axis_b_tlast
WARNING: [Synth 8-3331] design xbip_pipe_v3_0_4_viv has unconnected port SCLR
WARNING: [Synth 8-3331] design xbip_pipe_v3_0_4_viv has unconnected port SSET
WARNING: [Synth 8-3331] design xbip_pipe_v3_0_4_viv has unconnected port SINIT
WARNING: [Synth 8-3331] design floating_point_v7_1_5_viv has unconnected port m_axis_result_tuser[0]
WARNING: [Synth 8-3331] design floating_point_v7_1_5_viv has unconnected port m_axis_result_tlast
WARNING: [Synth 8-3331] design floating_point_v7_1_5_viv has unconnected port aclken
WARNING: [Synth 8-3331] design floating_point_v7_1_5_viv has unconnected port aresetn
WARNING: [Synth 8-3331] design floating_point_v7_1_5_viv has unconnected port s_axis_b_tuser[0]
WARNING: [Synth 8-3331] design floating_point_v7_1_5_viv has unconnected port s_axis_b_tlast
WARNING: [Synth 8-3331] design floating_point_v7_1_5_viv has unconnected port s_axis_c_tvalid
WARNING: [Synth 8-3331] design floating_point_v7_1_5_viv has unconnected port s_axis_c_tdata[31]
WARNING: [Synth 8-3331] design floating_point_v7_1_5_viv has unconnected port s_axis_c_tdata[30]
WARNING: [Synth 8-3331] design floating_point_v7_1_5_viv has unconnected port s_axis_c_tdata[29]
WARNING: [Synth 8-3331] design floating_point_v7_1_5_viv has unconnected port s_axis_c_tdata[28]
WARNING: [Synth 8-3331] design floating_point_v7_1_5_viv has unconnected port s_axis_c_tdata[27]
WARNING: [Synth 8-3331] design floating_point_v7_1_5_viv has unconnected port s_axis_c_tdata[26]
WARNING: [Synth 8-3331] design floating_point_v7_1_5_viv has unconnected port s_axis_c_tdata[25]
WARNING: [Synth 8-3331] design floating_point_v7_1_5_viv has unconnected port s_axis_c_tdata[24]
WARNING: [Synth 8-3331] design floating_point_v7_1_5_viv has unconnected port s_axis_c_tdata[23]
WARNING: [Synth 8-3331] design floating_point_v7_1_5_viv has unconnected port s_axis_c_tdata[22]
WARNING: [Synth 8-3331] design floating_point_v7_1_5_viv has unconnected port s_axis_c_tdata[21]
WARNING: [Synth 8-3331] design floating_point_v7_1_5_viv has unconnected port s_axis_c_tdata[20]
WARNING: [Synth 8-3331] design floating_point_v7_1_5_viv has unconnected port s_axis_c_tdata[19]
WARNING: [Synth 8-3331] design floating_point_v7_1_5_viv has unconnected port s_axis_c_tdata[18]
WARNING: [Synth 8-3331] design floating_point_v7_1_5_viv has unconnected port s_axis_c_tdata[17]
WARNING: [Synth 8-3331] design floating_point_v7_1_5_viv has unconnected port s_axis_c_tdata[16]
WARNING: [Synth 8-3331] design floating_point_v7_1_5_viv has unconnected port s_axis_c_tdata[15]
WARNING: [Synth 8-3331] design floating_point_v7_1_5_viv has unconnected port s_axis_c_tdata[14]
WARNING: [Synth 8-3331] design floating_point_v7_1_5_viv has unconnected port s_axis_c_tdata[13]
INFO: [Common 17-14] Message 'Synth 8-3331' appears 100 times and further instances of the messages will be disabled. Use the Tcl command set_msg_config to change the current settings.
---------------------------------------------------------------------------------
Finished RTL Elaboration : Time (s): cpu = 00:00:33 ; elapsed = 00:00:37 . Memory (MB): peak = 446.109 ; gain = 191.855
---------------------------------------------------------------------------------

Report Check Netlist: 
+------+------------------+-------+---------+-------+------------------+
|      |Item              |Errors |Warnings |Status |Description       |
+------+------------------+-------+---------+-------+------------------+
|1     |multi_driven_nets |      0|        0|Passed |Multi driven nets |
+------+------------------+-------+---------+-------+------------------+
---------------------------------------------------------------------------------
Finished RTL Optimization Phase 1 : Time (s): cpu = 00:00:33 ; elapsed = 00:00:39 . Memory (MB): peak = 446.109 ; gain = 191.855
---------------------------------------------------------------------------------
INFO: [Netlist 29-17] Analyzing 47 Unisim elements for replacement
INFO: [Netlist 29-28] Unisim Transformation completed in 1 CPU seconds
INFO: [Device 21-403] Loading part xc7a100tcsg324-1
INFO: [Project 1-570] Preparing netlist for logic optimization

Processing XDC Constraints
Initializing timing engine
Parsing XDC File [e:/bildiri ve makaleler/kitap/fpga/uygulamalar/prj_bolum11_uyg5/prj_bolum11_uyg5.srcs/sources_1/ip/Floating_BUYUK/Floating_BUYUK_ooc.xdc] for cell 'U0'
Finished Parsing XDC File [e:/bildiri ve makaleler/kitap/fpga/uygulamalar/prj_bolum11_uyg5/prj_bolum11_uyg5.srcs/sources_1/ip/Floating_BUYUK/Floating_BUYUK_ooc.xdc] for cell 'U0'
Parsing XDC File [E:/bildiri ve makaleler/kitap/fpga/uygulamalar/prj_bolum11_uyg5/prj_bolum11_uyg5.runs/Floating_BUYUK_synth_1/dont_touch.xdc]
Finished Parsing XDC File [E:/bildiri ve makaleler/kitap/fpga/uygulamalar/prj_bolum11_uyg5/prj_bolum11_uyg5.runs/Floating_BUYUK_synth_1/dont_touch.xdc]
Completed Processing XDC Constraints

INFO: [Project 1-111] Unisim Transformation Summary:
  A total of 5 instances were transformed.
  FDE => FDRE: 5 instances

Constraint Validation Runtime : Time (s): cpu = 00:00:00 ; elapsed = 00:00:00.129 . Memory (MB): peak = 755.801 ; gain = 0.000
---------------------------------------------------------------------------------
Finished Constraint Validation : Time (s): cpu = 00:01:18 ; elapsed = 00:01:39 . Memory (MB): peak = 755.801 ; gain = 501.547
---------------------------------------------------------------------------------
---------------------------------------------------------------------------------
Start Loading Part and Timing Information
---------------------------------------------------------------------------------
Loading part: xc7a100tcsg324-1
---------------------------------------------------------------------------------
Finished Loading Part and Timing Information : Time (s): cpu = 00:01:18 ; elapsed = 00:01:39 . Memory (MB): peak = 755.801 ; gain = 501.547
---------------------------------------------------------------------------------
---------------------------------------------------------------------------------
Start Applying 'set_property' XDC Constraints
---------------------------------------------------------------------------------
Applied set_property DONT_TOUCH = true for U0. (constraint file  {E:/bildiri ve makaleler/kitap/fpga/uygulamalar/prj_bolum11_uyg5/prj_bolum11_uyg5.runs/Floating_BUYUK_synth_1/dont_touch.xdc}, line 9).
---------------------------------------------------------------------------------
Finished applying 'set_property' XDC Constraints : Time (s): cpu = 00:01:18 ; elapsed = 00:01:39 . Memory (MB): peak = 755.801 ; gain = 501.547
---------------------------------------------------------------------------------
---------------------------------------------------------------------------------
Finished RTL Optimization Phase 2 : Time (s): cpu = 00:01:20 ; elapsed = 00:01:41 . Memory (MB): peak = 755.801 ; gain = 501.547
---------------------------------------------------------------------------------
INFO: [Synth 8-223] decloning instance 'U0/i_synth/DELAY_DIVIDE_BY_ZERO' (delay__parameterized9) to 'U0/i_synth/DELAY_OVERFLOW'
INFO: [Synth 8-223] decloning instance 'U0/i_synth/DELAY_DIVIDE_BY_ZERO' (delay__parameterized9) to 'U0/i_synth/DELAY_UNDERFLOW'
INFO: [Synth 8-223] decloning instance 'U0/i_synth/DELAY_DIVIDE_BY_ZERO' (delay__parameterized9) to 'U0/i_synth/DELAY_ACCUM_OVERFLOW'
INFO: [Synth 8-223] decloning instance 'U0/i_synth/DELAY_DIVIDE_BY_ZERO' (delay__parameterized9) to 'U0/i_synth/DELAY_ACCUM_INPUT_OVERFLOW'

Report RTL Partitions: 
+-+--------------+------------+----------+
| |RTL Partition |Replication |Instances |
+-+--------------+------------+----------+
+-+--------------+------------+----------+
---------------------------------------------------------------------------------
Start RTL Component Statistics 
---------------------------------------------------------------------------------
---------------------------------------------------------------------------------
Finished RTL Component Statistics 
---------------------------------------------------------------------------------
---------------------------------------------------------------------------------
Start RTL Hierarchical Component Statistics 
---------------------------------------------------------------------------------
---------------------------------------------------------------------------------
Finished RTL Hierarchical Component Statistics
---------------------------------------------------------------------------------
---------------------------------------------------------------------------------
Start Part Resource Summary
---------------------------------------------------------------------------------
Part Resources:
DSPs: 240 (col length:80)
BRAMs: 270 (col length: RAMB18 80 RAMB36 40)
---------------------------------------------------------------------------------
Finished Part Resource Summary
---------------------------------------------------------------------------------
---------------------------------------------------------------------------------
Start Cross Boundary and Area Optimization
---------------------------------------------------------------------------------
INFO: [Synth 8-3886] merging instance 'U0/i_synth/COMP_OP.SPD.OP/CMP_COND_DELAY/i_pipe/opt_has_pipe.first_q_reg[0]' (FDE) to 'U0/i_synth/COMP_OP.SPD.OP/CMP_COND_DELAY/i_pipe/opt_has_pipe.first_q_reg[1]'
INFO: [Synth 8-3333] propagating constant 0 across sequential element (U0/i_synth/\COMP_OP.SPD.OP/CMP_COND_DELAY/i_pipe/opt_has_pipe.first_q_reg[1] )
INFO: [Synth 8-3332] Sequential element (COMP_OP.SPD.OP/CMP_COND_DELAY/i_pipe/opt_has_pipe.first_q_reg[1]) is unused and will be removed from module floating_point_v7_1_5_viv.
---------------------------------------------------------------------------------
Finished Cross Boundary and Area Optimization : Time (s): cpu = 00:01:23 ; elapsed = 00:01:44 . Memory (MB): peak = 755.801 ; gain = 501.547
---------------------------------------------------------------------------------

Report RTL Partitions: 
+-+--------------+------------+----------+
| |RTL Partition |Replication |Instances |
+-+--------------+------------+----------+
+-+--------------+------------+----------+
---------------------------------------------------------------------------------
Start Applying XDC Timing Constraints
---------------------------------------------------------------------------------
---------------------------------------------------------------------------------
Finished Applying XDC Timing Constraints : Time (s): cpu = 00:01:47 ; elapsed = 00:02:10 . Memory (MB): peak = 755.801 ; gain = 501.547
---------------------------------------------------------------------------------
---------------------------------------------------------------------------------
Start Timing Optimization
---------------------------------------------------------------------------------
---------------------------------------------------------------------------------
Finished Timing Optimization : Time (s): cpu = 00:01:47 ; elapsed = 00:02:11 . Memory (MB): peak = 763.348 ; gain = 509.094
---------------------------------------------------------------------------------

Report RTL Partitions: 
+-+--------------+------------+----------+
| |RTL Partition |Replication |Instances |
+-+--------------+------------+----------+
+-+--------------+------------+----------+
---------------------------------------------------------------------------------
Start Technology Mapping
---------------------------------------------------------------------------------
---------------------------------------------------------------------------------
Finished Technology Mapping : Time (s): cpu = 00:01:47 ; elapsed = 00:02:11 . Memory (MB): peak = 773.664 ; gain = 519.410
---------------------------------------------------------------------------------

Report RTL Partitions: 
+-+--------------+------------+----------+
| |RTL Partition |Replication |Instances |
+-+--------------+------------+----------+
+-+--------------+------------+----------+
---------------------------------------------------------------------------------
Start IO Insertion
---------------------------------------------------------------------------------
---------------------------------------------------------------------------------
Start Flattening Before IO Insertion
---------------------------------------------------------------------------------
---------------------------------------------------------------------------------
Finished Flattening Before IO Insertion
---------------------------------------------------------------------------------
---------------------------------------------------------------------------------
Start Final Netlist Cleanup
---------------------------------------------------------------------------------
---------------------------------------------------------------------------------
Finished Final Netlist Cleanup
---------------------------------------------------------------------------------
---------------------------------------------------------------------------------
Finished IO Insertion : Time (s): cpu = 00:01:49 ; elapsed = 00:02:12 . Memory (MB): peak = 773.664 ; gain = 519.410
---------------------------------------------------------------------------------

Report Check Netlist: 
+------+------------------+-------+---------+-------+------------------+
|      |Item              |Errors |Warnings |Status |Description       |
+------+------------------+-------+---------+-------+------------------+
|1     |multi_driven_nets |      0|        0|Passed |Multi driven nets |
+------+------------------+-------+---------+-------+------------------+
---------------------------------------------------------------------------------
Start Renaming Generated Instances
---------------------------------------------------------------------------------
---------------------------------------------------------------------------------
Finished Renaming Generated Instances : Time (s): cpu = 00:01:49 ; elapsed = 00:02:12 . Memory (MB): peak = 773.664 ; gain = 519.410
---------------------------------------------------------------------------------

Report RTL Partitions: 
+-+--------------+------------+----------+
| |RTL Partition |Replication |Instances |
+-+--------------+------------+----------+
+-+--------------+------------+----------+
---------------------------------------------------------------------------------
Start Rebuilding User Hierarchy
---------------------------------------------------------------------------------
---------------------------------------------------------------------------------
Finished Rebuilding User Hierarchy : Time (s): cpu = 00:01:49 ; elapsed = 00:02:12 . Memory (MB): peak = 773.664 ; gain = 519.410
---------------------------------------------------------------------------------
---------------------------------------------------------------------------------
Start Renaming Generated Ports
---------------------------------------------------------------------------------
---------------------------------------------------------------------------------
Finished Renaming Generated Ports : Time (s): cpu = 00:01:49 ; elapsed = 00:02:12 . Memory (MB): peak = 773.664 ; gain = 519.410
---------------------------------------------------------------------------------
---------------------------------------------------------------------------------
Start Handling Custom Attributes
---------------------------------------------------------------------------------
---------------------------------------------------------------------------------
Finished Handling Custom Attributes : Time (s): cpu = 00:01:49 ; elapsed = 00:02:12 . Memory (MB): peak = 773.664 ; gain = 519.410
---------------------------------------------------------------------------------
---------------------------------------------------------------------------------
Start Renaming Generated Nets
---------------------------------------------------------------------------------
---------------------------------------------------------------------------------
Finished Renaming Generated Nets : Time (s): cpu = 00:01:49 ; elapsed = 00:02:12 . Memory (MB): peak = 773.664 ; gain = 519.410
---------------------------------------------------------------------------------
---------------------------------------------------------------------------------
Start Writing Synthesis Report
---------------------------------------------------------------------------------

Report BlackBoxes: 
+-+--------------+----------+
| |BlackBox name |Instances |
+-+--------------+----------+
+-+--------------+----------+

Report Cell Usage: 
+------+------+------+
|      |Cell  |Count |
+------+------+------+
|1     |LUT2  |     6|
|2     |LUT3  |    66|
|3     |LUT4  |    36|
|4     |LUT5  |     4|
|5     |LUT6  |    27|
|6     |MUXCY |    42|
|7     |FDE   |     5|
|8     |FDRE  |   140|
+------+------+------+
---------------------------------------------------------------------------------
Finished Writing Synthesis Report : Time (s): cpu = 00:01:49 ; elapsed = 00:02:12 . Memory (MB): peak = 773.664 ; gain = 519.410
---------------------------------------------------------------------------------
Synthesis finished with 0 errors, 0 critical warnings and 52 warnings.
Synthesis Optimization Runtime : Time (s): cpu = 00:00:53 ; elapsed = 00:01:37 . Memory (MB): peak = 773.664 ; gain = 209.719
Synthesis Optimization Complete : Time (s): cpu = 00:01:49 ; elapsed = 00:02:13 . Memory (MB): peak = 773.664 ; gain = 519.410
INFO: [Project 1-571] Translating synthesized netlist
INFO: [Netlist 29-17] Analyzing 47 Unisim elements for replacement
INFO: [Netlist 29-28] Unisim Transformation completed in 0 CPU seconds
INFO: [Project 1-570] Preparing netlist for logic optimization
INFO: [Opt 31-138] Pushed 0 inverter(s) to 0 load pin(s).
INFO: [Project 1-111] Unisim Transformation Summary:
  A total of 17 instances were transformed.
  (MUXCY,XORCY) => CARRY4: 12 instances
  FDE => FDRE: 5 instances

INFO: [Common 17-83] Releasing license: Synthesis
24 Infos, 100 Warnings, 0 Critical Warnings and 0 Errors encountered.
synth_design completed successfully
synth_design: Time (s): cpu = 00:01:54 ; elapsed = 00:02:20 . Memory (MB): peak = 774.285 ; gain = 531.684
INFO: [Common 17-1381] The checkpoint 'E:/bildiri ve makaleler/kitap/fpga/uygulamalar/prj_bolum11_uyg5/prj_bolum11_uyg5.runs/Floating_BUYUK_synth_1/Floating_BUYUK.dcp' has been generated.
INFO: [Coretcl 2-1482] Added synthesis output to IP cache for IP e:/bildiri ve makaleler/kitap/fpga/uygulamalar/prj_bolum11_uyg5/prj_bolum11_uyg5.srcs/sources_1/ip/Floating_BUYUK/Floating_BUYUK.xci
INFO: [Coretcl 2-1174] Renamed 25 cell refs.
INFO: [Common 17-1381] The checkpoint 'E:/bildiri ve makaleler/kitap/fpga/uygulamalar/prj_bolum11_uyg5/prj_bolum11_uyg5.runs/Floating_BUYUK_synth_1/Floating_BUYUK.dcp' has been generated.
INFO: [runtcl-4] Executing : report_utilization -file Floating_BUYUK_utilization_synth.rpt -pb Floating_BUYUK_utilization_synth.pb
report_utilization: Time (s): cpu = 00:00:00 ; elapsed = 00:00:00.249 . Memory (MB): peak = 774.285 ; gain = 0.000
INFO: [Common 17-206] Exiting Vivado at Mon Aug 19 10:49:10 2019...
[Mon Aug 19 10:49:17 2019] Floating_BUYUK_synth_1 finished
wait_on_run: Time (s): cpu = 00:00:09 ; elapsed = 00:03:24 . Memory (MB): peak = 765.555 ; gain = 0.000
launch_simulation
INFO: [Vivado 12-5698] Checking validity of IPs in the design for the 'XSim' simulator...
INFO: [Vivado 12-5682] Launching behavioral simulation in 'E:/bildiri ve makaleler/kitap/fpga/uygulamalar/prj_bolum11_uyg5/prj_bolum11_uyg5.sim/sim_1/behav/xsim'
INFO: [Vivado 12-4795] Using compiled simulation libraries for IPs
INFO: [SIM-utils-51] Simulation object is 'sim_1'
INFO: [USF-XSim-7] Finding pre-compiled libraries...
INFO: [USF-XSim-11] File 'C:/Xilinx/Vivado/2017.4/data/xsim/ip/xsim_ip.ini' copied to run dir:'E:/bildiri ve makaleler/kitap/fpga/uygulamalar/prj_bolum11_uyg5/prj_bolum11_uyg5.sim/sim_1/behav/xsim'
INFO: [SIM-utils-54] Inspecting design source files for 'uyg115' in fileset 'sim_1'...
INFO: [USF-XSim-97] Finding global include files...
INFO: [USF-XSim-98] Fetching design files from 'sim_1'...
INFO: [USF-XSim-2] XSim::Compile design
INFO: [USF-XSim-61] Executing 'COMPILE and ANALYZE' step in 'E:/bildiri ve makaleler/kitap/fpga/uygulamalar/prj_bolum11_uyg5/prj_bolum11_uyg5.sim/sim_1/behav/xsim'
"xvlog --incr --relax -prj uyg115_vlog.prj"
INFO: [VRFC 10-2263] Analyzing Verilog file "E:/bildiri ve makaleler/kitap/fpga/uygulamalar/prj_bolum11_uyg5/prj_bolum11_uyg5.srcs/sources_1/ip/Floating_BUYUK/Floating_BUYUK_sim_netlist.v" into library xil_defaultlib
INFO: [VRFC 10-311] analyzing module Floating_BUYUK
INFO: [VRFC 10-311] analyzing module Floating_BUYUK_floating_point_v7_1_5
INFO: [VRFC 10-311] analyzing module Floating_BUYUK_axi_slave_2to1
INFO: [VRFC 10-311] analyzing module Floating_BUYUK_carry_chain
INFO: [VRFC 10-311] analyzing module Floating_BUYUK_carry_chain__parameterized0
INFO: [VRFC 10-311] analyzing module Floating_BUYUK_carry_chain__parameterized0_2
INFO: [VRFC 10-311] analyzing module Floating_BUYUK_carry_chain__parameterized1
INFO: [VRFC 10-311] analyzing module Floating_BUYUK_carry_chain__parameterized1_3
INFO: [VRFC 10-311] analyzing module Floating_BUYUK_carry_chain__parameterized2
INFO: [VRFC 10-311] analyzing module Floating_BUYUK_carry_chain__parameterized3
INFO: [VRFC 10-311] analyzing module Floating_BUYUK_compare_eq
INFO: [VRFC 10-311] analyzing module Floating_BUYUK_compare_eq_im
INFO: [VRFC 10-311] analyzing module Floating_BUYUK_compare_eq_im__parameterized0
INFO: [VRFC 10-311] analyzing module Floating_BUYUK_compare_eq_im__parameterized0_0
INFO: [VRFC 10-311] analyzing module Floating_BUYUK_compare_gt
INFO: [VRFC 10-311] analyzing module Floating_BUYUK_compare_ne_im
INFO: [VRFC 10-311] analyzing module Floating_BUYUK_compare_ne_im_1
INFO: [VRFC 10-311] analyzing module Floating_BUYUK_delay__parameterized5
INFO: [VRFC 10-311] analyzing module Floating_BUYUK_delay__parameterized6
INFO: [VRFC 10-311] analyzing module Floating_BUYUK_delay__parameterized7
INFO: [VRFC 10-311] analyzing module Floating_BUYUK_floating_point_v7_1_5_viv
INFO: [VRFC 10-311] analyzing module Floating_BUYUK_fp_cmp
INFO: [VRFC 10-311] analyzing module Floating_BUYUK_xbip_pipe_v3_0_4_viv
INFO: [VRFC 10-311] analyzing module Floating_BUYUK_xbip_pipe_v3_0_4_viv__parameterized13
INFO: [VRFC 10-311] analyzing module Floating_BUYUK_xbip_pipe_v3_0_4_viv__parameterized15
INFO: [VRFC 10-311] analyzing module Floating_BUYUK_xbip_pipe_v3_0_4_viv__parameterized15_4
INFO: [VRFC 10-311] analyzing module glbl
INFO: [VRFC 10-2263] Analyzing Verilog file "E:/bildiri ve makaleler/kitap/fpga/uygulamalar/prj_bolum11_uyg5/prj_bolum11_uyg5.sim/sim_1/behav/xsim/glbl.v" into library xil_defaultlib
INFO: [VRFC 10-311] analyzing module glbl
WARNING: [VRFC 10-2421] module glbl is previously defined, ignoring this definition [E:/bildiri ve makaleler/kitap/fpga/uygulamalar/prj_bolum11_uyg5/prj_bolum11_uyg5.sim/sim_1/behav/xsim/glbl.v:6]
"xvhdl --incr --relax -prj uyg115_vhdl.prj"
INFO: [VRFC 10-163] Analyzing VHDL file "E:/bildiri ve makaleler/kitap/fpga/uygulamalar/prj_bolum11_uyg5/prj_bolum11_uyg5.srcs/sources_1/imports/new/RandomSayi.vhd" into library xil_defaultlib
INFO: [VRFC 10-307] analyzing entity RandomSayi
INFO: [VRFC 10-163] Analyzing VHDL file "E:/bildiri ve makaleler/kitap/fpga/uygulamalar/prj_bolum11_uyg5/prj_bolum11_uyg5.srcs/sources_1/imports/new/blokRAM.vhd" into library xil_defaultlib
INFO: [VRFC 10-307] analyzing entity blokRAM
ERROR: [VRFC 10-91] islem is not declared [E:/bildiri ve makaleler/kitap/fpga/uygulamalar/prj_bolum11_uyg5/prj_bolum11_uyg5.srcs/sources_1/imports/new/blokRAM.vhd:34]
ERROR: [VRFC 10-2123] 0 definitions of operator "and" match here [E:/bildiri ve makaleler/kitap/fpga/uygulamalar/prj_bolum11_uyg5/prj_bolum11_uyg5.srcs/sources_1/imports/new/blokRAM.vhd:34]
ERROR: [VRFC 10-1504] unit behavioral ignored due to previous errors [E:/bildiri ve makaleler/kitap/fpga/uygulamalar/prj_bolum11_uyg5/prj_bolum11_uyg5.srcs/sources_1/imports/new/blokRAM.vhd:26]
INFO: [VRFC 10-240] VHDL file E:/bildiri ve makaleler/kitap/fpga/uygulamalar/prj_bolum11_uyg5/prj_bolum11_uyg5.srcs/sources_1/imports/new/blokRAM.vhd ignored due to errors
run_program: Time (s): cpu = 00:00:05 ; elapsed = 00:00:16 . Memory (MB): peak = 765.555 ; gain = 0.000
INFO: [USF-XSim-69] 'compile' step finished in '16' seconds
INFO: [USF-XSim-99] Step results log file:'E:/bildiri ve makaleler/kitap/fpga/uygulamalar/prj_bolum11_uyg5/prj_bolum11_uyg5.sim/sim_1/behav/xsim/xvhdl.log'
ERROR: [USF-XSim-62] 'compile' step failed with error(s). Please check the Tcl console output or 'E:/bildiri ve makaleler/kitap/fpga/uygulamalar/prj_bolum11_uyg5/prj_bolum11_uyg5.sim/sim_1/behav/xsim/xvhdl.log' file for more information.
ERROR: [Vivado 12-4473] Detected error while running simulation. Please correct the issue and retry this operation.
launch_simulation: Time (s): cpu = 00:00:06 ; elapsed = 00:00:19 . Memory (MB): peak = 765.555 ; gain = 0.000
ERROR: [Common 17-39] 'launch_simulation' failed due to earlier errors.
launch_simulation
INFO: [Vivado 12-5698] Checking validity of IPs in the design for the 'XSim' simulator...
INFO: [Vivado 12-5682] Launching behavioral simulation in 'E:/bildiri ve makaleler/kitap/fpga/uygulamalar/prj_bolum11_uyg5/prj_bolum11_uyg5.sim/sim_1/behav/xsim'
INFO: [Vivado 12-4795] Using compiled simulation libraries for IPs
INFO: [SIM-utils-51] Simulation object is 'sim_1'
INFO: [USF-XSim-7] Finding pre-compiled libraries...
INFO: [USF-XSim-11] File 'C:/Xilinx/Vivado/2017.4/data/xsim/ip/xsim_ip.ini' copied to run dir:'E:/bildiri ve makaleler/kitap/fpga/uygulamalar/prj_bolum11_uyg5/prj_bolum11_uyg5.sim/sim_1/behav/xsim'
INFO: [SIM-utils-54] Inspecting design source files for 'uyg115' in fileset 'sim_1'...
INFO: [USF-XSim-97] Finding global include files...
INFO: [USF-XSim-98] Fetching design files from 'sim_1'...
INFO: [USF-XSim-2] XSim::Compile design
INFO: [USF-XSim-61] Executing 'COMPILE and ANALYZE' step in 'E:/bildiri ve makaleler/kitap/fpga/uygulamalar/prj_bolum11_uyg5/prj_bolum11_uyg5.sim/sim_1/behav/xsim'
"xvlog --incr --relax -prj uyg115_vlog.prj"
"xvhdl --incr --relax -prj uyg115_vhdl.prj"
INFO: [VRFC 10-163] Analyzing VHDL file "E:/bildiri ve makaleler/kitap/fpga/uygulamalar/prj_bolum11_uyg5/prj_bolum11_uyg5.srcs/sources_1/imports/new/RandomSayi.vhd" into library xil_defaultlib
INFO: [VRFC 10-307] analyzing entity RandomSayi
INFO: [VRFC 10-163] Analyzing VHDL file "E:/bildiri ve makaleler/kitap/fpga/uygulamalar/prj_bolum11_uyg5/prj_bolum11_uyg5.srcs/sources_1/imports/new/blokRAM.vhd" into library xil_defaultlib
INFO: [VRFC 10-307] analyzing entity blokRAM
INFO: [VRFC 10-163] Analyzing VHDL file "E:/bildiri ve makaleler/kitap/fpga/uygulamalar/prj_bolum11_uyg5/prj_bolum11_uyg5.srcs/sources_1/new/uyg115.vhd" into library xil_defaultlib
INFO: [VRFC 10-307] analyzing entity uyg115
run_program: Time (s): cpu = 00:00:01 ; elapsed = 00:00:11 . Memory (MB): peak = 786.148 ; gain = 0.000
INFO: [USF-XSim-69] 'compile' step finished in '11' seconds
INFO: [USF-XSim-3] XSim::Elaborate design
INFO: [USF-XSim-61] Executing 'ELABORATE' step in 'E:/bildiri ve makaleler/kitap/fpga/uygulamalar/prj_bolum11_uyg5/prj_bolum11_uyg5.sim/sim_1/behav/xsim'
Vivado Simulator 2017.4
Copyright 1986-1999, 2001-2016 Xilinx, Inc. All Rights Reserved.
Running: C:/Xilinx/Vivado/2017.4/bin/unwrapped/win64.o/xelab.exe -wto 926208ed61ad4ea6a757ec39f3991646 --incr --debug typical --relax --mt 2 -L xil_defaultlib -L unisims_ver -L unimacro_ver -L secureip -L xpm --snapshot uyg115_behav xil_defaultlib.uyg115 xil_defaultlib.glbl -log elaborate.log 
Using 2 slave threads.
Starting static elaboration
ERROR: [VRFC 10-664] expression has 32 elements ; expected 16 [E:/bildiri ve makaleler/kitap/fpga/uygulamalar/prj_bolum11_uyg5/prj_bolum11_uyg5.srcs/sources_1/new/uyg115.vhd:65]
ERROR: [XSIM 43-3322] Static elaboration of top level Verilog design unit(s) in library work failed.
run_program: Time (s): cpu = 00:00:00 ; elapsed = 00:00:05 . Memory (MB): peak = 786.148 ; gain = 0.000
INFO: [USF-XSim-69] 'elaborate' step finished in '6' seconds
INFO: [USF-XSim-99] Step results log file:'E:/bildiri ve makaleler/kitap/fpga/uygulamalar/prj_bolum11_uyg5/prj_bolum11_uyg5.sim/sim_1/behav/xsim/elaborate.log'
ERROR: [USF-XSim-62] 'elaborate' step failed with error(s). Please check the Tcl console output or 'E:/bildiri ve makaleler/kitap/fpga/uygulamalar/prj_bolum11_uyg5/prj_bolum11_uyg5.sim/sim_1/behav/xsim/elaborate.log' file for more information.
ERROR: [Vivado 12-4473] Detected error while running simulation. Please correct the issue and retry this operation.
launch_simulation: Time (s): cpu = 00:00:02 ; elapsed = 00:00:20 . Memory (MB): peak = 786.148 ; gain = 0.000
ERROR: [Common 17-39] 'launch_simulation' failed due to earlier errors.
launch_simulation
INFO: [Vivado 12-5698] Checking validity of IPs in the design for the 'XSim' simulator...
INFO: [Vivado 12-5682] Launching behavioral simulation in 'E:/bildiri ve makaleler/kitap/fpga/uygulamalar/prj_bolum11_uyg5/prj_bolum11_uyg5.sim/sim_1/behav/xsim'
INFO: [Vivado 12-4795] Using compiled simulation libraries for IPs
INFO: [SIM-utils-51] Simulation object is 'sim_1'
INFO: [USF-XSim-7] Finding pre-compiled libraries...
INFO: [USF-XSim-11] File 'C:/Xilinx/Vivado/2017.4/data/xsim/ip/xsim_ip.ini' copied to run dir:'E:/bildiri ve makaleler/kitap/fpga/uygulamalar/prj_bolum11_uyg5/prj_bolum11_uyg5.sim/sim_1/behav/xsim'
INFO: [SIM-utils-54] Inspecting design source files for 'uyg115' in fileset 'sim_1'...
INFO: [USF-XSim-97] Finding global include files...
INFO: [USF-XSim-98] Fetching design files from 'sim_1'...
INFO: [USF-XSim-2] XSim::Compile design
INFO: [USF-XSim-61] Executing 'COMPILE and ANALYZE' step in 'E:/bildiri ve makaleler/kitap/fpga/uygulamalar/prj_bolum11_uyg5/prj_bolum11_uyg5.sim/sim_1/behav/xsim'
"xvlog --incr --relax -prj uyg115_vlog.prj"
"xvhdl --incr --relax -prj uyg115_vhdl.prj"
INFO: [VRFC 10-163] Analyzing VHDL file "E:/bildiri ve makaleler/kitap/fpga/uygulamalar/prj_bolum11_uyg5/prj_bolum11_uyg5.srcs/sources_1/new/uyg115.vhd" into library xil_defaultlib
INFO: [VRFC 10-307] analyzing entity uyg115
run_program: Time (s): cpu = 00:00:00 ; elapsed = 00:00:08 . Memory (MB): peak = 788.973 ; gain = 0.000
INFO: [USF-XSim-69] 'compile' step finished in '8' seconds
INFO: [USF-XSim-3] XSim::Elaborate design
INFO: [USF-XSim-61] Executing 'ELABORATE' step in 'E:/bildiri ve makaleler/kitap/fpga/uygulamalar/prj_bolum11_uyg5/prj_bolum11_uyg5.sim/sim_1/behav/xsim'
Vivado Simulator 2017.4
Copyright 1986-1999, 2001-2016 Xilinx, Inc. All Rights Reserved.
Running: C:/Xilinx/Vivado/2017.4/bin/unwrapped/win64.o/xelab.exe -wto 926208ed61ad4ea6a757ec39f3991646 --incr --debug typical --relax --mt 2 -L xil_defaultlib -L unisims_ver -L unimacro_ver -L secureip -L xpm --snapshot uyg115_behav xil_defaultlib.uyg115 xil_defaultlib.glbl -log elaborate.log 
Using 2 slave threads.
Starting static elaboration
ERROR: [VRFC 10-664] expression has 8 elements ; expected 32 [E:/bildiri ve makaleler/kitap/fpga/uygulamalar/prj_bolum11_uyg5/prj_bolum11_uyg5.srcs/sources_1/imports/new/blokRAM.vhd:39]
ERROR: [XSIM 43-3322] Static elaboration of top level Verilog design unit(s) in library work failed.
run_program: Time (s): cpu = 00:00:00 ; elapsed = 00:00:06 . Memory (MB): peak = 788.973 ; gain = 0.000
INFO: [USF-XSim-69] 'elaborate' step finished in '6' seconds
INFO: [USF-XSim-99] Step results log file:'E:/bildiri ve makaleler/kitap/fpga/uygulamalar/prj_bolum11_uyg5/prj_bolum11_uyg5.sim/sim_1/behav/xsim/elaborate.log'
ERROR: [USF-XSim-62] 'elaborate' step failed with error(s). Please check the Tcl console output or 'E:/bildiri ve makaleler/kitap/fpga/uygulamalar/prj_bolum11_uyg5/prj_bolum11_uyg5.sim/sim_1/behav/xsim/elaborate.log' file for more information.
ERROR: [Vivado 12-4473] Detected error while running simulation. Please correct the issue and retry this operation.
launch_simulation: Time (s): cpu = 00:00:01 ; elapsed = 00:00:17 . Memory (MB): peak = 788.973 ; gain = 0.000
ERROR: [Common 17-39] 'launch_simulation' failed due to earlier errors.
launch_simulation
INFO: [Vivado 12-5698] Checking validity of IPs in the design for the 'XSim' simulator...
INFO: [Vivado 12-5682] Launching behavioral simulation in 'E:/bildiri ve makaleler/kitap/fpga/uygulamalar/prj_bolum11_uyg5/prj_bolum11_uyg5.sim/sim_1/behav/xsim'
INFO: [Vivado 12-4795] Using compiled simulation libraries for IPs
INFO: [SIM-utils-51] Simulation object is 'sim_1'
INFO: [USF-XSim-7] Finding pre-compiled libraries...
INFO: [USF-XSim-11] File 'C:/Xilinx/Vivado/2017.4/data/xsim/ip/xsim_ip.ini' copied to run dir:'E:/bildiri ve makaleler/kitap/fpga/uygulamalar/prj_bolum11_uyg5/prj_bolum11_uyg5.sim/sim_1/behav/xsim'
INFO: [SIM-utils-54] Inspecting design source files for 'uyg115' in fileset 'sim_1'...
INFO: [USF-XSim-97] Finding global include files...
INFO: [USF-XSim-98] Fetching design files from 'sim_1'...
INFO: [USF-XSim-2] XSim::Compile design
INFO: [USF-XSim-61] Executing 'COMPILE and ANALYZE' step in 'E:/bildiri ve makaleler/kitap/fpga/uygulamalar/prj_bolum11_uyg5/prj_bolum11_uyg5.sim/sim_1/behav/xsim'
"xvlog --incr --relax -prj uyg115_vlog.prj"
"xvhdl --incr --relax -prj uyg115_vhdl.prj"
INFO: [VRFC 10-163] Analyzing VHDL file "E:/bildiri ve makaleler/kitap/fpga/uygulamalar/prj_bolum11_uyg5/prj_bolum11_uyg5.srcs/sources_1/imports/new/blokRAM.vhd" into library xil_defaultlib
INFO: [VRFC 10-307] analyzing entity blokRAM
run_program: Time (s): cpu = 00:00:01 ; elapsed = 00:00:10 . Memory (MB): peak = 788.973 ; gain = 0.000
INFO: [USF-XSim-69] 'compile' step finished in '10' seconds
INFO: [USF-XSim-3] XSim::Elaborate design
INFO: [USF-XSim-61] Executing 'ELABORATE' step in 'E:/bildiri ve makaleler/kitap/fpga/uygulamalar/prj_bolum11_uyg5/prj_bolum11_uyg5.sim/sim_1/behav/xsim'
Vivado Simulator 2017.4
Copyright 1986-1999, 2001-2016 Xilinx, Inc. All Rights Reserved.
Running: C:/Xilinx/Vivado/2017.4/bin/unwrapped/win64.o/xelab.exe -wto 926208ed61ad4ea6a757ec39f3991646 --incr --debug typical --relax --mt 2 -L xil_defaultlib -L unisims_ver -L unimacro_ver -L secureip -L xpm --snapshot uyg115_behav xil_defaultlib.uyg115 xil_defaultlib.glbl -log elaborate.log 
Using 2 slave threads.
Starting static elaboration
ERROR: [VRFC 10-664] expression has 8 elements ; expected 32 [E:/bildiri ve makaleler/kitap/fpga/uygulamalar/prj_bolum11_uyg5/prj_bolum11_uyg5.srcs/sources_1/imports/new/blokRAM.vhd:39]
ERROR: [XSIM 43-3322] Static elaboration of top level Verilog design unit(s) in library work failed.
run_program: Time (s): cpu = 00:00:00 ; elapsed = 00:00:07 . Memory (MB): peak = 788.973 ; gain = 0.000
INFO: [USF-XSim-69] 'elaborate' step finished in '7' seconds
INFO: [USF-XSim-99] Step results log file:'E:/bildiri ve makaleler/kitap/fpga/uygulamalar/prj_bolum11_uyg5/prj_bolum11_uyg5.sim/sim_1/behav/xsim/elaborate.log'
ERROR: [USF-XSim-62] 'elaborate' step failed with error(s). Please check the Tcl console output or 'E:/bildiri ve makaleler/kitap/fpga/uygulamalar/prj_bolum11_uyg5/prj_bolum11_uyg5.sim/sim_1/behav/xsim/elaborate.log' file for more information.
ERROR: [Vivado 12-4473] Detected error while running simulation. Please correct the issue and retry this operation.
launch_simulation: Time (s): cpu = 00:00:03 ; elapsed = 00:00:19 . Memory (MB): peak = 788.973 ; gain = 0.000
ERROR: [Common 17-39] 'launch_simulation' failed due to earlier errors.
launch_simulation
INFO: [Vivado 12-5698] Checking validity of IPs in the design for the 'XSim' simulator...
INFO: [Vivado 12-5682] Launching behavioral simulation in 'E:/bildiri ve makaleler/kitap/fpga/uygulamalar/prj_bolum11_uyg5/prj_bolum11_uyg5.sim/sim_1/behav/xsim'
INFO: [Vivado 12-4795] Using compiled simulation libraries for IPs
INFO: [SIM-utils-51] Simulation object is 'sim_1'
INFO: [USF-XSim-7] Finding pre-compiled libraries...
INFO: [USF-XSim-11] File 'C:/Xilinx/Vivado/2017.4/data/xsim/ip/xsim_ip.ini' copied to run dir:'E:/bildiri ve makaleler/kitap/fpga/uygulamalar/prj_bolum11_uyg5/prj_bolum11_uyg5.sim/sim_1/behav/xsim'
INFO: [SIM-utils-54] Inspecting design source files for 'uyg115' in fileset 'sim_1'...
INFO: [USF-XSim-97] Finding global include files...
INFO: [USF-XSim-98] Fetching design files from 'sim_1'...
INFO: [USF-XSim-2] XSim::Compile design
INFO: [USF-XSim-61] Executing 'COMPILE and ANALYZE' step in 'E:/bildiri ve makaleler/kitap/fpga/uygulamalar/prj_bolum11_uyg5/prj_bolum11_uyg5.sim/sim_1/behav/xsim'
"xvlog --incr --relax -prj uyg115_vlog.prj"
"xvhdl --incr --relax -prj uyg115_vhdl.prj"
INFO: [VRFC 10-163] Analyzing VHDL file "E:/bildiri ve makaleler/kitap/fpga/uygulamalar/prj_bolum11_uyg5/prj_bolum11_uyg5.srcs/sources_1/imports/new/blokRAM.vhd" into library xil_defaultlib
INFO: [VRFC 10-307] analyzing entity blokRAM
run_program: Time (s): cpu = 00:00:01 ; elapsed = 00:00:11 . Memory (MB): peak = 788.973 ; gain = 0.000
INFO: [USF-XSim-69] 'compile' step finished in '11' seconds
INFO: [USF-XSim-3] XSim::Elaborate design
INFO: [USF-XSim-61] Executing 'ELABORATE' step in 'E:/bildiri ve makaleler/kitap/fpga/uygulamalar/prj_bolum11_uyg5/prj_bolum11_uyg5.sim/sim_1/behav/xsim'
Vivado Simulator 2017.4
Copyright 1986-1999, 2001-2016 Xilinx, Inc. All Rights Reserved.
Running: C:/Xilinx/Vivado/2017.4/bin/unwrapped/win64.o/xelab.exe -wto 926208ed61ad4ea6a757ec39f3991646 --incr --debug typical --relax --mt 2 -L xil_defaultlib -L unisims_ver -L unimacro_ver -L secureip -L xpm --snapshot uyg115_behav xil_defaultlib.uyg115 xil_defaultlib.glbl -log elaborate.log 
Using 2 slave threads.
Starting static elaboration
Completed static elaboration
Starting simulation data flow analysis
Completed simulation data flow analysis
Time Resolution for simulation is 1ps
Compiling package std.standard
Compiling package std.textio
Compiling package ieee.std_logic_1164
Compiling package ieee.std_logic_arith
Compiling package ieee.std_logic_unsigned
Compiling package vl.vl_types
Compiling module xil_defaultlib.glbl
Compiling architecture behavioral of entity xil_defaultlib.RandomSayi [\RandomSayi(n=32)\]
Compiling module unisims_ver.GND
Compiling module unisims_ver.VCC
Compiling module unisims_ver.FDRE_default
Compiling module xil_defaultlib.Floating_BUYUK_xbip_pipe_v3_0_4_...
Compiling module xil_defaultlib.Floating_BUYUK_delay__parameteri...
Compiling module xil_defaultlib.Floating_BUYUK_xbip_pipe_v3_0_4_...
Compiling module xil_defaultlib.Floating_BUYUK_delay__parameteri...
Compiling module xil_defaultlib.Floating_BUYUK_xbip_pipe_v3_0_4_...
Compiling module xil_defaultlib.Floating_BUYUK_delay__parameteri...
Compiling module unisims_ver.CARRY4
Compiling module xil_defaultlib.Floating_BUYUK_carry_chain__para...
Compiling module unisims_ver.LUT6
Compiling module xil_defaultlib.Floating_BUYUK_compare_eq
Compiling module unisims_ver.x_lut2_mux4
Compiling module unisims_ver.LUT2
Compiling module xil_defaultlib.Floating_BUYUK_carry_chain__para...
Compiling module xil_defaultlib.Floating_BUYUK_compare_eq_im__pa...
Compiling module unisims_ver.LUT5
Compiling module xil_defaultlib.Floating_BUYUK_carry_chain__para...
Compiling module xil_defaultlib.Floating_BUYUK_compare_ne_im
Compiling module xil_defaultlib.Floating_BUYUK_carry_chain__para...
Compiling module unisims_ver.LUT4
Compiling module xil_defaultlib.Floating_BUYUK_compare_gt
Compiling module xil_defaultlib.Floating_BUYUK_carry_chain__para...
Compiling module xil_defaultlib.Floating_BUYUK_compare_eq_im__pa...
Compiling module xil_defaultlib.Floating_BUYUK_carry_chain__para...
Compiling module xil_defaultlib.Floating_BUYUK_compare_ne_im_1
Compiling module xil_defaultlib.Floating_BUYUK_carry_chain
Compiling module xil_defaultlib.Floating_BUYUK_compare_eq_im
Compiling module xil_defaultlib.Floating_BUYUK_fp_cmp
Compiling module unisims_ver.x_lut3_mux8
Compiling module unisims_ver.LUT3
Compiling module xil_defaultlib.Floating_BUYUK_xbip_pipe_v3_0_4_...
Compiling module unisims_ver.FDRE(INIT=1'b1)
Compiling module xil_defaultlib.Floating_BUYUK_axi_slave_2to1
Compiling module xil_defaultlib.Floating_BUYUK_floating_point_v7...
Compiling module xil_defaultlib.Floating_BUYUK_floating_point_v7...
Compiling module xil_defaultlib.Floating_BUYUK
Compiling architecture behavioral of entity xil_defaultlib.blokRAM [blokram_default]
Compiling architecture behavioral of entity xil_defaultlib.uyg115
Built simulation snapshot uyg115_behav

****** Webtalk v2017.4 (64-bit)
  **** SW Build 2086221 on Fri Dec 15 20:55:39 MST 2017
  **** IP Build 2085800 on Fri Dec 15 22:25:07 MST 2017
    ** Copyright 1986-2017 Xilinx, Inc. All Rights Reserved.

source E:/bildiri -notrace
couldn't read file "E:/bildiri": permission denied
INFO: [Common 17-206] Exiting Webtalk at Mon Aug 19 11:01:39 2019...
run_program: Time (s): cpu = 00:00:01 ; elapsed = 00:00:22 . Memory (MB): peak = 788.973 ; gain = 0.000
INFO: [USF-XSim-69] 'elaborate' step finished in '23' seconds
INFO: [USF-XSim-4] XSim::Simulate design
INFO: [USF-XSim-61] Executing 'SIMULATE' step in 'E:/bildiri ve makaleler/kitap/fpga/uygulamalar/prj_bolum11_uyg5/prj_bolum11_uyg5.sim/sim_1/behav/xsim'
INFO: [USF-XSim-98] *** Running xsim
   with args "uyg115_behav -key {Behavioral:sim_1:Functional:uyg115} -tclbatch {uyg115.tcl} -log {simulate.log}"
INFO: [USF-XSim-8] Loading simulator feature
Vivado Simulator 2017.4
Time resolution is 1 ps
source uyg115.tcl
# set curr_wave [current_wave_config]
# if { [string length $curr_wave] == 0 } {
#   if { [llength [get_objects]] > 0} {
#     add_wave /
#     set_property needs_save false [current_wave_config]
#   } else {
#      send_msg_id Add_Wave-1 WARNING "No top level signals found. Simulator will start without a wave window. If you want to open a wave window go to 'File->New Waveform Configuration' or type 'create_wave_config' in the TCL console."
#   }
# }
# run 1000ns
xsim: Time (s): cpu = 00:00:11 ; elapsed = 00:00:07 . Memory (MB): peak = 806.270 ; gain = 17.297
INFO: [USF-XSim-96] XSim completed. Design snapshot 'uyg115_behav' loaded.
INFO: [USF-XSim-97] XSim simulation ran for 1000ns
launch_simulation: Time (s): cpu = 00:00:13 ; elapsed = 00:00:44 . Memory (MB): peak = 806.270 ; gain = 17.297
add_force {/uyg115/clk} -radix hex {0 0ns} {1 50000ps} -repeat_every 100000ps
add_force {/uyg115/rst} -radix hex {0 0ns}
run 100 ns
run 100 ns
run 100 ns
run 100 ns
run 100 ns
run 100 ns
run 100 ns
run 100 ns
run 100 ns
run 100 ns
run 100 ns
run 500 ns
run 500 ns
run 500 ns
run 100 ns
run 100 ns
run 100 ns
run 100 ns
run 100 ns
run 100 ns
close_sim
INFO: [Simtcl 6-16] Simulation closed
close_sim: Time (s): cpu = 00:00:02 ; elapsed = 00:00:08 . Memory (MB): peak = 835.164 ; gain = 0.000
launch_simulation
INFO: [Vivado 12-5698] Checking validity of IPs in the design for the 'XSim' simulator...
INFO: [Vivado 12-5682] Launching behavioral simulation in 'E:/bildiri ve makaleler/kitap/fpga/uygulamalar/prj_bolum11_uyg5/prj_bolum11_uyg5.sim/sim_1/behav/xsim'
INFO: [Vivado 12-4795] Using compiled simulation libraries for IPs
INFO: [SIM-utils-51] Simulation object is 'sim_1'
INFO: [USF-XSim-7] Finding pre-compiled libraries...
INFO: [USF-XSim-11] File 'C:/Xilinx/Vivado/2017.4/data/xsim/ip/xsim_ip.ini' copied to run dir:'E:/bildiri ve makaleler/kitap/fpga/uygulamalar/prj_bolum11_uyg5/prj_bolum11_uyg5.sim/sim_1/behav/xsim'
INFO: [SIM-utils-54] Inspecting design source files for 'uyg115' in fileset 'sim_1'...
INFO: [USF-XSim-97] Finding global include files...
INFO: [USF-XSim-98] Fetching design files from 'sim_1'...
INFO: [USF-XSim-2] XSim::Compile design
INFO: [USF-XSim-61] Executing 'COMPILE and ANALYZE' step in 'E:/bildiri ve makaleler/kitap/fpga/uygulamalar/prj_bolum11_uyg5/prj_bolum11_uyg5.sim/sim_1/behav/xsim'
"xvlog --incr --relax -prj uyg115_vlog.prj"
"xvhdl --incr --relax -prj uyg115_vhdl.prj"
INFO: [VRFC 10-163] Analyzing VHDL file "E:/bildiri ve makaleler/kitap/fpga/uygulamalar/prj_bolum11_uyg5/prj_bolum11_uyg5.srcs/sources_1/new/uyg115.vhd" into library xil_defaultlib
INFO: [VRFC 10-307] analyzing entity uyg115
run_program: Time (s): cpu = 00:00:00 ; elapsed = 00:00:10 . Memory (MB): peak = 835.164 ; gain = 0.000
INFO: [USF-XSim-69] 'compile' step finished in '10' seconds
INFO: [USF-XSim-3] XSim::Elaborate design
INFO: [USF-XSim-61] Executing 'ELABORATE' step in 'E:/bildiri ve makaleler/kitap/fpga/uygulamalar/prj_bolum11_uyg5/prj_bolum11_uyg5.sim/sim_1/behav/xsim'
Vivado Simulator 2017.4
Copyright 1986-1999, 2001-2016 Xilinx, Inc. All Rights Reserved.
Running: C:/Xilinx/Vivado/2017.4/bin/unwrapped/win64.o/xelab.exe -wto 926208ed61ad4ea6a757ec39f3991646 --incr --debug typical --relax --mt 2 -L xil_defaultlib -L unisims_ver -L unimacro_ver -L secureip -L xpm --snapshot uyg115_behav xil_defaultlib.uyg115 xil_defaultlib.glbl -log elaborate.log 
Using 2 slave threads.
Starting static elaboration
Completed static elaboration
Starting simulation data flow analysis
Completed simulation data flow analysis
Time Resolution for simulation is 1ps
Compiling package std.standard
Compiling package std.textio
Compiling package ieee.std_logic_1164
Compiling package ieee.std_logic_arith
Compiling package ieee.std_logic_unsigned
Compiling package vl.vl_types
Compiling module xil_defaultlib.glbl
Compiling architecture behavioral of entity xil_defaultlib.RandomSayi [\RandomSayi(n=32)\]
Compiling module unisims_ver.GND
Compiling module unisims_ver.VCC
Compiling module unisims_ver.FDRE_default
Compiling module xil_defaultlib.Floating_BUYUK_xbip_pipe_v3_0_4_...
Compiling module xil_defaultlib.Floating_BUYUK_delay__parameteri...
Compiling module xil_defaultlib.Floating_BUYUK_xbip_pipe_v3_0_4_...
Compiling module xil_defaultlib.Floating_BUYUK_delay__parameteri...
Compiling module xil_defaultlib.Floating_BUYUK_xbip_pipe_v3_0_4_...
Compiling module xil_defaultlib.Floating_BUYUK_delay__parameteri...
Compiling module unisims_ver.CARRY4
Compiling module xil_defaultlib.Floating_BUYUK_carry_chain__para...
Compiling module unisims_ver.LUT6
Compiling module xil_defaultlib.Floating_BUYUK_compare_eq
Compiling module unisims_ver.x_lut2_mux4
Compiling module unisims_ver.LUT2
Compiling module xil_defaultlib.Floating_BUYUK_carry_chain__para...
Compiling module xil_defaultlib.Floating_BUYUK_compare_eq_im__pa...
Compiling module unisims_ver.LUT5
Compiling module xil_defaultlib.Floating_BUYUK_carry_chain__para...
Compiling module xil_defaultlib.Floating_BUYUK_compare_ne_im
Compiling module xil_defaultlib.Floating_BUYUK_carry_chain__para...
Compiling module unisims_ver.LUT4
Compiling module xil_defaultlib.Floating_BUYUK_compare_gt
Compiling module xil_defaultlib.Floating_BUYUK_carry_chain__para...
Compiling module xil_defaultlib.Floating_BUYUK_compare_eq_im__pa...
Compiling module xil_defaultlib.Floating_BUYUK_carry_chain__para...
Compiling module xil_defaultlib.Floating_BUYUK_compare_ne_im_1
Compiling module xil_defaultlib.Floating_BUYUK_carry_chain
Compiling module xil_defaultlib.Floating_BUYUK_compare_eq_im
Compiling module xil_defaultlib.Floating_BUYUK_fp_cmp
Compiling module unisims_ver.x_lut3_mux8
Compiling module unisims_ver.LUT3
Compiling module xil_defaultlib.Floating_BUYUK_xbip_pipe_v3_0_4_...
Compiling module unisims_ver.FDRE(INIT=1'b1)
Compiling module xil_defaultlib.Floating_BUYUK_axi_slave_2to1
Compiling module xil_defaultlib.Floating_BUYUK_floating_point_v7...
Compiling module xil_defaultlib.Floating_BUYUK_floating_point_v7...
Compiling module xil_defaultlib.Floating_BUYUK
Compiling architecture behavioral of entity xil_defaultlib.blokRAM [blokram_default]
Compiling architecture behavioral of entity xil_defaultlib.uyg115
Built simulation snapshot uyg115_behav
run_program: Time (s): cpu = 00:00:01 ; elapsed = 00:00:18 . Memory (MB): peak = 835.164 ; gain = 0.000
INFO: [USF-XSim-69] 'elaborate' step finished in '18' seconds
INFO: [USF-XSim-4] XSim::Simulate design
INFO: [USF-XSim-61] Executing 'SIMULATE' step in 'E:/bildiri ve makaleler/kitap/fpga/uygulamalar/prj_bolum11_uyg5/prj_bolum11_uyg5.sim/sim_1/behav/xsim'
INFO: [USF-XSim-98] *** Running xsim
   with args "uyg115_behav -key {Behavioral:sim_1:Functional:uyg115} -tclbatch {uyg115.tcl} -log {simulate.log}"
INFO: [USF-XSim-8] Loading simulator feature
Vivado Simulator 2017.4
Time resolution is 1 ps
source uyg115.tcl
# set curr_wave [current_wave_config]
# if { [string length $curr_wave] == 0 } {
#   if { [llength [get_objects]] > 0} {
#     add_wave /
#     set_property needs_save false [current_wave_config]
#   } else {
#      send_msg_id Add_Wave-1 WARNING "No top level signals found. Simulator will start without a wave window. If you want to open a wave window go to 'File->New Waveform Configuration' or type 'create_wave_config' in the TCL console."
#   }
# }
# run 1000ns
xsim: Time (s): cpu = 00:00:06 ; elapsed = 00:00:06 . Memory (MB): peak = 835.164 ; gain = 0.000
INFO: [USF-XSim-96] XSim completed. Design snapshot 'uyg115_behav' loaded.
INFO: [USF-XSim-97] XSim simulation ran for 1000ns
launch_simulation: Time (s): cpu = 00:00:10 ; elapsed = 00:00:37 . Memory (MB): peak = 835.164 ; gain = 0.000
add_force {/uyg115/clk} -radix hex {0 0ns} {1 50000ps} -repeat_every 100000ps
run 100 ns
run 100 ns
run 100 ns
run 100 ns
run 100 ns
run 100 ns
run 100 ns
run 100 ns
run 100 ns
run 100 ns
run 100 ns
run 100 ns
run 100 ns
close_sim
INFO: [Simtcl 6-16] Simulation closed
launch_simulation
INFO: [Vivado 12-5698] Checking validity of IPs in the design for the 'XSim' simulator...
INFO: [Vivado 12-5682] Launching behavioral simulation in 'E:/bildiri ve makaleler/kitap/fpga/uygulamalar/prj_bolum11_uyg5/prj_bolum11_uyg5.sim/sim_1/behav/xsim'
INFO: [Vivado 12-4795] Using compiled simulation libraries for IPs
INFO: [SIM-utils-51] Simulation object is 'sim_1'
INFO: [USF-XSim-7] Finding pre-compiled libraries...
INFO: [USF-XSim-11] File 'C:/Xilinx/Vivado/2017.4/data/xsim/ip/xsim_ip.ini' copied to run dir:'E:/bildiri ve makaleler/kitap/fpga/uygulamalar/prj_bolum11_uyg5/prj_bolum11_uyg5.sim/sim_1/behav/xsim'
INFO: [SIM-utils-54] Inspecting design source files for 'uyg115' in fileset 'sim_1'...
INFO: [USF-XSim-97] Finding global include files...
INFO: [USF-XSim-98] Fetching design files from 'sim_1'...
INFO: [USF-XSim-2] XSim::Compile design
INFO: [USF-XSim-61] Executing 'COMPILE and ANALYZE' step in 'E:/bildiri ve makaleler/kitap/fpga/uygulamalar/prj_bolum11_uyg5/prj_bolum11_uyg5.sim/sim_1/behav/xsim'
"xvlog --incr --relax -prj uyg115_vlog.prj"
"xvhdl --incr --relax -prj uyg115_vhdl.prj"
INFO: [VRFC 10-163] Analyzing VHDL file "E:/bildiri ve makaleler/kitap/fpga/uygulamalar/prj_bolum11_uyg5/prj_bolum11_uyg5.srcs/sources_1/new/uyg115.vhd" into library xil_defaultlib
INFO: [VRFC 10-307] analyzing entity uyg115
run_program: Time (s): cpu = 00:00:00 ; elapsed = 00:00:11 . Memory (MB): peak = 835.164 ; gain = 0.000
INFO: [USF-XSim-69] 'compile' step finished in '11' seconds
INFO: [USF-XSim-3] XSim::Elaborate design
INFO: [USF-XSim-61] Executing 'ELABORATE' step in 'E:/bildiri ve makaleler/kitap/fpga/uygulamalar/prj_bolum11_uyg5/prj_bolum11_uyg5.sim/sim_1/behav/xsim'
Vivado Simulator 2017.4
Copyright 1986-1999, 2001-2016 Xilinx, Inc. All Rights Reserved.
Running: C:/Xilinx/Vivado/2017.4/bin/unwrapped/win64.o/xelab.exe -wto 926208ed61ad4ea6a757ec39f3991646 --incr --debug typical --relax --mt 2 -L xil_defaultlib -L unisims_ver -L unimacro_ver -L secureip -L xpm --snapshot uyg115_behav xil_defaultlib.uyg115 xil_defaultlib.glbl -log elaborate.log 
Using 2 slave threads.
Starting static elaboration
Completed static elaboration
Starting simulation data flow analysis
Completed simulation data flow analysis
Time Resolution for simulation is 1ps
Compiling package std.standard
Compiling package std.textio
Compiling package ieee.std_logic_1164
Compiling package ieee.std_logic_arith
Compiling package ieee.std_logic_unsigned
Compiling package vl.vl_types
Compiling module xil_defaultlib.glbl
Compiling architecture behavioral of entity xil_defaultlib.RandomSayi [\RandomSayi(n=32)\]
Compiling module unisims_ver.GND
Compiling module unisims_ver.VCC
Compiling module unisims_ver.FDRE_default
Compiling module xil_defaultlib.Floating_BUYUK_xbip_pipe_v3_0_4_...
Compiling module xil_defaultlib.Floating_BUYUK_delay__parameteri...
Compiling module xil_defaultlib.Floating_BUYUK_xbip_pipe_v3_0_4_...
Compiling module xil_defaultlib.Floating_BUYUK_delay__parameteri...
Compiling module xil_defaultlib.Floating_BUYUK_xbip_pipe_v3_0_4_...
Compiling module xil_defaultlib.Floating_BUYUK_delay__parameteri...
Compiling module unisims_ver.CARRY4
Compiling module xil_defaultlib.Floating_BUYUK_carry_chain__para...
Compiling module unisims_ver.LUT6
Compiling module xil_defaultlib.Floating_BUYUK_compare_eq
Compiling module unisims_ver.x_lut2_mux4
Compiling module unisims_ver.LUT2
Compiling module xil_defaultlib.Floating_BUYUK_carry_chain__para...
Compiling module xil_defaultlib.Floating_BUYUK_compare_eq_im__pa...
Compiling module unisims_ver.LUT5
Compiling module xil_defaultlib.Floating_BUYUK_carry_chain__para...
Compiling module xil_defaultlib.Floating_BUYUK_compare_ne_im
Compiling module xil_defaultlib.Floating_BUYUK_carry_chain__para...
Compiling module unisims_ver.LUT4
Compiling module xil_defaultlib.Floating_BUYUK_compare_gt
Compiling module xil_defaultlib.Floating_BUYUK_carry_chain__para...
Compiling module xil_defaultlib.Floating_BUYUK_compare_eq_im__pa...
Compiling module xil_defaultlib.Floating_BUYUK_carry_chain__para...
Compiling module xil_defaultlib.Floating_BUYUK_compare_ne_im_1
Compiling module xil_defaultlib.Floating_BUYUK_carry_chain
Compiling module xil_defaultlib.Floating_BUYUK_compare_eq_im
Compiling module xil_defaultlib.Floating_BUYUK_fp_cmp
Compiling module unisims_ver.x_lut3_mux8
Compiling module unisims_ver.LUT3
Compiling module xil_defaultlib.Floating_BUYUK_xbip_pipe_v3_0_4_...
Compiling module unisims_ver.FDRE(INIT=1'b1)
Compiling module xil_defaultlib.Floating_BUYUK_axi_slave_2to1
Compiling module xil_defaultlib.Floating_BUYUK_floating_point_v7...
Compiling module xil_defaultlib.Floating_BUYUK_floating_point_v7...
Compiling module xil_defaultlib.Floating_BUYUK
Compiling architecture behavioral of entity xil_defaultlib.blokRAM [blokram_default]
Compiling architecture behavioral of entity xil_defaultlib.uyg115
Built simulation snapshot uyg115_behav
run_program: Time (s): cpu = 00:00:01 ; elapsed = 00:00:15 . Memory (MB): peak = 835.164 ; gain = 0.000
INFO: [USF-XSim-69] 'elaborate' step finished in '15' seconds
INFO: [USF-XSim-4] XSim::Simulate design
INFO: [USF-XSim-61] Executing 'SIMULATE' step in 'E:/bildiri ve makaleler/kitap/fpga/uygulamalar/prj_bolum11_uyg5/prj_bolum11_uyg5.sim/sim_1/behav/xsim'
INFO: [USF-XSim-98] *** Running xsim
   with args "uyg115_behav -key {Behavioral:sim_1:Functional:uyg115} -tclbatch {uyg115.tcl} -log {simulate.log}"
INFO: [USF-XSim-8] Loading simulator feature
Vivado Simulator 2017.4
Time resolution is 1 ps
source uyg115.tcl
# set curr_wave [current_wave_config]
# if { [string length $curr_wave] == 0 } {
#   if { [llength [get_objects]] > 0} {
#     add_wave /
#     set_property needs_save false [current_wave_config]
#   } else {
#      send_msg_id Add_Wave-1 WARNING "No top level signals found. Simulator will start without a wave window. If you want to open a wave window go to 'File->New Waveform Configuration' or type 'create_wave_config' in the TCL console."
#   }
# }
# run 1000ns
INFO: [USF-XSim-96] XSim completed. Design snapshot 'uyg115_behav' loaded.
INFO: [USF-XSim-97] XSim simulation ran for 1000ns
launch_simulation: Time (s): cpu = 00:00:08 ; elapsed = 00:00:35 . Memory (MB): peak = 835.164 ; gain = 0.000
add_force {/uyg115/clk} -radix hex {0 0ns} {1 50000ps} -repeat_every 100000ps
run 100 ns
run 100 ns
run 100 ns
run 100 ns
run 100 ns
run 100 ns
run 100 ns
run 100 ns
run 100 ns
run 100 ns
run 100 ns
run 100 ns
close_sim
INFO: [Simtcl 6-16] Simulation closed
create_ip -name floating_point -vendor xilinx.com -library ip -version 7.1 -module_name floating_point_0 -dir {e:/bildiri ve makaleler/kitap/fpga/uygulamalar/prj_bolum11_uyg5/prj_bolum11_uyg5.srcs/sources_1/ip}
create_ip: Time (s): cpu = 00:00:07 ; elapsed = 00:00:09 . Memory (MB): peak = 835.164 ; gain = 0.000
set_property -dict [list CONFIG.Operation_Type {Compare} CONFIG.C_Compare_Operation {Less_Than} CONFIG.A_Precision_Type {Single} CONFIG.C_A_Exponent_Width {8} CONFIG.C_A_Fraction_Width {24} CONFIG.Result_Precision_Type {Custom} CONFIG.C_Result_Exponent_Width {1} CONFIG.C_Result_Fraction_Width {0} CONFIG.C_Mult_Usage {No_Usage} CONFIG.C_Latency {3} CONFIG.C_Rate {1}] [get_ips floating_point_0]
generate_target {instantiation_template} [get_files {{e:/bildiri ve makaleler/kitap/fpga/uygulamalar/prj_bolum11_uyg5/prj_bolum11_uyg5.srcs/sources_1/ip/floating_point_0/floating_point_0.xci}}]
INFO: [IP_Flow 19-1686] Generating 'Instantiation Template' target for IP 'floating_point_0'...
update_compile_order -fileset sources_1
export_ip_user_files -of_objects  [get_files {{e:/bildiri ve makaleler/kitap/fpga/uygulamalar/prj_bolum11_uyg5/prj_bolum11_uyg5.srcs/sources_1/ip/floating_point_0/floating_point_0.xci}}] -no_script -reset -force -quiet
remove_files  {{e:/bildiri ve makaleler/kitap/fpga/uygulamalar/prj_bolum11_uyg5/prj_bolum11_uyg5.srcs/sources_1/ip/floating_point_0/floating_point_0.xci}}
file delete -force {e:/bildiri ve makaleler/kitap/fpga/uygulamalar/prj_bolum11_uyg5/prj_bolum11_uyg5.srcs/sources_1/ip/floating_point_0}
create_ip -name floating_point -vendor xilinx.com -library ip -version 7.1 -module_name Floating_KUCUK -dir {e:/bildiri ve makaleler/kitap/fpga/uygulamalar/prj_bolum11_uyg5/prj_bolum11_uyg5.srcs/sources_1/ip}
create_ip: Time (s): cpu = 00:00:07 ; elapsed = 00:00:10 . Memory (MB): peak = 835.164 ; gain = 0.000
set_property -dict [list CONFIG.Component_Name {Floating_KUCUK} CONFIG.Operation_Type {Compare} CONFIG.C_Compare_Operation {Less_Than} CONFIG.A_Precision_Type {Single} CONFIG.C_A_Exponent_Width {8} CONFIG.C_A_Fraction_Width {24} CONFIG.Result_Precision_Type {Custom} CONFIG.C_Result_Exponent_Width {1} CONFIG.C_Result_Fraction_Width {0} CONFIG.C_Mult_Usage {No_Usage} CONFIG.C_Latency {3} CONFIG.C_Rate {1}] [get_ips Floating_KUCUK]
WARNING: [Vivado 12-3523] Attempt to change 'Component_Name' from 'Floating_KUCUK' to 'Floating_KUCUK' is not allowed and is ignored.
generate_target {instantiation_template} [get_files {{e:/bildiri ve makaleler/kitap/fpga/uygulamalar/prj_bolum11_uyg5/prj_bolum11_uyg5.srcs/sources_1/ip/Floating_KUCUK/Floating_KUCUK.xci}}]
INFO: [IP_Flow 19-1686] Generating 'Instantiation Template' target for IP 'Floating_KUCUK'...
update_compile_order -fileset sources_1
update_compile_order -fileset sources_1
generate_target all [get_files {e:/bildiri ve makaleler/kitap/fpga/uygulamalar/prj_bolum11_uyg5/prj_bolum11_uyg5.srcs/sources_1/ip/Floating_KUCUK/Floating_KUCUK.xci}]
WARNING: [Vivado 12-818] No files matched 'e:/bildiri'
WARNING: [Vivado 12-818] No files matched 've'
WARNING: [Vivado 12-818] No files matched 'makaleler/kitap/fpga/uygulamalar/prj_bolum11_uyg5/prj_bolum11_uyg5.srcs/sources_1/ip/Floating_KUCUK/Floating_KUCUK.xci'
export_ip_user_files -of_objects [get_files {e:/bildiri ve makaleler/kitap/fpga/uygulamalar/prj_bolum11_uyg5/prj_bolum11_uyg5.srcs/sources_1/ip/Floating_KUCUK/Floating_KUCUK.xci}] -no_script -sync -force -quiet
WARNING: [Vivado 12-818] No files matched 'e:/bildiri'
WARNING: [Vivado 12-818] No files matched 've'
WARNING: [Vivado 12-818] No files matched 'makaleler/kitap/fpga/uygulamalar/prj_bolum11_uyg5/prj_bolum11_uyg5.srcs/sources_1/ip/Floating_KUCUK/Floating_KUCUK.xci'
export_simulation -of_objects [get_files {{e:/bildiri ve makaleler/kitap/fpga/uygulamalar/prj_bolum11_uyg5/prj_bolum11_uyg5.srcs/sources_1/ip/Floating_KUCUK/Floating_KUCUK.xci}}] -directory {E:/bildiri ve makaleler/kitap/fpga/uygulamalar/prj_bolum11_uyg5/prj_bolum11_uyg5.ip_user_files/sim_scripts} -ip_user_files_dir {E:/bildiri ve makaleler/kitap/fpga/uygulamalar/prj_bolum11_uyg5/prj_bolum11_uyg5.ip_user_files} -ipstatic_source_dir {E:/bildiri ve makaleler/kitap/fpga/uygulamalar/prj_bolum11_uyg5/prj_bolum11_uyg5.ip_user_files/ipstatic} -lib_map_path [list {modelsim=E:/bildiri ve makaleler/kitap/fpga/uygulamalar/prj_bolum11_uyg5/prj_bolum11_uyg5.cache/compile_simlib/modelsim} {questa=E:/bildiri ve makaleler/kitap/fpga/uygulamalar/prj_bolum11_uyg5/prj_bolum11_uyg5.cache/compile_simlib/questa} {riviera=E:/bildiri ve makaleler/kitap/fpga/uygulamalar/prj_bolum11_uyg5/prj_bolum11_uyg5.cache/compile_simlib/riviera} {activehdl=E:/bildiri ve makaleler/kitap/fpga/uygulamalar/prj_bolum11_uyg5/prj_bolum11_uyg5.cache/compile_simlib/activehdl}] -use_ip_compiled_libs -force -quiet
create_fileset -blockset Floating_KUCUK
set_property top Floating_KUCUK [get_fileset Floating_KUCUK]
move_files -fileset [get_fileset Floating_KUCUK] [get_files -of_objects [get_fileset sources_1] {{e:/bildiri ve makaleler/kitap/fpga/uygulamalar/prj_bolum11_uyg5/prj_bolum11_uyg5.srcs/sources_1/ip/Floating_KUCUK/Floating_KUCUK.xci}}]
launch_run Floating_KUCUK_synth_1
INFO: [IP_Flow 19-1686] Generating 'Synthesis' target for IP 'Floating_KUCUK'...
[Mon Aug 19 11:50:36 2019] Launched Floating_KUCUK_synth_1...
Run output will be captured here: E:/bildiri ve makaleler/kitap/fpga/uygulamalar/prj_bolum11_uyg5/prj_bolum11_uyg5.runs/Floating_KUCUK_synth_1/runme.log
launch_runs: Time (s): cpu = 00:00:01 ; elapsed = 00:00:07 . Memory (MB): peak = 890.867 ; gain = 0.000
wait_on_run Floating_KUCUK_synth_1

[Mon Aug 19 11:50:37 2019] Waiting for Floating_KUCUK_synth_1 to finish...
[Mon Aug 19 11:50:43 2019] Waiting for Floating_KUCUK_synth_1 to finish...
[Mon Aug 19 11:50:48 2019] Waiting for Floating_KUCUK_synth_1 to finish...
[Mon Aug 19 11:50:54 2019] Waiting for Floating_KUCUK_synth_1 to finish...
[Mon Aug 19 11:51:05 2019] Waiting for Floating_KUCUK_synth_1 to finish...
[Mon Aug 19 11:51:16 2019] Waiting for Floating_KUCUK_synth_1 to finish...
[Mon Aug 19 11:51:27 2019] Waiting for Floating_KUCUK_synth_1 to finish...
[Mon Aug 19 11:51:39 2019] Waiting for Floating_KUCUK_synth_1 to finish...
[Mon Aug 19 11:52:01 2019] Waiting for Floating_KUCUK_synth_1 to finish...
[Mon Aug 19 11:52:23 2019] Waiting for Floating_KUCUK_synth_1 to finish...
[Mon Aug 19 11:52:46 2019] Waiting for Floating_KUCUK_synth_1 to finish...
[Mon Aug 19 11:53:07 2019] Waiting for Floating_KUCUK_synth_1 to finish...

*** Running vivado
    with args -log Floating_KUCUK.vds -m64 -product Vivado -mode batch -messageDb vivado.pb -notrace -source Floating_KUCUK.tcl


****** Vivado v2017.4 (64-bit)
  **** SW Build 2086221 on Fri Dec 15 20:55:39 MST 2017
  **** IP Build 2085800 on Fri Dec 15 22:25:07 MST 2017
    ** Copyright 1986-2017 Xilinx, Inc. All Rights Reserved.

source Floating_KUCUK.tcl -notrace
Command: synth_design -top Floating_KUCUK -part xc7a100tcsg324-1 -mode out_of_context
Starting synth_design
Attempting to get a license for feature 'Synthesis' and/or device 'xc7a100t'
INFO: [Common 17-349] Got license for feature 'Synthesis' and/or device 'xc7a100t'
INFO: Launching helper process for spawning children vivado processes
INFO: Helper process launched with PID 6460 
---------------------------------------------------------------------------------
Starting RTL Elaboration : Time (s): cpu = 00:00:24 ; elapsed = 00:00:27 . Memory (MB): peak = 348.738 ; gain = 94.895
---------------------------------------------------------------------------------
INFO: [Synth 8-638] synthesizing module 'Floating_KUCUK' [e:/bildiri ve makaleler/kitap/fpga/uygulamalar/prj_bolum11_uyg5/prj_bolum11_uyg5.srcs/sources_1/ip/Floating_KUCUK/synth/Floating_KUCUK.vhd:74]
	Parameter C_XDEVICEFAMILY bound to: artix7 - type: string 
	Parameter C_HAS_ADD bound to: 0 - type: integer 
	Parameter C_HAS_SUBTRACT bound to: 0 - type: integer 
	Parameter C_HAS_MULTIPLY bound to: 0 - type: integer 
	Parameter C_HAS_DIVIDE bound to: 0 - type: integer 
	Parameter C_HAS_SQRT bound to: 0 - type: integer 
	Parameter C_HAS_COMPARE bound to: 1 - type: integer 
	Parameter C_HAS_FIX_TO_FLT bound to: 0 - type: integer 
	Parameter C_HAS_FLT_TO_FIX bound to: 0 - type: integer 
	Parameter C_HAS_FLT_TO_FLT bound to: 0 - type: integer 
	Parameter C_HAS_RECIP bound to: 0 - type: integer 
	Parameter C_HAS_RECIP_SQRT bound to: 0 - type: integer 
	Parameter C_HAS_ABSOLUTE bound to: 0 - type: integer 
	Parameter C_HAS_LOGARITHM bound to: 0 - type: integer 
	Parameter C_HAS_EXPONENTIAL bound to: 0 - type: integer 
	Parameter C_HAS_FMA bound to: 0 - type: integer 
	Parameter C_HAS_FMS bound to: 0 - type: integer 
	Parameter C_HAS_ACCUMULATOR_A bound to: 0 - type: integer 
	Parameter C_HAS_ACCUMULATOR_S bound to: 0 - type: integer 
	Parameter C_A_WIDTH bound to: 32 - type: integer 
	Parameter C_A_FRACTION_WIDTH bound to: 24 - type: integer 
	Parameter C_B_WIDTH bound to: 32 - type: integer 
	Parameter C_B_FRACTION_WIDTH bound to: 24 - type: integer 
	Parameter C_C_WIDTH bound to: 32 - type: integer 
	Parameter C_C_FRACTION_WIDTH bound to: 24 - type: integer 
	Parameter C_RESULT_WIDTH bound to: 1 - type: integer 
	Parameter C_RESULT_FRACTION_WIDTH bound to: 0 - type: integer 
	Parameter C_COMPARE_OPERATION bound to: 1 - type: integer 
	Parameter C_LATENCY bound to: 3 - type: integer 
	Parameter C_OPTIMIZATION bound to: 1 - type: integer 
	Parameter C_MULT_USAGE bound to: 0 - type: integer 
	Parameter C_BRAM_USAGE bound to: 0 - type: integer 
	Parameter C_RATE bound to: 1 - type: integer 
	Parameter C_ACCUM_INPUT_MSB bound to: 32 - type: integer 
	Parameter C_ACCUM_MSB bound to: 32 - type: integer 
	Parameter C_ACCUM_LSB bound to: -31 - type: integer 
	Parameter C_HAS_UNDERFLOW bound to: 0 - type: integer 
	Parameter C_HAS_OVERFLOW bound to: 0 - type: integer 
	Parameter C_HAS_INVALID_OP bound to: 0 - type: integer 
	Parameter C_HAS_DIVIDE_BY_ZERO bound to: 0 - type: integer 
	Parameter C_HAS_ACCUM_OVERFLOW bound to: 0 - type: integer 
	Parameter C_HAS_ACCUM_INPUT_OVERFLOW bound to: 0 - type: integer 
	Parameter C_HAS_ACLKEN bound to: 0 - type: integer 
	Parameter C_HAS_ARESETN bound to: 0 - type: integer 
	Parameter C_THROTTLE_SCHEME bound to: 1 - type: integer 
	Parameter C_HAS_A_TUSER bound to: 0 - type: integer 
	Parameter C_HAS_A_TLAST bound to: 0 - type: integer 
	Parameter C_HAS_B bound to: 1 - type: integer 
	Parameter C_HAS_B_TUSER bound to: 0 - type: integer 
	Parameter C_HAS_B_TLAST bound to: 0 - type: integer 
	Parameter C_HAS_C bound to: 0 - type: integer 
	Parameter C_HAS_C_TUSER bound to: 0 - type: integer 
	Parameter C_HAS_C_TLAST bound to: 0 - type: integer 
	Parameter C_HAS_OPERATION bound to: 0 - type: integer 
	Parameter C_HAS_OPERATION_TUSER bound to: 0 - type: integer 
	Parameter C_HAS_OPERATION_TLAST bound to: 0 - type: integer 
	Parameter C_HAS_RESULT_TUSER bound to: 0 - type: integer 
	Parameter C_HAS_RESULT_TLAST bound to: 0 - type: integer 
	Parameter C_TLAST_RESOLUTION bound to: 0 - type: integer 
	Parameter C_A_TDATA_WIDTH bound to: 32 - type: integer 
	Parameter C_A_TUSER_WIDTH bound to: 1 - type: integer 
	Parameter C_B_TDATA_WIDTH bound to: 32 - type: integer 
	Parameter C_B_TUSER_WIDTH bound to: 1 - type: integer 
	Parameter C_C_TDATA_WIDTH bound to: 32 - type: integer 
	Parameter C_C_TUSER_WIDTH bound to: 1 - type: integer 
	Parameter C_OPERATION_TDATA_WIDTH bound to: 8 - type: integer 
	Parameter C_OPERATION_TUSER_WIDTH bound to: 1 - type: integer 
	Parameter C_RESULT_TDATA_WIDTH bound to: 8 - type: integer 
	Parameter C_RESULT_TUSER_WIDTH bound to: 1 - type: integer 
	Parameter C_FIXED_DATA_UNSIGNED bound to: 0 - type: integer 
INFO: [Synth 8-3491] module 'floating_point_v7_1_5' declared at 'e:/bildiri ve makaleler/kitap/fpga/uygulamalar/prj_bolum11_uyg5/prj_bolum11_uyg5.srcs/sources_1/ip/Floating_KUCUK/hdl/floating_point_v7_1_vh_rfs.vhd:91604' bound to instance 'U0' of component 'floating_point_v7_1_5' [e:/bildiri ve makaleler/kitap/fpga/uygulamalar/prj_bolum11_uyg5/prj_bolum11_uyg5.srcs/sources_1/ip/Floating_KUCUK/synth/Floating_KUCUK.vhd:206]
INFO: [Synth 8-256] done synthesizing module 'Floating_KUCUK' (12#1) [e:/bildiri ve makaleler/kitap/fpga/uygulamalar/prj_bolum11_uyg5/prj_bolum11_uyg5.srcs/sources_1/ip/Floating_KUCUK/synth/Floating_KUCUK.vhd:74]
WARNING: [Synth 8-3331] design xbip_pipe_v3_0_4_viv__parameterized1 has unconnected port CLK
WARNING: [Synth 8-3331] design xbip_pipe_v3_0_4_viv__parameterized1 has unconnected port CE
WARNING: [Synth 8-3331] design xbip_pipe_v3_0_4_viv__parameterized1 has unconnected port SCLR
WARNING: [Synth 8-3331] design xbip_pipe_v3_0_4_viv__parameterized1 has unconnected port SSET
WARNING: [Synth 8-3331] design xbip_pipe_v3_0_4_viv__parameterized1 has unconnected port SINIT
WARNING: [Synth 8-3331] design xbip_pipe_v3_0_4_viv__parameterized11 has unconnected port CLK
WARNING: [Synth 8-3331] design xbip_pipe_v3_0_4_viv__parameterized11 has unconnected port CE
WARNING: [Synth 8-3331] design xbip_pipe_v3_0_4_viv__parameterized11 has unconnected port SCLR
WARNING: [Synth 8-3331] design xbip_pipe_v3_0_4_viv__parameterized11 has unconnected port SSET
WARNING: [Synth 8-3331] design xbip_pipe_v3_0_4_viv__parameterized11 has unconnected port SINIT
WARNING: [Synth 8-3331] design carry_chain__parameterized3 has unconnected port CARRYS_OUT[14]
WARNING: [Synth 8-3331] design carry_chain__parameterized3 has unconnected port CARRYS_OUT[13]
WARNING: [Synth 8-3331] design carry_chain__parameterized3 has unconnected port CARRYS_OUT[12]
WARNING: [Synth 8-3331] design carry_chain__parameterized3 has unconnected port CARRYS_OUT[11]
WARNING: [Synth 8-3331] design carry_chain__parameterized3 has unconnected port CARRYS_OUT[10]
WARNING: [Synth 8-3331] design carry_chain__parameterized3 has unconnected port CARRYS_OUT[9]
WARNING: [Synth 8-3331] design carry_chain__parameterized3 has unconnected port CARRYS_OUT[8]
WARNING: [Synth 8-3331] design carry_chain__parameterized3 has unconnected port CARRYS_OUT[7]
WARNING: [Synth 8-3331] design carry_chain__parameterized3 has unconnected port CARRYS_OUT[6]
WARNING: [Synth 8-3331] design carry_chain__parameterized3 has unconnected port CARRYS_OUT[5]
WARNING: [Synth 8-3331] design carry_chain__parameterized3 has unconnected port CARRYS_OUT[4]
WARNING: [Synth 8-3331] design carry_chain__parameterized3 has unconnected port CARRYS_OUT[3]
WARNING: [Synth 8-3331] design carry_chain__parameterized3 has unconnected port CARRYS_OUT[2]
WARNING: [Synth 8-3331] design carry_chain__parameterized3 has unconnected port CARRYS_OUT[1]
WARNING: [Synth 8-3331] design carry_chain__parameterized3 has unconnected port CARRYS_OUT[0]
WARNING: [Synth 8-3331] design xbip_pipe_v3_0_4_viv__parameterized9 has unconnected port CLK
WARNING: [Synth 8-3331] design xbip_pipe_v3_0_4_viv__parameterized9 has unconnected port CE
WARNING: [Synth 8-3331] design xbip_pipe_v3_0_4_viv__parameterized9 has unconnected port SCLR
WARNING: [Synth 8-3331] design xbip_pipe_v3_0_4_viv__parameterized9 has unconnected port SSET
WARNING: [Synth 8-3331] design xbip_pipe_v3_0_4_viv__parameterized9 has unconnected port SINIT
WARNING: [Synth 8-3331] design carry_chain__parameterized2 has unconnected port CARRYS_OUT[9]
WARNING: [Synth 8-3331] design carry_chain__parameterized2 has unconnected port CARRYS_OUT[8]
WARNING: [Synth 8-3331] design carry_chain__parameterized2 has unconnected port CARRYS_OUT[7]
WARNING: [Synth 8-3331] design carry_chain__parameterized2 has unconnected port CARRYS_OUT[6]
WARNING: [Synth 8-3331] design carry_chain__parameterized2 has unconnected port CARRYS_OUT[5]
WARNING: [Synth 8-3331] design carry_chain__parameterized2 has unconnected port CARRYS_OUT[4]
WARNING: [Synth 8-3331] design carry_chain__parameterized2 has unconnected port CARRYS_OUT[3]
WARNING: [Synth 8-3331] design carry_chain__parameterized2 has unconnected port CARRYS_OUT[2]
WARNING: [Synth 8-3331] design carry_chain__parameterized2 has unconnected port CARRYS_OUT[1]
WARNING: [Synth 8-3331] design carry_chain__parameterized2 has unconnected port CARRYS_OUT[0]
WARNING: [Synth 8-3331] design xbip_pipe_v3_0_4_viv__parameterized7 has unconnected port CLK
WARNING: [Synth 8-3331] design xbip_pipe_v3_0_4_viv__parameterized7 has unconnected port CE
WARNING: [Synth 8-3331] design xbip_pipe_v3_0_4_viv__parameterized7 has unconnected port SCLR
WARNING: [Synth 8-3331] design xbip_pipe_v3_0_4_viv__parameterized7 has unconnected port SSET
WARNING: [Synth 8-3331] design xbip_pipe_v3_0_4_viv__parameterized7 has unconnected port SINIT
WARNING: [Synth 8-3331] design carry_chain__parameterized1 has unconnected port CARRYS_OUT[0]
WARNING: [Synth 8-3331] design compare_eq_im__parameterized0 has unconnected port CARRYS_OUT[0]
WARNING: [Synth 8-3331] design xbip_pipe_v3_0_4_viv__parameterized5 has unconnected port CLK
WARNING: [Synth 8-3331] design xbip_pipe_v3_0_4_viv__parameterized5 has unconnected port CE
WARNING: [Synth 8-3331] design xbip_pipe_v3_0_4_viv__parameterized5 has unconnected port SCLR
WARNING: [Synth 8-3331] design xbip_pipe_v3_0_4_viv__parameterized5 has unconnected port SSET
WARNING: [Synth 8-3331] design xbip_pipe_v3_0_4_viv__parameterized5 has unconnected port SINIT
WARNING: [Synth 8-3331] design compare_ne_im has unconnected port CARRYS_OUT[0]
WARNING: [Synth 8-3331] design xbip_pipe_v3_0_4_viv__parameterized3 has unconnected port CLK
WARNING: [Synth 8-3331] design xbip_pipe_v3_0_4_viv__parameterized3 has unconnected port CE
WARNING: [Synth 8-3331] design xbip_pipe_v3_0_4_viv__parameterized3 has unconnected port SCLR
WARNING: [Synth 8-3331] design xbip_pipe_v3_0_4_viv__parameterized3 has unconnected port SSET
WARNING: [Synth 8-3331] design xbip_pipe_v3_0_4_viv__parameterized3 has unconnected port SINIT
WARNING: [Synth 8-3331] design carry_chain has unconnected port CARRYS_OUT[1]
WARNING: [Synth 8-3331] design carry_chain has unconnected port CARRYS_OUT[0]
WARNING: [Synth 8-3331] design compare_eq_im has unconnected port CARRYS_OUT[0]
WARNING: [Synth 8-3331] design xbip_pipe_v3_0_4_viv__parameterized15 has unconnected port SCLR
WARNING: [Synth 8-3331] design xbip_pipe_v3_0_4_viv__parameterized15 has unconnected port SSET
WARNING: [Synth 8-3331] design xbip_pipe_v3_0_4_viv__parameterized15 has unconnected port SINIT
WARNING: [Synth 8-3331] design xbip_pipe_v3_0_4_viv__parameterized13 has unconnected port SCLR
WARNING: [Synth 8-3331] design xbip_pipe_v3_0_4_viv__parameterized13 has unconnected port SSET
WARNING: [Synth 8-3331] design xbip_pipe_v3_0_4_viv__parameterized13 has unconnected port SINIT
WARNING: [Synth 8-3331] design axi_slave_2to1 has unconnected port s_axis_a_tuser[0]
WARNING: [Synth 8-3331] design axi_slave_2to1 has unconnected port s_axis_a_tlast
WARNING: [Synth 8-3331] design axi_slave_2to1 has unconnected port s_axis_b_tuser[0]
WARNING: [Synth 8-3331] design axi_slave_2to1 has unconnected port s_axis_b_tlast
WARNING: [Synth 8-3331] design xbip_pipe_v3_0_4_viv has unconnected port SCLR
WARNING: [Synth 8-3331] design xbip_pipe_v3_0_4_viv has unconnected port SSET
WARNING: [Synth 8-3331] design xbip_pipe_v3_0_4_viv has unconnected port SINIT
WARNING: [Synth 8-3331] design floating_point_v7_1_5_viv has unconnected port m_axis_result_tuser[0]
WARNING: [Synth 8-3331] design floating_point_v7_1_5_viv has unconnected port m_axis_result_tlast
WARNING: [Synth 8-3331] design floating_point_v7_1_5_viv has unconnected port aclken
WARNING: [Synth 8-3331] design floating_point_v7_1_5_viv has unconnected port aresetn
WARNING: [Synth 8-3331] design floating_point_v7_1_5_viv has unconnected port s_axis_b_tuser[0]
WARNING: [Synth 8-3331] design floating_point_v7_1_5_viv has unconnected port s_axis_b_tlast
WARNING: [Synth 8-3331] design floating_point_v7_1_5_viv has unconnected port s_axis_c_tvalid
WARNING: [Synth 8-3331] design floating_point_v7_1_5_viv has unconnected port s_axis_c_tdata[31]
WARNING: [Synth 8-3331] design floating_point_v7_1_5_viv has unconnected port s_axis_c_tdata[30]
WARNING: [Synth 8-3331] design floating_point_v7_1_5_viv has unconnected port s_axis_c_tdata[29]
WARNING: [Synth 8-3331] design floating_point_v7_1_5_viv has unconnected port s_axis_c_tdata[28]
WARNING: [Synth 8-3331] design floating_point_v7_1_5_viv has unconnected port s_axis_c_tdata[27]
WARNING: [Synth 8-3331] design floating_point_v7_1_5_viv has unconnected port s_axis_c_tdata[26]
WARNING: [Synth 8-3331] design floating_point_v7_1_5_viv has unconnected port s_axis_c_tdata[25]
WARNING: [Synth 8-3331] design floating_point_v7_1_5_viv has unconnected port s_axis_c_tdata[24]
WARNING: [Synth 8-3331] design floating_point_v7_1_5_viv has unconnected port s_axis_c_tdata[23]
WARNING: [Synth 8-3331] design floating_point_v7_1_5_viv has unconnected port s_axis_c_tdata[22]
WARNING: [Synth 8-3331] design floating_point_v7_1_5_viv has unconnected port s_axis_c_tdata[21]
WARNING: [Synth 8-3331] design floating_point_v7_1_5_viv has unconnected port s_axis_c_tdata[20]
WARNING: [Synth 8-3331] design floating_point_v7_1_5_viv has unconnected port s_axis_c_tdata[19]
WARNING: [Synth 8-3331] design floating_point_v7_1_5_viv has unconnected port s_axis_c_tdata[18]
WARNING: [Synth 8-3331] design floating_point_v7_1_5_viv has unconnected port s_axis_c_tdata[17]
WARNING: [Synth 8-3331] design floating_point_v7_1_5_viv has unconnected port s_axis_c_tdata[16]
WARNING: [Synth 8-3331] design floating_point_v7_1_5_viv has unconnected port s_axis_c_tdata[15]
WARNING: [Synth 8-3331] design floating_point_v7_1_5_viv has unconnected port s_axis_c_tdata[14]
WARNING: [Synth 8-3331] design floating_point_v7_1_5_viv has unconnected port s_axis_c_tdata[13]
INFO: [Common 17-14] Message 'Synth 8-3331' appears 100 times and further instances of the messages will be disabled. Use the Tcl command set_msg_config to change the current settings.
---------------------------------------------------------------------------------
Finished RTL Elaboration : Time (s): cpu = 00:00:31 ; elapsed = 00:00:35 . Memory (MB): peak = 445.293 ; gain = 191.449
---------------------------------------------------------------------------------

Report Check Netlist: 
+------+------------------+-------+---------+-------+------------------+
|      |Item              |Errors |Warnings |Status |Description       |
+------+------------------+-------+---------+-------+------------------+
|1     |multi_driven_nets |      0|        0|Passed |Multi driven nets |
+------+------------------+-------+---------+-------+------------------+
---------------------------------------------------------------------------------
Finished RTL Optimization Phase 1 : Time (s): cpu = 00:00:31 ; elapsed = 00:00:37 . Memory (MB): peak = 445.293 ; gain = 191.449
---------------------------------------------------------------------------------
INFO: [Netlist 29-17] Analyzing 47 Unisim elements for replacement
INFO: [Netlist 29-28] Unisim Transformation completed in 0 CPU seconds
INFO: [Device 21-403] Loading part xc7a100tcsg324-1
INFO: [Project 1-570] Preparing netlist for logic optimization

Processing XDC Constraints
Initializing timing engine
Parsing XDC File [e:/bildiri ve makaleler/kitap/fpga/uygulamalar/prj_bolum11_uyg5/prj_bolum11_uyg5.srcs/sources_1/ip/Floating_KUCUK/Floating_KUCUK_ooc.xdc] for cell 'U0'
Finished Parsing XDC File [e:/bildiri ve makaleler/kitap/fpga/uygulamalar/prj_bolum11_uyg5/prj_bolum11_uyg5.srcs/sources_1/ip/Floating_KUCUK/Floating_KUCUK_ooc.xdc] for cell 'U0'
Parsing XDC File [E:/bildiri ve makaleler/kitap/fpga/uygulamalar/prj_bolum11_uyg5/prj_bolum11_uyg5.runs/Floating_KUCUK_synth_1/dont_touch.xdc]
Finished Parsing XDC File [E:/bildiri ve makaleler/kitap/fpga/uygulamalar/prj_bolum11_uyg5/prj_bolum11_uyg5.runs/Floating_KUCUK_synth_1/dont_touch.xdc]
Completed Processing XDC Constraints

INFO: [Project 1-111] Unisim Transformation Summary:
  A total of 5 instances were transformed.
  FDE => FDRE: 5 instances

Constraint Validation Runtime : Time (s): cpu = 00:00:00 ; elapsed = 00:00:00.109 . Memory (MB): peak = 747.344 ; gain = 0.000
---------------------------------------------------------------------------------
Finished Constraint Validation : Time (s): cpu = 00:00:57 ; elapsed = 00:01:16 . Memory (MB): peak = 747.344 ; gain = 493.500
---------------------------------------------------------------------------------
---------------------------------------------------------------------------------
Start Loading Part and Timing Information
---------------------------------------------------------------------------------
Loading part: xc7a100tcsg324-1
---------------------------------------------------------------------------------
Finished Loading Part and Timing Information : Time (s): cpu = 00:00:57 ; elapsed = 00:01:16 . Memory (MB): peak = 747.344 ; gain = 493.500
---------------------------------------------------------------------------------
---------------------------------------------------------------------------------
Start Applying 'set_property' XDC Constraints
---------------------------------------------------------------------------------
Applied set_property DONT_TOUCH = true for U0. (constraint file  {E:/bildiri ve makaleler/kitap/fpga/uygulamalar/prj_bolum11_uyg5/prj_bolum11_uyg5.runs/Floating_KUCUK_synth_1/dont_touch.xdc}, line 9).
---------------------------------------------------------------------------------
Finished applying 'set_property' XDC Constraints : Time (s): cpu = 00:00:58 ; elapsed = 00:01:16 . Memory (MB): peak = 747.344 ; gain = 493.500
---------------------------------------------------------------------------------
---------------------------------------------------------------------------------
Finished RTL Optimization Phase 2 : Time (s): cpu = 00:00:59 ; elapsed = 00:01:18 . Memory (MB): peak = 747.344 ; gain = 493.500
---------------------------------------------------------------------------------
INFO: [Synth 8-223] decloning instance 'U0/i_synth/DELAY_DIVIDE_BY_ZERO' (delay__parameterized9) to 'U0/i_synth/DELAY_OVERFLOW'
INFO: [Synth 8-223] decloning instance 'U0/i_synth/DELAY_DIVIDE_BY_ZERO' (delay__parameterized9) to 'U0/i_synth/DELAY_UNDERFLOW'
INFO: [Synth 8-223] decloning instance 'U0/i_synth/DELAY_DIVIDE_BY_ZERO' (delay__parameterized9) to 'U0/i_synth/DELAY_ACCUM_OVERFLOW'
INFO: [Synth 8-223] decloning instance 'U0/i_synth/DELAY_DIVIDE_BY_ZERO' (delay__parameterized9) to 'U0/i_synth/DELAY_ACCUM_INPUT_OVERFLOW'

Report RTL Partitions: 
+-+--------------+------------+----------+
| |RTL Partition |Replication |Instances |
+-+--------------+------------+----------+
+-+--------------+------------+----------+
---------------------------------------------------------------------------------
Start RTL Component Statistics 
---------------------------------------------------------------------------------
---------------------------------------------------------------------------------
Finished RTL Component Statistics 
---------------------------------------------------------------------------------
---------------------------------------------------------------------------------
Start RTL Hierarchical Component Statistics 
---------------------------------------------------------------------------------
---------------------------------------------------------------------------------
Finished RTL Hierarchical Component Statistics
---------------------------------------------------------------------------------
---------------------------------------------------------------------------------
Start Part Resource Summary
---------------------------------------------------------------------------------
Part Resources:
DSPs: 240 (col length:80)
BRAMs: 270 (col length: RAMB18 80 RAMB36 40)
---------------------------------------------------------------------------------
Finished Part Resource Summary
---------------------------------------------------------------------------------
---------------------------------------------------------------------------------
Start Cross Boundary and Area Optimization
---------------------------------------------------------------------------------
INFO: [Synth 8-3886] merging instance 'U0/i_synth/COMP_OP.SPD.OP/CMP_COND_DELAY/i_pipe/opt_has_pipe.first_q_reg[1]' (FDE) to 'U0/i_synth/COMP_OP.SPD.OP/CMP_COND_DELAY/i_pipe/opt_has_pipe.first_q_reg[2]'
INFO: [Synth 8-3333] propagating constant 0 across sequential element (U0/i_synth/\COMP_OP.SPD.OP/CMP_COND_DELAY/i_pipe/opt_has_pipe.first_q_reg[2] )
INFO: [Synth 8-3332] Sequential element (COMP_OP.SPD.OP/CMP_COND_DELAY/i_pipe/opt_has_pipe.first_q_reg[2]) is unused and will be removed from module floating_point_v7_1_5_viv.
---------------------------------------------------------------------------------
Finished Cross Boundary and Area Optimization : Time (s): cpu = 00:01:01 ; elapsed = 00:01:20 . Memory (MB): peak = 747.344 ; gain = 493.500
---------------------------------------------------------------------------------

Report RTL Partitions: 
+-+--------------+------------+----------+
| |RTL Partition |Replication |Instances |
+-+--------------+------------+----------+
+-+--------------+------------+----------+
---------------------------------------------------------------------------------
Start Applying XDC Timing Constraints
---------------------------------------------------------------------------------
---------------------------------------------------------------------------------
Finished Applying XDC Timing Constraints : Time (s): cpu = 00:01:24 ; elapsed = 00:01:44 . Memory (MB): peak = 747.344 ; gain = 493.500
---------------------------------------------------------------------------------
---------------------------------------------------------------------------------
Start Timing Optimization
---------------------------------------------------------------------------------
---------------------------------------------------------------------------------
Finished Timing Optimization : Time (s): cpu = 00:01:24 ; elapsed = 00:01:44 . Memory (MB): peak = 755.379 ; gain = 501.535
---------------------------------------------------------------------------------

Report RTL Partitions: 
+-+--------------+------------+----------+
| |RTL Partition |Replication |Instances |
+-+--------------+------------+----------+
+-+--------------+------------+----------+
---------------------------------------------------------------------------------
Start Technology Mapping
---------------------------------------------------------------------------------
---------------------------------------------------------------------------------
Finished Technology Mapping : Time (s): cpu = 00:01:24 ; elapsed = 00:01:44 . Memory (MB): peak = 765.691 ; gain = 511.848
---------------------------------------------------------------------------------

Report RTL Partitions: 
+-+--------------+------------+----------+
| |RTL Partition |Replication |Instances |
+-+--------------+------------+----------+
+-+--------------+------------+----------+
---------------------------------------------------------------------------------
Start IO Insertion
---------------------------------------------------------------------------------
---------------------------------------------------------------------------------
Start Flattening Before IO Insertion
---------------------------------------------------------------------------------
---------------------------------------------------------------------------------
Finished Flattening Before IO Insertion
---------------------------------------------------------------------------------
---------------------------------------------------------------------------------
Start Final Netlist Cleanup
---------------------------------------------------------------------------------
---------------------------------------------------------------------------------
Finished Final Netlist Cleanup
---------------------------------------------------------------------------------
---------------------------------------------------------------------------------
Finished IO Insertion : Time (s): cpu = 00:01:25 ; elapsed = 00:01:45 . Memory (MB): peak = 765.691 ; gain = 511.848
---------------------------------------------------------------------------------

Report Check Netlist: 
+------+------------------+-------+---------+-------+------------------+
|      |Item              |Errors |Warnings |Status |Description       |
+------+------------------+-------+---------+-------+------------------+
|1     |multi_driven_nets |      0|        0|Passed |Multi driven nets |
+------+------------------+-------+---------+-------+------------------+
---------------------------------------------------------------------------------
Start Renaming Generated Instances
---------------------------------------------------------------------------------
---------------------------------------------------------------------------------
Finished Renaming Generated Instances : Time (s): cpu = 00:01:25 ; elapsed = 00:01:45 . Memory (MB): peak = 765.691 ; gain = 511.848
---------------------------------------------------------------------------------

Report RTL Partitions: 
+-+--------------+------------+----------+
| |RTL Partition |Replication |Instances |
+-+--------------+------------+----------+
+-+--------------+------------+----------+
---------------------------------------------------------------------------------
Start Rebuilding User Hierarchy
---------------------------------------------------------------------------------
---------------------------------------------------------------------------------
Finished Rebuilding User Hierarchy : Time (s): cpu = 00:01:25 ; elapsed = 00:01:45 . Memory (MB): peak = 765.691 ; gain = 511.848
---------------------------------------------------------------------------------
---------------------------------------------------------------------------------
Start Renaming Generated Ports
---------------------------------------------------------------------------------
---------------------------------------------------------------------------------
Finished Renaming Generated Ports : Time (s): cpu = 00:01:25 ; elapsed = 00:01:45 . Memory (MB): peak = 765.691 ; gain = 511.848
---------------------------------------------------------------------------------
---------------------------------------------------------------------------------
Start Handling Custom Attributes
---------------------------------------------------------------------------------
---------------------------------------------------------------------------------
Finished Handling Custom Attributes : Time (s): cpu = 00:01:25 ; elapsed = 00:01:45 . Memory (MB): peak = 765.691 ; gain = 511.848
---------------------------------------------------------------------------------
---------------------------------------------------------------------------------
Start Renaming Generated Nets
---------------------------------------------------------------------------------
---------------------------------------------------------------------------------
Finished Renaming Generated Nets : Time (s): cpu = 00:01:25 ; elapsed = 00:01:45 . Memory (MB): peak = 765.691 ; gain = 511.848
---------------------------------------------------------------------------------
---------------------------------------------------------------------------------
Start Writing Synthesis Report
---------------------------------------------------------------------------------

Report BlackBoxes: 
+-+--------------+----------+
| |BlackBox name |Instances |
+-+--------------+----------+
+-+--------------+----------+

Report Cell Usage: 
+------+------+------+
|      |Cell  |Count |
+------+------+------+
|1     |LUT2  |     6|
|2     |LUT3  |    66|
|3     |LUT4  |    36|
|4     |LUT5  |     4|
|5     |LUT6  |    27|
|6     |MUXCY |    42|
|7     |FDE   |     5|
|8     |FDRE  |   140|
+------+------+------+
---------------------------------------------------------------------------------
Finished Writing Synthesis Report : Time (s): cpu = 00:01:25 ; elapsed = 00:01:45 . Memory (MB): peak = 765.691 ; gain = 511.848
---------------------------------------------------------------------------------
Synthesis finished with 0 errors, 0 critical warnings and 52 warnings.
Synthesis Optimization Runtime : Time (s): cpu = 00:00:37 ; elapsed = 00:01:19 . Memory (MB): peak = 765.691 ; gain = 209.797
Synthesis Optimization Complete : Time (s): cpu = 00:01:25 ; elapsed = 00:01:45 . Memory (MB): peak = 765.691 ; gain = 511.848
INFO: [Project 1-571] Translating synthesized netlist
INFO: [Netlist 29-17] Analyzing 47 Unisim elements for replacement
INFO: [Netlist 29-28] Unisim Transformation completed in 0 CPU seconds
INFO: [Project 1-570] Preparing netlist for logic optimization
INFO: [Opt 31-138] Pushed 0 inverter(s) to 0 load pin(s).
INFO: [Project 1-111] Unisim Transformation Summary:
  A total of 17 instances were transformed.
  (MUXCY,XORCY) => CARRY4: 12 instances
  FDE => FDRE: 5 instances

INFO: [Common 17-83] Releasing license: Synthesis
24 Infos, 100 Warnings, 0 Critical Warnings and 0 Errors encountered.
synth_design completed successfully
synth_design: Time (s): cpu = 00:01:30 ; elapsed = 00:01:52 . Memory (MB): peak = 766.473 ; gain = 524.285
INFO: [Common 17-1381] The checkpoint 'E:/bildiri ve makaleler/kitap/fpga/uygulamalar/prj_bolum11_uyg5/prj_bolum11_uyg5.runs/Floating_KUCUK_synth_1/Floating_KUCUK.dcp' has been generated.
INFO: [Coretcl 2-1482] Added synthesis output to IP cache for IP e:/bildiri ve makaleler/kitap/fpga/uygulamalar/prj_bolum11_uyg5/prj_bolum11_uyg5.srcs/sources_1/ip/Floating_KUCUK/Floating_KUCUK.xci
INFO: [Coretcl 2-1174] Renamed 25 cell refs.
INFO: [Common 17-1381] The checkpoint 'E:/bildiri ve makaleler/kitap/fpga/uygulamalar/prj_bolum11_uyg5/prj_bolum11_uyg5.runs/Floating_KUCUK_synth_1/Floating_KUCUK.dcp' has been generated.
INFO: [runtcl-4] Executing : report_utilization -file Floating_KUCUK_utilization_synth.rpt -pb Floating_KUCUK_utilization_synth.pb
report_utilization: Time (s): cpu = 00:00:00 ; elapsed = 00:00:00.513 . Memory (MB): peak = 766.473 ; gain = 0.000
INFO: [Common 17-206] Exiting Vivado at Mon Aug 19 11:53:21 2019...
[Mon Aug 19 11:53:24 2019] Floating_KUCUK_synth_1 finished
wait_on_run: Time (s): cpu = 00:00:06 ; elapsed = 00:02:48 . Memory (MB): peak = 890.867 ; gain = 0.000
launch_simulation
INFO: [Vivado 12-5698] Checking validity of IPs in the design for the 'XSim' simulator...
INFO: [Vivado 12-5682] Launching behavioral simulation in 'E:/bildiri ve makaleler/kitap/fpga/uygulamalar/prj_bolum11_uyg5/prj_bolum11_uyg5.sim/sim_1/behav/xsim'
INFO: [Vivado 12-4795] Using compiled simulation libraries for IPs
INFO: [SIM-utils-51] Simulation object is 'sim_1'
INFO: [USF-XSim-7] Finding pre-compiled libraries...
INFO: [USF-XSim-11] File 'C:/Xilinx/Vivado/2017.4/data/xsim/ip/xsim_ip.ini' copied to run dir:'E:/bildiri ve makaleler/kitap/fpga/uygulamalar/prj_bolum11_uyg5/prj_bolum11_uyg5.sim/sim_1/behav/xsim'
INFO: [SIM-utils-54] Inspecting design source files for 'uyg115' in fileset 'sim_1'...
INFO: [USF-XSim-97] Finding global include files...
INFO: [USF-XSim-98] Fetching design files from 'sim_1'...
INFO: [USF-XSim-2] XSim::Compile design
INFO: [USF-XSim-61] Executing 'COMPILE and ANALYZE' step in 'E:/bildiri ve makaleler/kitap/fpga/uygulamalar/prj_bolum11_uyg5/prj_bolum11_uyg5.sim/sim_1/behav/xsim'
"xvlog --incr --relax -prj uyg115_vlog.prj"
INFO: [VRFC 10-2263] Analyzing Verilog file "E:/bildiri ve makaleler/kitap/fpga/uygulamalar/prj_bolum11_uyg5/prj_bolum11_uyg5.srcs/sources_1/ip/Floating_KUCUK/Floating_KUCUK_sim_netlist.v" into library xil_defaultlib
INFO: [VRFC 10-311] analyzing module Floating_KUCUK
INFO: [VRFC 10-311] analyzing module Floating_KUCUK_floating_point_v7_1_5
INFO: [VRFC 10-311] analyzing module Floating_KUCUK_axi_slave_2to1
INFO: [VRFC 10-311] analyzing module Floating_KUCUK_carry_chain
INFO: [VRFC 10-311] analyzing module Floating_KUCUK_carry_chain__parameterized0
INFO: [VRFC 10-311] analyzing module Floating_KUCUK_carry_chain__parameterized0_2
INFO: [VRFC 10-311] analyzing module Floating_KUCUK_carry_chain__parameterized1
INFO: [VRFC 10-311] analyzing module Floating_KUCUK_carry_chain__parameterized1_3
INFO: [VRFC 10-311] analyzing module Floating_KUCUK_carry_chain__parameterized2
INFO: [VRFC 10-311] analyzing module Floating_KUCUK_carry_chain__parameterized3
INFO: [VRFC 10-311] analyzing module Floating_KUCUK_compare_eq
INFO: [VRFC 10-311] analyzing module Floating_KUCUK_compare_eq_im
INFO: [VRFC 10-311] analyzing module Floating_KUCUK_compare_eq_im__parameterized0
INFO: [VRFC 10-311] analyzing module Floating_KUCUK_compare_eq_im__parameterized0_0
INFO: [VRFC 10-311] analyzing module Floating_KUCUK_compare_gt
INFO: [VRFC 10-311] analyzing module Floating_KUCUK_compare_ne_im
INFO: [VRFC 10-311] analyzing module Floating_KUCUK_compare_ne_im_1
INFO: [VRFC 10-311] analyzing module Floating_KUCUK_delay__parameterized5
INFO: [VRFC 10-311] analyzing module Floating_KUCUK_delay__parameterized6
INFO: [VRFC 10-311] analyzing module Floating_KUCUK_delay__parameterized7
INFO: [VRFC 10-311] analyzing module Floating_KUCUK_floating_point_v7_1_5_viv
INFO: [VRFC 10-311] analyzing module Floating_KUCUK_fp_cmp
INFO: [VRFC 10-311] analyzing module Floating_KUCUK_xbip_pipe_v3_0_4_viv
INFO: [VRFC 10-311] analyzing module Floating_KUCUK_xbip_pipe_v3_0_4_viv__parameterized13
INFO: [VRFC 10-311] analyzing module Floating_KUCUK_xbip_pipe_v3_0_4_viv__parameterized15
INFO: [VRFC 10-311] analyzing module Floating_KUCUK_xbip_pipe_v3_0_4_viv__parameterized15_4
INFO: [VRFC 10-311] analyzing module glbl
"xvhdl --incr --relax -prj uyg115_vhdl.prj"
INFO: [VRFC 10-163] Analyzing VHDL file "E:/bildiri ve makaleler/kitap/fpga/uygulamalar/prj_bolum11_uyg5/prj_bolum11_uyg5.srcs/sources_1/new/uyg115.vhd" into library xil_defaultlib
INFO: [VRFC 10-307] analyzing entity uyg115
run_program: Time (s): cpu = 00:00:00 ; elapsed = 00:00:14 . Memory (MB): peak = 890.867 ; gain = 0.000
INFO: [USF-XSim-69] 'compile' step finished in '13' seconds
INFO: [USF-XSim-3] XSim::Elaborate design
INFO: [USF-XSim-61] Executing 'ELABORATE' step in 'E:/bildiri ve makaleler/kitap/fpga/uygulamalar/prj_bolum11_uyg5/prj_bolum11_uyg5.sim/sim_1/behav/xsim'
Vivado Simulator 2017.4
Copyright 1986-1999, 2001-2016 Xilinx, Inc. All Rights Reserved.
Running: C:/Xilinx/Vivado/2017.4/bin/unwrapped/win64.o/xelab.exe -wto 926208ed61ad4ea6a757ec39f3991646 --incr --debug typical --relax --mt 2 -L xil_defaultlib -L unisims_ver -L unimacro_ver -L secureip -L xpm --snapshot uyg115_behav xil_defaultlib.uyg115 xil_defaultlib.glbl -log elaborate.log 
Using 2 slave threads.
Starting static elaboration
Completed static elaboration
Starting simulation data flow analysis
Completed simulation data flow analysis
Time Resolution for simulation is 1ps
Compiling package std.standard
Compiling package std.textio
Compiling package ieee.std_logic_1164
Compiling package ieee.std_logic_arith
Compiling package ieee.std_logic_unsigned
Compiling package vl.vl_types
Compiling module xil_defaultlib.glbl
Compiling architecture behavioral of entity xil_defaultlib.RandomSayi [\RandomSayi(n=32)\]
Compiling module unisims_ver.GND
Compiling module unisims_ver.VCC
Compiling module unisims_ver.FDRE_default
Compiling module xil_defaultlib.Floating_BUYUK_xbip_pipe_v3_0_4_...
Compiling module xil_defaultlib.Floating_BUYUK_delay__parameteri...
Compiling module xil_defaultlib.Floating_BUYUK_xbip_pipe_v3_0_4_...
Compiling module xil_defaultlib.Floating_BUYUK_delay__parameteri...
Compiling module xil_defaultlib.Floating_BUYUK_xbip_pipe_v3_0_4_...
Compiling module xil_defaultlib.Floating_BUYUK_delay__parameteri...
Compiling module unisims_ver.CARRY4
Compiling module xil_defaultlib.Floating_BUYUK_carry_chain__para...
Compiling module unisims_ver.LUT6
Compiling module xil_defaultlib.Floating_BUYUK_compare_eq
Compiling module unisims_ver.x_lut2_mux4
Compiling module unisims_ver.LUT2
Compiling module xil_defaultlib.Floating_BUYUK_carry_chain__para...
Compiling module xil_defaultlib.Floating_BUYUK_compare_eq_im__pa...
Compiling module unisims_ver.LUT5
Compiling module xil_defaultlib.Floating_BUYUK_carry_chain__para...
Compiling module xil_defaultlib.Floating_BUYUK_compare_ne_im
Compiling module xil_defaultlib.Floating_BUYUK_carry_chain__para...
Compiling module unisims_ver.LUT4
Compiling module xil_defaultlib.Floating_BUYUK_compare_gt
Compiling module xil_defaultlib.Floating_BUYUK_carry_chain__para...
Compiling module xil_defaultlib.Floating_BUYUK_compare_eq_im__pa...
Compiling module xil_defaultlib.Floating_BUYUK_carry_chain__para...
Compiling module xil_defaultlib.Floating_BUYUK_compare_ne_im_1
Compiling module xil_defaultlib.Floating_BUYUK_carry_chain
Compiling module xil_defaultlib.Floating_BUYUK_compare_eq_im
Compiling module xil_defaultlib.Floating_BUYUK_fp_cmp
Compiling module unisims_ver.x_lut3_mux8
Compiling module unisims_ver.LUT3
Compiling module xil_defaultlib.Floating_BUYUK_xbip_pipe_v3_0_4_...
Compiling module unisims_ver.FDRE(INIT=1'b1)
Compiling module xil_defaultlib.Floating_BUYUK_axi_slave_2to1
Compiling module xil_defaultlib.Floating_BUYUK_floating_point_v7...
Compiling module xil_defaultlib.Floating_BUYUK_floating_point_v7...
Compiling module xil_defaultlib.Floating_BUYUK
Compiling module unisims_ver.FDRE_default_1
Compiling module xil_defaultlib.Floating_KUCUK_xbip_pipe_v3_0_4_...
Compiling module xil_defaultlib.Floating_KUCUK_delay__parameteri...
Compiling module xil_defaultlib.Floating_KUCUK_xbip_pipe_v3_0_4_...
Compiling module xil_defaultlib.Floating_KUCUK_delay__parameteri...
Compiling module xil_defaultlib.Floating_KUCUK_xbip_pipe_v3_0_4_...
Compiling module xil_defaultlib.Floating_KUCUK_delay__parameteri...
Compiling module xil_defaultlib.Floating_KUCUK_carry_chain__para...
Compiling module xil_defaultlib.Floating_KUCUK_compare_eq
Compiling module xil_defaultlib.Floating_KUCUK_carry_chain__para...
Compiling module xil_defaultlib.Floating_KUCUK_compare_eq_im__pa...
Compiling module xil_defaultlib.Floating_KUCUK_carry_chain__para...
Compiling module xil_defaultlib.Floating_KUCUK_compare_ne_im
Compiling module xil_defaultlib.Floating_KUCUK_carry_chain__para...
Compiling module xil_defaultlib.Floating_KUCUK_compare_gt
Compiling module xil_defaultlib.Floating_KUCUK_carry_chain__para...
Compiling module xil_defaultlib.Floating_KUCUK_compare_eq_im__pa...
Compiling module xil_defaultlib.Floating_KUCUK_carry_chain__para...
Compiling module xil_defaultlib.Floating_KUCUK_compare_ne_im_1
Compiling module xil_defaultlib.Floating_KUCUK_carry_chain
Compiling module xil_defaultlib.Floating_KUCUK_compare_eq_im
Compiling module xil_defaultlib.Floating_KUCUK_fp_cmp
Compiling module xil_defaultlib.Floating_KUCUK_xbip_pipe_v3_0_4_...
Compiling module xil_defaultlib.Floating_KUCUK_axi_slave_2to1
Compiling module xil_defaultlib.Floating_KUCUK_floating_point_v7...
Compiling module xil_defaultlib.Floating_KUCUK_floating_point_v7...
Compiling module xil_defaultlib.Floating_KUCUK
Compiling architecture behavioral of entity xil_defaultlib.blokRAM [blokram_default]
Compiling architecture behavioral of entity xil_defaultlib.uyg115
Built simulation snapshot uyg115_behav
run_program: Time (s): cpu = 00:00:04 ; elapsed = 00:00:18 . Memory (MB): peak = 890.867 ; gain = 0.000
INFO: [USF-XSim-69] 'elaborate' step finished in '18' seconds
INFO: [USF-XSim-4] XSim::Simulate design
INFO: [USF-XSim-61] Executing 'SIMULATE' step in 'E:/bildiri ve makaleler/kitap/fpga/uygulamalar/prj_bolum11_uyg5/prj_bolum11_uyg5.sim/sim_1/behav/xsim'
INFO: [USF-XSim-98] *** Running xsim
   with args "uyg115_behav -key {Behavioral:sim_1:Functional:uyg115} -tclbatch {uyg115.tcl} -log {simulate.log}"
INFO: [USF-XSim-8] Loading simulator feature
Vivado Simulator 2017.4
Time resolution is 1 ps
source uyg115.tcl
# set curr_wave [current_wave_config]
# if { [string length $curr_wave] == 0 } {
#   if { [llength [get_objects]] > 0} {
#     add_wave /
#     set_property needs_save false [current_wave_config]
#   } else {
#      send_msg_id Add_Wave-1 WARNING "No top level signals found. Simulator will start without a wave window. If you want to open a wave window go to 'File->New Waveform Configuration' or type 'create_wave_config' in the TCL console."
#   }
# }
# run 1000ns
INFO: [USF-XSim-96] XSim completed. Design snapshot 'uyg115_behav' loaded.
INFO: [USF-XSim-97] XSim simulation ran for 1000ns
launch_simulation: Time (s): cpu = 00:00:10 ; elapsed = 00:00:40 . Memory (MB): peak = 893.270 ; gain = 2.402
add_force {/uyg115/clk} -radix hex {0 0ns} {1 50000ps} -repeat_every 100000ps
run 100 ns
run 100 ns
run 100 ns
run 100 ns
run 100 ns
run 100 ns
run 100 ns
run 100 ns
run 100 ns
run 100 ns
run 100 ns
run 100 ns
run 100 ns
run 100 ns
run 100 ns
run 100 ns
run 100 ns
run 100 ns
run 100 ns
run 100 ns
run 100 ns
run 100 ns
run 100 ns
run 100 ns
run 100 ns
run 100 ns
close_sim
INFO: [Simtcl 6-16] Simulation closed
launch_simulation
INFO: [Vivado 12-5698] Checking validity of IPs in the design for the 'XSim' simulator...
INFO: [Vivado 12-5682] Launching behavioral simulation in 'E:/bildiri ve makaleler/kitap/fpga/uygulamalar/prj_bolum11_uyg5/prj_bolum11_uyg5.sim/sim_1/behav/xsim'
INFO: [Vivado 12-4795] Using compiled simulation libraries for IPs
INFO: [SIM-utils-51] Simulation object is 'sim_1'
INFO: [USF-XSim-7] Finding pre-compiled libraries...
INFO: [USF-XSim-11] File 'C:/Xilinx/Vivado/2017.4/data/xsim/ip/xsim_ip.ini' copied to run dir:'E:/bildiri ve makaleler/kitap/fpga/uygulamalar/prj_bolum11_uyg5/prj_bolum11_uyg5.sim/sim_1/behav/xsim'
INFO: [SIM-utils-54] Inspecting design source files for 'uyg115' in fileset 'sim_1'...
INFO: [USF-XSim-97] Finding global include files...
INFO: [USF-XSim-98] Fetching design files from 'sim_1'...
INFO: [USF-XSim-2] XSim::Compile design
INFO: [USF-XSim-61] Executing 'COMPILE and ANALYZE' step in 'E:/bildiri ve makaleler/kitap/fpga/uygulamalar/prj_bolum11_uyg5/prj_bolum11_uyg5.sim/sim_1/behav/xsim'
"xvlog --incr --relax -prj uyg115_vlog.prj"
INFO: [VRFC 10-2263] Analyzing Verilog file "E:/bildiri ve makaleler/kitap/fpga/uygulamalar/prj_bolum11_uyg5/prj_bolum11_uyg5.srcs/sources_1/ip/Floating_BUYUK/Floating_BUYUK_sim_netlist.v" into library xil_defaultlib
INFO: [VRFC 10-311] analyzing module Floating_BUYUK
INFO: [VRFC 10-311] analyzing module Floating_BUYUK_floating_point_v7_1_5
INFO: [VRFC 10-311] analyzing module Floating_BUYUK_axi_slave_2to1
INFO: [VRFC 10-311] analyzing module Floating_BUYUK_carry_chain
INFO: [VRFC 10-311] analyzing module Floating_BUYUK_carry_chain__parameterized0
INFO: [VRFC 10-311] analyzing module Floating_BUYUK_carry_chain__parameterized0_2
INFO: [VRFC 10-311] analyzing module Floating_BUYUK_carry_chain__parameterized1
INFO: [VRFC 10-311] analyzing module Floating_BUYUK_carry_chain__parameterized1_3
INFO: [VRFC 10-311] analyzing module Floating_BUYUK_carry_chain__parameterized2
INFO: [VRFC 10-311] analyzing module Floating_BUYUK_carry_chain__parameterized3
INFO: [VRFC 10-311] analyzing module Floating_BUYUK_compare_eq
INFO: [VRFC 10-311] analyzing module Floating_BUYUK_compare_eq_im
INFO: [VRFC 10-311] analyzing module Floating_BUYUK_compare_eq_im__parameterized0
INFO: [VRFC 10-311] analyzing module Floating_BUYUK_compare_eq_im__parameterized0_0
INFO: [VRFC 10-311] analyzing module Floating_BUYUK_compare_gt
INFO: [VRFC 10-311] analyzing module Floating_BUYUK_compare_ne_im
INFO: [VRFC 10-311] analyzing module Floating_BUYUK_compare_ne_im_1
INFO: [VRFC 10-311] analyzing module Floating_BUYUK_delay__parameterized5
INFO: [VRFC 10-311] analyzing module Floating_BUYUK_delay__parameterized6
INFO: [VRFC 10-311] analyzing module Floating_BUYUK_delay__parameterized7
INFO: [VRFC 10-311] analyzing module Floating_BUYUK_floating_point_v7_1_5_viv
INFO: [VRFC 10-311] analyzing module Floating_BUYUK_fp_cmp
INFO: [VRFC 10-311] analyzing module Floating_BUYUK_xbip_pipe_v3_0_4_viv
INFO: [VRFC 10-311] analyzing module Floating_BUYUK_xbip_pipe_v3_0_4_viv__parameterized13
INFO: [VRFC 10-311] analyzing module Floating_BUYUK_xbip_pipe_v3_0_4_viv__parameterized15
INFO: [VRFC 10-311] analyzing module Floating_BUYUK_xbip_pipe_v3_0_4_viv__parameterized15_4
INFO: [VRFC 10-311] analyzing module glbl
"xvhdl --incr --relax -prj uyg115_vhdl.prj"
INFO: [VRFC 10-163] Analyzing VHDL file "E:/bildiri ve makaleler/kitap/fpga/uygulamalar/prj_bolum11_uyg5/prj_bolum11_uyg5.srcs/sources_1/imports/new/RandomSayi.vhd" into library xil_defaultlib
INFO: [VRFC 10-307] analyzing entity RandomSayi
INFO: [VRFC 10-163] Analyzing VHDL file "E:/bildiri ve makaleler/kitap/fpga/uygulamalar/prj_bolum11_uyg5/prj_bolum11_uyg5.srcs/sources_1/new/uyg115.vhd" into library xil_defaultlib
INFO: [VRFC 10-307] analyzing entity uyg115
run_program: Time (s): cpu = 00:00:01 ; elapsed = 00:00:13 . Memory (MB): peak = 915.781 ; gain = 0.000
INFO: [USF-XSim-69] 'compile' step finished in '13' seconds
INFO: [USF-XSim-3] XSim::Elaborate design
INFO: [USF-XSim-61] Executing 'ELABORATE' step in 'E:/bildiri ve makaleler/kitap/fpga/uygulamalar/prj_bolum11_uyg5/prj_bolum11_uyg5.sim/sim_1/behav/xsim'
Vivado Simulator 2017.4
Copyright 1986-1999, 2001-2016 Xilinx, Inc. All Rights Reserved.
Running: C:/Xilinx/Vivado/2017.4/bin/unwrapped/win64.o/xelab.exe -wto 926208ed61ad4ea6a757ec39f3991646 --incr --debug typical --relax --mt 2 -L xil_defaultlib -L unisims_ver -L unimacro_ver -L secureip -L xpm --snapshot uyg115_behav xil_defaultlib.uyg115 xil_defaultlib.glbl -log elaborate.log 
Using 2 slave threads.
Starting static elaboration
ERROR: [VRFC 10-664] expression has 33 elements ; expected 32 [E:/bildiri ve makaleler/kitap/fpga/uygulamalar/prj_bolum11_uyg5/prj_bolum11_uyg5.srcs/sources_1/imports/new/RandomSayi.vhd:26]
ERROR: [XSIM 43-3322] Static elaboration of top level Verilog design unit(s) in library work failed.
INFO: [USF-XSim-69] 'elaborate' step finished in '5' seconds
INFO: [USF-XSim-99] Step results log file:'E:/bildiri ve makaleler/kitap/fpga/uygulamalar/prj_bolum11_uyg5/prj_bolum11_uyg5.sim/sim_1/behav/xsim/elaborate.log'
ERROR: [USF-XSim-62] 'elaborate' step failed with error(s). Please check the Tcl console output or 'E:/bildiri ve makaleler/kitap/fpga/uygulamalar/prj_bolum11_uyg5/prj_bolum11_uyg5.sim/sim_1/behav/xsim/elaborate.log' file for more information.
ERROR: [Vivado 12-4473] Detected error while running simulation. Please correct the issue and retry this operation.
launch_simulation: Time (s): cpu = 00:00:02 ; elapsed = 00:00:20 . Memory (MB): peak = 915.781 ; gain = 0.000
ERROR: [Common 17-39] 'launch_simulation' failed due to earlier errors.
launch_simulation
INFO: [Vivado 12-5698] Checking validity of IPs in the design for the 'XSim' simulator...
INFO: [Vivado 12-5682] Launching behavioral simulation in 'E:/bildiri ve makaleler/kitap/fpga/uygulamalar/prj_bolum11_uyg5/prj_bolum11_uyg5.sim/sim_1/behav/xsim'
INFO: [Vivado 12-4795] Using compiled simulation libraries for IPs
INFO: [SIM-utils-51] Simulation object is 'sim_1'
INFO: [USF-XSim-7] Finding pre-compiled libraries...
INFO: [USF-XSim-11] File 'C:/Xilinx/Vivado/2017.4/data/xsim/ip/xsim_ip.ini' copied to run dir:'E:/bildiri ve makaleler/kitap/fpga/uygulamalar/prj_bolum11_uyg5/prj_bolum11_uyg5.sim/sim_1/behav/xsim'
INFO: [SIM-utils-54] Inspecting design source files for 'uyg115' in fileset 'sim_1'...
INFO: [USF-XSim-97] Finding global include files...
INFO: [USF-XSim-98] Fetching design files from 'sim_1'...
INFO: [USF-XSim-2] XSim::Compile design
INFO: [USF-XSim-61] Executing 'COMPILE and ANALYZE' step in 'E:/bildiri ve makaleler/kitap/fpga/uygulamalar/prj_bolum11_uyg5/prj_bolum11_uyg5.sim/sim_1/behav/xsim'
"xvlog --incr --relax -prj uyg115_vlog.prj"
INFO: [VRFC 10-2263] Analyzing Verilog file "E:/bildiri ve makaleler/kitap/fpga/uygulamalar/prj_bolum11_uyg5/prj_bolum11_uyg5.srcs/sources_1/ip/Floating_KUCUK/Floating_KUCUK_sim_netlist.v" into library xil_defaultlib
INFO: [VRFC 10-311] analyzing module Floating_KUCUK
INFO: [VRFC 10-311] analyzing module Floating_KUCUK_floating_point_v7_1_5
INFO: [VRFC 10-311] analyzing module Floating_KUCUK_axi_slave_2to1
INFO: [VRFC 10-311] analyzing module Floating_KUCUK_carry_chain
INFO: [VRFC 10-311] analyzing module Floating_KUCUK_carry_chain__parameterized0
INFO: [VRFC 10-311] analyzing module Floating_KUCUK_carry_chain__parameterized0_2
INFO: [VRFC 10-311] analyzing module Floating_KUCUK_carry_chain__parameterized1
INFO: [VRFC 10-311] analyzing module Floating_KUCUK_carry_chain__parameterized1_3
INFO: [VRFC 10-311] analyzing module Floating_KUCUK_carry_chain__parameterized2
INFO: [VRFC 10-311] analyzing module Floating_KUCUK_carry_chain__parameterized3
INFO: [VRFC 10-311] analyzing module Floating_KUCUK_compare_eq
INFO: [VRFC 10-311] analyzing module Floating_KUCUK_compare_eq_im
INFO: [VRFC 10-311] analyzing module Floating_KUCUK_compare_eq_im__parameterized0
INFO: [VRFC 10-311] analyzing module Floating_KUCUK_compare_eq_im__parameterized0_0
INFO: [VRFC 10-311] analyzing module Floating_KUCUK_compare_gt
INFO: [VRFC 10-311] analyzing module Floating_KUCUK_compare_ne_im
INFO: [VRFC 10-311] analyzing module Floating_KUCUK_compare_ne_im_1
INFO: [VRFC 10-311] analyzing module Floating_KUCUK_delay__parameterized5
INFO: [VRFC 10-311] analyzing module Floating_KUCUK_delay__parameterized6
INFO: [VRFC 10-311] analyzing module Floating_KUCUK_delay__parameterized7
INFO: [VRFC 10-311] analyzing module Floating_KUCUK_floating_point_v7_1_5_viv
INFO: [VRFC 10-311] analyzing module Floating_KUCUK_fp_cmp
INFO: [VRFC 10-311] analyzing module Floating_KUCUK_xbip_pipe_v3_0_4_viv
INFO: [VRFC 10-311] analyzing module Floating_KUCUK_xbip_pipe_v3_0_4_viv__parameterized13
INFO: [VRFC 10-311] analyzing module Floating_KUCUK_xbip_pipe_v3_0_4_viv__parameterized15
INFO: [VRFC 10-311] analyzing module Floating_KUCUK_xbip_pipe_v3_0_4_viv__parameterized15_4
INFO: [VRFC 10-311] analyzing module glbl
"xvhdl --incr --relax -prj uyg115_vhdl.prj"
INFO: [VRFC 10-163] Analyzing VHDL file "E:/bildiri ve makaleler/kitap/fpga/uygulamalar/prj_bolum11_uyg5/prj_bolum11_uyg5.srcs/sources_1/imports/new/RandomSayi.vhd" into library xil_defaultlib
INFO: [VRFC 10-307] analyzing entity RandomSayi
run_program: Time (s): cpu = 00:00:01 ; elapsed = 00:00:15 . Memory (MB): peak = 915.781 ; gain = 0.000
INFO: [USF-XSim-69] 'compile' step finished in '15' seconds
INFO: [USF-XSim-3] XSim::Elaborate design
INFO: [USF-XSim-61] Executing 'ELABORATE' step in 'E:/bildiri ve makaleler/kitap/fpga/uygulamalar/prj_bolum11_uyg5/prj_bolum11_uyg5.sim/sim_1/behav/xsim'
Vivado Simulator 2017.4
Copyright 1986-1999, 2001-2016 Xilinx, Inc. All Rights Reserved.
Running: C:/Xilinx/Vivado/2017.4/bin/unwrapped/win64.o/xelab.exe -wto 926208ed61ad4ea6a757ec39f3991646 --incr --debug typical --relax --mt 2 -L xil_defaultlib -L unisims_ver -L unimacro_ver -L secureip -L xpm --snapshot uyg115_behav xil_defaultlib.uyg115 xil_defaultlib.glbl -log elaborate.log 
Using 2 slave threads.
Starting static elaboration
Completed static elaboration
Starting simulation data flow analysis
Completed simulation data flow analysis
Time Resolution for simulation is 1ps
Compiling package std.standard
Compiling package std.textio
Compiling package ieee.std_logic_1164
Compiling package ieee.std_logic_arith
Compiling package ieee.std_logic_unsigned
Compiling package vl.vl_types
Compiling module xil_defaultlib.glbl
Compiling architecture behavioral of entity xil_defaultlib.RandomSayi [\RandomSayi(n=32)\]
Compiling module unisims_ver.GND
Compiling module unisims_ver.VCC
Compiling module unisims_ver.FDRE_default
Compiling module xil_defaultlib.Floating_BUYUK_xbip_pipe_v3_0_4_...
Compiling module xil_defaultlib.Floating_BUYUK_delay__parameteri...
Compiling module xil_defaultlib.Floating_BUYUK_xbip_pipe_v3_0_4_...
Compiling module xil_defaultlib.Floating_BUYUK_delay__parameteri...
Compiling module xil_defaultlib.Floating_BUYUK_xbip_pipe_v3_0_4_...
Compiling module xil_defaultlib.Floating_BUYUK_delay__parameteri...
Compiling module unisims_ver.CARRY4
Compiling module xil_defaultlib.Floating_BUYUK_carry_chain__para...
Compiling module unisims_ver.LUT6
Compiling module xil_defaultlib.Floating_BUYUK_compare_eq
Compiling module unisims_ver.x_lut2_mux4
Compiling module unisims_ver.LUT2
Compiling module xil_defaultlib.Floating_BUYUK_carry_chain__para...
Compiling module xil_defaultlib.Floating_BUYUK_compare_eq_im__pa...
Compiling module unisims_ver.LUT5
Compiling module xil_defaultlib.Floating_BUYUK_carry_chain__para...
Compiling module xil_defaultlib.Floating_BUYUK_compare_ne_im
Compiling module xil_defaultlib.Floating_BUYUK_carry_chain__para...
Compiling module unisims_ver.LUT4
Compiling module xil_defaultlib.Floating_BUYUK_compare_gt
Compiling module xil_defaultlib.Floating_BUYUK_carry_chain__para...
Compiling module xil_defaultlib.Floating_BUYUK_compare_eq_im__pa...
Compiling module xil_defaultlib.Floating_BUYUK_carry_chain__para...
Compiling module xil_defaultlib.Floating_BUYUK_compare_ne_im_1
Compiling module xil_defaultlib.Floating_BUYUK_carry_chain
Compiling module xil_defaultlib.Floating_BUYUK_compare_eq_im
Compiling module xil_defaultlib.Floating_BUYUK_fp_cmp
Compiling module unisims_ver.x_lut3_mux8
Compiling module unisims_ver.LUT3
Compiling module xil_defaultlib.Floating_BUYUK_xbip_pipe_v3_0_4_...
Compiling module unisims_ver.FDRE(INIT=1'b1)
Compiling module xil_defaultlib.Floating_BUYUK_axi_slave_2to1
Compiling module xil_defaultlib.Floating_BUYUK_floating_point_v7...
Compiling module xil_defaultlib.Floating_BUYUK_floating_point_v7...
Compiling module xil_defaultlib.Floating_BUYUK
Compiling module unisims_ver.FDRE_default_1
Compiling module xil_defaultlib.Floating_KUCUK_xbip_pipe_v3_0_4_...
Compiling module xil_defaultlib.Floating_KUCUK_delay__parameteri...
Compiling module xil_defaultlib.Floating_KUCUK_xbip_pipe_v3_0_4_...
Compiling module xil_defaultlib.Floating_KUCUK_delay__parameteri...
Compiling module xil_defaultlib.Floating_KUCUK_xbip_pipe_v3_0_4_...
Compiling module xil_defaultlib.Floating_KUCUK_delay__parameteri...
Compiling module xil_defaultlib.Floating_KUCUK_carry_chain__para...
Compiling module xil_defaultlib.Floating_KUCUK_compare_eq
Compiling module xil_defaultlib.Floating_KUCUK_carry_chain__para...
Compiling module xil_defaultlib.Floating_KUCUK_compare_eq_im__pa...
Compiling module xil_defaultlib.Floating_KUCUK_carry_chain__para...
Compiling module xil_defaultlib.Floating_KUCUK_compare_ne_im
Compiling module xil_defaultlib.Floating_KUCUK_carry_chain__para...
Compiling module xil_defaultlib.Floating_KUCUK_compare_gt
Compiling module xil_defaultlib.Floating_KUCUK_carry_chain__para...
Compiling module xil_defaultlib.Floating_KUCUK_compare_eq_im__pa...
Compiling module xil_defaultlib.Floating_KUCUK_carry_chain__para...
Compiling module xil_defaultlib.Floating_KUCUK_compare_ne_im_1
Compiling module xil_defaultlib.Floating_KUCUK_carry_chain
Compiling module xil_defaultlib.Floating_KUCUK_compare_eq_im
Compiling module xil_defaultlib.Floating_KUCUK_fp_cmp
Compiling module xil_defaultlib.Floating_KUCUK_xbip_pipe_v3_0_4_...
Compiling module xil_defaultlib.Floating_KUCUK_axi_slave_2to1
Compiling module xil_defaultlib.Floating_KUCUK_floating_point_v7...
Compiling module xil_defaultlib.Floating_KUCUK_floating_point_v7...
Compiling module xil_defaultlib.Floating_KUCUK
Compiling architecture behavioral of entity xil_defaultlib.blokRAM [blokram_default]
Compiling architecture behavioral of entity xil_defaultlib.uyg115
Built simulation snapshot uyg115_behav
run_program: Time (s): cpu = 00:00:01 ; elapsed = 00:00:18 . Memory (MB): peak = 915.781 ; gain = 0.000
INFO: [USF-XSim-69] 'elaborate' step finished in '18' seconds
INFO: [USF-XSim-4] XSim::Simulate design
INFO: [USF-XSim-61] Executing 'SIMULATE' step in 'E:/bildiri ve makaleler/kitap/fpga/uygulamalar/prj_bolum11_uyg5/prj_bolum11_uyg5.sim/sim_1/behav/xsim'
INFO: [USF-XSim-98] *** Running xsim
   with args "uyg115_behav -key {Behavioral:sim_1:Functional:uyg115} -tclbatch {uyg115.tcl} -log {simulate.log}"
INFO: [USF-XSim-8] Loading simulator feature
Vivado Simulator 2017.4
Time resolution is 1 ps
source uyg115.tcl
# set curr_wave [current_wave_config]
# if { [string length $curr_wave] == 0 } {
#   if { [llength [get_objects]] > 0} {
#     add_wave /
#     set_property needs_save false [current_wave_config]
#   } else {
#      send_msg_id Add_Wave-1 WARNING "No top level signals found. Simulator will start without a wave window. If you want to open a wave window go to 'File->New Waveform Configuration' or type 'create_wave_config' in the TCL console."
#   }
# }
# run 1000ns
xsim: Time (s): cpu = 00:00:07 ; elapsed = 00:00:06 . Memory (MB): peak = 915.781 ; gain = 0.000
INFO: [USF-XSim-96] XSim completed. Design snapshot 'uyg115_behav' loaded.
INFO: [USF-XSim-97] XSim simulation ran for 1000ns
launch_simulation: Time (s): cpu = 00:00:11 ; elapsed = 00:00:42 . Memory (MB): peak = 915.781 ; gain = 0.000
add_force {/uyg115/clk} -radix hex {0 0ns} {1 50000ps} -repeat_every 100000ps
run 100 ns
run 100 ns
run 100 ns
run 100 ns
run 100 ns
run 100 ns
run 100 ns
run 100 ns
run 100 ns
run 100 ns
run 100 ns
run 100 ns
run 100 ns
run 100 ns
run 100 ns
close_sim
INFO: [Simtcl 6-16] Simulation closed
update_compile_order -fileset sources_1
update_compile_order -fileset sources_1
launch_simulation
INFO: [Vivado 12-5698] Checking validity of IPs in the design for the 'XSim' simulator...
INFO: [Vivado 12-5682] Launching behavioral simulation in 'E:/bildiri ve makaleler/kitap/fpga/uygulamalar/prj_bolum11_uyg5/prj_bolum11_uyg5.sim/sim_1/behav/xsim'
INFO: [Vivado 12-4795] Using compiled simulation libraries for IPs
INFO: [SIM-utils-51] Simulation object is 'sim_1'
INFO: [USF-XSim-7] Finding pre-compiled libraries...
INFO: [USF-XSim-11] File 'C:/Xilinx/Vivado/2017.4/data/xsim/ip/xsim_ip.ini' copied to run dir:'E:/bildiri ve makaleler/kitap/fpga/uygulamalar/prj_bolum11_uyg5/prj_bolum11_uyg5.sim/sim_1/behav/xsim'
INFO: [SIM-utils-54] Inspecting design source files for 'uyg115' in fileset 'sim_1'...
INFO: [USF-XSim-97] Finding global include files...
INFO: [USF-XSim-98] Fetching design files from 'sim_1'...
INFO: [USF-XSim-2] XSim::Compile design
INFO: [USF-XSim-61] Executing 'COMPILE and ANALYZE' step in 'E:/bildiri ve makaleler/kitap/fpga/uygulamalar/prj_bolum11_uyg5/prj_bolum11_uyg5.sim/sim_1/behav/xsim'
"xvlog --incr --relax -prj uyg115_vlog.prj"
INFO: [VRFC 10-2263] Analyzing Verilog file "E:/bildiri ve makaleler/kitap/fpga/uygulamalar/prj_bolum11_uyg5/prj_bolum11_uyg5.srcs/sources_1/ip/Floating_BUYUK/Floating_BUYUK_sim_netlist.v" into library xil_defaultlib
INFO: [VRFC 10-311] analyzing module Floating_BUYUK
INFO: [VRFC 10-311] analyzing module Floating_BUYUK_floating_point_v7_1_5
INFO: [VRFC 10-311] analyzing module Floating_BUYUK_axi_slave_2to1
INFO: [VRFC 10-311] analyzing module Floating_BUYUK_carry_chain
INFO: [VRFC 10-311] analyzing module Floating_BUYUK_carry_chain__parameterized0
INFO: [VRFC 10-311] analyzing module Floating_BUYUK_carry_chain__parameterized0_2
INFO: [VRFC 10-311] analyzing module Floating_BUYUK_carry_chain__parameterized1
INFO: [VRFC 10-311] analyzing module Floating_BUYUK_carry_chain__parameterized1_3
INFO: [VRFC 10-311] analyzing module Floating_BUYUK_carry_chain__parameterized2
INFO: [VRFC 10-311] analyzing module Floating_BUYUK_carry_chain__parameterized3
INFO: [VRFC 10-311] analyzing module Floating_BUYUK_compare_eq
INFO: [VRFC 10-311] analyzing module Floating_BUYUK_compare_eq_im
INFO: [VRFC 10-311] analyzing module Floating_BUYUK_compare_eq_im__parameterized0
INFO: [VRFC 10-311] analyzing module Floating_BUYUK_compare_eq_im__parameterized0_0
INFO: [VRFC 10-311] analyzing module Floating_BUYUK_compare_gt
INFO: [VRFC 10-311] analyzing module Floating_BUYUK_compare_ne_im
INFO: [VRFC 10-311] analyzing module Floating_BUYUK_compare_ne_im_1
INFO: [VRFC 10-311] analyzing module Floating_BUYUK_delay__parameterized5
INFO: [VRFC 10-311] analyzing module Floating_BUYUK_delay__parameterized6
INFO: [VRFC 10-311] analyzing module Floating_BUYUK_delay__parameterized7
INFO: [VRFC 10-311] analyzing module Floating_BUYUK_floating_point_v7_1_5_viv
INFO: [VRFC 10-311] analyzing module Floating_BUYUK_fp_cmp
INFO: [VRFC 10-311] analyzing module Floating_BUYUK_xbip_pipe_v3_0_4_viv
INFO: [VRFC 10-311] analyzing module Floating_BUYUK_xbip_pipe_v3_0_4_viv__parameterized13
INFO: [VRFC 10-311] analyzing module Floating_BUYUK_xbip_pipe_v3_0_4_viv__parameterized15
INFO: [VRFC 10-311] analyzing module Floating_BUYUK_xbip_pipe_v3_0_4_viv__parameterized15_4
INFO: [VRFC 10-311] analyzing module glbl
"xvhdl --incr --relax -prj uyg115_vhdl.prj"
INFO: [VRFC 10-163] Analyzing VHDL file "E:/bildiri ve makaleler/kitap/fpga/uygulamalar/prj_bolum11_uyg5/prj_bolum11_uyg5.srcs/sources_1/new/uyg115.vhd" into library xil_defaultlib
INFO: [VRFC 10-307] analyzing entity uyg115
run_program: Time (s): cpu = 00:00:00 ; elapsed = 00:00:15 . Memory (MB): peak = 915.781 ; gain = 0.000
INFO: [USF-XSim-69] 'compile' step finished in '14' seconds
INFO: [USF-XSim-3] XSim::Elaborate design
INFO: [USF-XSim-61] Executing 'ELABORATE' step in 'E:/bildiri ve makaleler/kitap/fpga/uygulamalar/prj_bolum11_uyg5/prj_bolum11_uyg5.sim/sim_1/behav/xsim'
Vivado Simulator 2017.4
Copyright 1986-1999, 2001-2016 Xilinx, Inc. All Rights Reserved.
Running: C:/Xilinx/Vivado/2017.4/bin/unwrapped/win64.o/xelab.exe -wto 926208ed61ad4ea6a757ec39f3991646 --incr --debug typical --relax --mt 2 -L xil_defaultlib -L unisims_ver -L unimacro_ver -L secureip -L xpm --snapshot uyg115_behav xil_defaultlib.uyg115 xil_defaultlib.glbl -log elaborate.log 
Using 2 slave threads.
Starting static elaboration
Completed static elaboration
Starting simulation data flow analysis
Completed simulation data flow analysis
Time Resolution for simulation is 1ps
Compiling package std.standard
Compiling package std.textio
Compiling package ieee.std_logic_1164
Compiling package ieee.std_logic_arith
Compiling package ieee.std_logic_unsigned
Compiling package vl.vl_types
Compiling module xil_defaultlib.glbl
Compiling architecture behavioral of entity xil_defaultlib.RandomSayi [\RandomSayi(n=32)\]
Compiling module unisims_ver.GND
Compiling module unisims_ver.VCC
Compiling module unisims_ver.FDRE_default
Compiling module xil_defaultlib.Floating_BUYUK_xbip_pipe_v3_0_4_...
Compiling module xil_defaultlib.Floating_BUYUK_delay__parameteri...
Compiling module xil_defaultlib.Floating_BUYUK_xbip_pipe_v3_0_4_...
Compiling module xil_defaultlib.Floating_BUYUK_delay__parameteri...
Compiling module xil_defaultlib.Floating_BUYUK_xbip_pipe_v3_0_4_...
Compiling module xil_defaultlib.Floating_BUYUK_delay__parameteri...
Compiling module unisims_ver.CARRY4
Compiling module xil_defaultlib.Floating_BUYUK_carry_chain__para...
Compiling module unisims_ver.LUT6
Compiling module xil_defaultlib.Floating_BUYUK_compare_eq
Compiling module unisims_ver.x_lut2_mux4
Compiling module unisims_ver.LUT2
Compiling module xil_defaultlib.Floating_BUYUK_carry_chain__para...
Compiling module xil_defaultlib.Floating_BUYUK_compare_eq_im__pa...
Compiling module unisims_ver.LUT5
Compiling module xil_defaultlib.Floating_BUYUK_carry_chain__para...
Compiling module xil_defaultlib.Floating_BUYUK_compare_ne_im
Compiling module xil_defaultlib.Floating_BUYUK_carry_chain__para...
Compiling module unisims_ver.LUT4
Compiling module xil_defaultlib.Floating_BUYUK_compare_gt
Compiling module xil_defaultlib.Floating_BUYUK_carry_chain__para...
Compiling module xil_defaultlib.Floating_BUYUK_compare_eq_im__pa...
Compiling module xil_defaultlib.Floating_BUYUK_carry_chain__para...
Compiling module xil_defaultlib.Floating_BUYUK_compare_ne_im_1
Compiling module xil_defaultlib.Floating_BUYUK_carry_chain
Compiling module xil_defaultlib.Floating_BUYUK_compare_eq_im
Compiling module xil_defaultlib.Floating_BUYUK_fp_cmp
Compiling module unisims_ver.x_lut3_mux8
Compiling module unisims_ver.LUT3
Compiling module xil_defaultlib.Floating_BUYUK_xbip_pipe_v3_0_4_...
Compiling module unisims_ver.FDRE(INIT=1'b1)
Compiling module xil_defaultlib.Floating_BUYUK_axi_slave_2to1
Compiling module xil_defaultlib.Floating_BUYUK_floating_point_v7...
Compiling module xil_defaultlib.Floating_BUYUK_floating_point_v7...
Compiling module xil_defaultlib.Floating_BUYUK
Compiling module unisims_ver.FDRE_default_1
Compiling module xil_defaultlib.Floating_KUCUK_xbip_pipe_v3_0_4_...
Compiling module xil_defaultlib.Floating_KUCUK_delay__parameteri...
Compiling module xil_defaultlib.Floating_KUCUK_xbip_pipe_v3_0_4_...
Compiling module xil_defaultlib.Floating_KUCUK_delay__parameteri...
Compiling module xil_defaultlib.Floating_KUCUK_xbip_pipe_v3_0_4_...
Compiling module xil_defaultlib.Floating_KUCUK_delay__parameteri...
Compiling module xil_defaultlib.Floating_KUCUK_carry_chain__para...
Compiling module xil_defaultlib.Floating_KUCUK_compare_eq
Compiling module xil_defaultlib.Floating_KUCUK_carry_chain__para...
Compiling module xil_defaultlib.Floating_KUCUK_compare_eq_im__pa...
Compiling module xil_defaultlib.Floating_KUCUK_carry_chain__para...
Compiling module xil_defaultlib.Floating_KUCUK_compare_ne_im
Compiling module xil_defaultlib.Floating_KUCUK_carry_chain__para...
Compiling module xil_defaultlib.Floating_KUCUK_compare_gt
Compiling module xil_defaultlib.Floating_KUCUK_carry_chain__para...
Compiling module xil_defaultlib.Floating_KUCUK_compare_eq_im__pa...
Compiling module xil_defaultlib.Floating_KUCUK_carry_chain__para...
Compiling module xil_defaultlib.Floating_KUCUK_compare_ne_im_1
Compiling module xil_defaultlib.Floating_KUCUK_carry_chain
Compiling module xil_defaultlib.Floating_KUCUK_compare_eq_im
Compiling module xil_defaultlib.Floating_KUCUK_fp_cmp
Compiling module xil_defaultlib.Floating_KUCUK_xbip_pipe_v3_0_4_...
Compiling module xil_defaultlib.Floating_KUCUK_axi_slave_2to1
Compiling module xil_defaultlib.Floating_KUCUK_floating_point_v7...
Compiling module xil_defaultlib.Floating_KUCUK_floating_point_v7...
Compiling module xil_defaultlib.Floating_KUCUK
Compiling architecture behavioral of entity xil_defaultlib.blokRAM [blokram_default]
Compiling architecture behavioral of entity xil_defaultlib.uyg115
Built simulation snapshot uyg115_behav
run_program: Time (s): cpu = 00:00:01 ; elapsed = 00:00:18 . Memory (MB): peak = 915.781 ; gain = 0.000
INFO: [USF-XSim-69] 'elaborate' step finished in '18' seconds
INFO: [USF-XSim-4] XSim::Simulate design
INFO: [USF-XSim-61] Executing 'SIMULATE' step in 'E:/bildiri ve makaleler/kitap/fpga/uygulamalar/prj_bolum11_uyg5/prj_bolum11_uyg5.sim/sim_1/behav/xsim'
INFO: [USF-XSim-98] *** Running xsim
   with args "uyg115_behav -key {Behavioral:sim_1:Functional:uyg115} -tclbatch {uyg115.tcl} -log {simulate.log}"
INFO: [USF-XSim-8] Loading simulator feature
Vivado Simulator 2017.4
Time resolution is 1 ps
source uyg115.tcl
# set curr_wave [current_wave_config]
# if { [string length $curr_wave] == 0 } {
#   if { [llength [get_objects]] > 0} {
#     add_wave /
#     set_property needs_save false [current_wave_config]
#   } else {
#      send_msg_id Add_Wave-1 WARNING "No top level signals found. Simulator will start without a wave window. If you want to open a wave window go to 'File->New Waveform Configuration' or type 'create_wave_config' in the TCL console."
#   }
# }
# run 1000ns
INFO: [USF-XSim-96] XSim completed. Design snapshot 'uyg115_behav' loaded.
INFO: [USF-XSim-97] XSim simulation ran for 1000ns
launch_simulation: Time (s): cpu = 00:00:07 ; elapsed = 00:00:40 . Memory (MB): peak = 915.781 ; gain = 0.000
add_force {/uyg115/clk} -radix hex {0 0ns} {1 50000ps} -repeat_every 100000ps
run 100 ns
run 100 ns
run 100 ns
run 100 ns
run 100 ns
run 100 ns
run 100 ns
run 100 ns
run 100 ns
run 100 ns
run 100 ns
run 100 ns
run 100 ns
run 100 ns
run 100 ns
run 100 ns
run 100 ns
run 100 ns
run 100 ns
run 100 ns
run 100 ns
run 100 ns
run 100 ns
run 100 ns
run 100 ns
run 100 ns
run 100 ns
run 100 ns
run 100 ns
run 100 ns
run 100 ns
run 100 ns
run 100 ns
run 100 ns
run 100 ns
run 100 ns
run 100 ns
run 100 ns
run 100 ns
run 100 ns
close_sim
INFO: [Simtcl 6-16] Simulation closed
launch_simulation
INFO: [Vivado 12-5698] Checking validity of IPs in the design for the 'XSim' simulator...
INFO: [Vivado 12-5682] Launching behavioral simulation in 'E:/bildiri ve makaleler/kitap/fpga/uygulamalar/prj_bolum11_uyg5/prj_bolum11_uyg5.sim/sim_1/behav/xsim'
INFO: [Vivado 12-4795] Using compiled simulation libraries for IPs
INFO: [SIM-utils-51] Simulation object is 'sim_1'
INFO: [USF-XSim-7] Finding pre-compiled libraries...
INFO: [USF-XSim-11] File 'C:/Xilinx/Vivado/2017.4/data/xsim/ip/xsim_ip.ini' copied to run dir:'E:/bildiri ve makaleler/kitap/fpga/uygulamalar/prj_bolum11_uyg5/prj_bolum11_uyg5.sim/sim_1/behav/xsim'
INFO: [SIM-utils-54] Inspecting design source files for 'uyg115' in fileset 'sim_1'...
INFO: [USF-XSim-97] Finding global include files...
INFO: [USF-XSim-98] Fetching design files from 'sim_1'...
INFO: [USF-XSim-2] XSim::Compile design
INFO: [USF-XSim-61] Executing 'COMPILE and ANALYZE' step in 'E:/bildiri ve makaleler/kitap/fpga/uygulamalar/prj_bolum11_uyg5/prj_bolum11_uyg5.sim/sim_1/behav/xsim'
"xvlog --incr --relax -prj uyg115_vlog.prj"
INFO: [VRFC 10-2263] Analyzing Verilog file "E:/bildiri ve makaleler/kitap/fpga/uygulamalar/prj_bolum11_uyg5/prj_bolum11_uyg5.srcs/sources_1/ip/Floating_KUCUK/Floating_KUCUK_sim_netlist.v" into library xil_defaultlib
INFO: [VRFC 10-311] analyzing module Floating_KUCUK
INFO: [VRFC 10-311] analyzing module Floating_KUCUK_floating_point_v7_1_5
INFO: [VRFC 10-311] analyzing module Floating_KUCUK_axi_slave_2to1
INFO: [VRFC 10-311] analyzing module Floating_KUCUK_carry_chain
INFO: [VRFC 10-311] analyzing module Floating_KUCUK_carry_chain__parameterized0
INFO: [VRFC 10-311] analyzing module Floating_KUCUK_carry_chain__parameterized0_2
INFO: [VRFC 10-311] analyzing module Floating_KUCUK_carry_chain__parameterized1
INFO: [VRFC 10-311] analyzing module Floating_KUCUK_carry_chain__parameterized1_3
INFO: [VRFC 10-311] analyzing module Floating_KUCUK_carry_chain__parameterized2
INFO: [VRFC 10-311] analyzing module Floating_KUCUK_carry_chain__parameterized3
INFO: [VRFC 10-311] analyzing module Floating_KUCUK_compare_eq
INFO: [VRFC 10-311] analyzing module Floating_KUCUK_compare_eq_im
INFO: [VRFC 10-311] analyzing module Floating_KUCUK_compare_eq_im__parameterized0
INFO: [VRFC 10-311] analyzing module Floating_KUCUK_compare_eq_im__parameterized0_0
INFO: [VRFC 10-311] analyzing module Floating_KUCUK_compare_gt
INFO: [VRFC 10-311] analyzing module Floating_KUCUK_compare_ne_im
INFO: [VRFC 10-311] analyzing module Floating_KUCUK_compare_ne_im_1
INFO: [VRFC 10-311] analyzing module Floating_KUCUK_delay__parameterized5
INFO: [VRFC 10-311] analyzing module Floating_KUCUK_delay__parameterized6
INFO: [VRFC 10-311] analyzing module Floating_KUCUK_delay__parameterized7
INFO: [VRFC 10-311] analyzing module Floating_KUCUK_floating_point_v7_1_5_viv
INFO: [VRFC 10-311] analyzing module Floating_KUCUK_fp_cmp
INFO: [VRFC 10-311] analyzing module Floating_KUCUK_xbip_pipe_v3_0_4_viv
INFO: [VRFC 10-311] analyzing module Floating_KUCUK_xbip_pipe_v3_0_4_viv__parameterized13
INFO: [VRFC 10-311] analyzing module Floating_KUCUK_xbip_pipe_v3_0_4_viv__parameterized15
INFO: [VRFC 10-311] analyzing module Floating_KUCUK_xbip_pipe_v3_0_4_viv__parameterized15_4
INFO: [VRFC 10-311] analyzing module glbl
"xvhdl --incr --relax -prj uyg115_vhdl.prj"
INFO: [VRFC 10-163] Analyzing VHDL file "E:/bildiri ve makaleler/kitap/fpga/uygulamalar/prj_bolum11_uyg5/prj_bolum11_uyg5.srcs/sources_1/new/uyg115.vhd" into library xil_defaultlib
INFO: [VRFC 10-307] analyzing entity uyg115
run_program: Time (s): cpu = 00:00:02 ; elapsed = 00:00:13 . Memory (MB): peak = 925.859 ; gain = 0.000
INFO: [USF-XSim-69] 'compile' step finished in '13' seconds
INFO: [USF-XSim-3] XSim::Elaborate design
INFO: [USF-XSim-61] Executing 'ELABORATE' step in 'E:/bildiri ve makaleler/kitap/fpga/uygulamalar/prj_bolum11_uyg5/prj_bolum11_uyg5.sim/sim_1/behav/xsim'
Vivado Simulator 2017.4
Copyright 1986-1999, 2001-2016 Xilinx, Inc. All Rights Reserved.
Running: C:/Xilinx/Vivado/2017.4/bin/unwrapped/win64.o/xelab.exe -wto 926208ed61ad4ea6a757ec39f3991646 --incr --debug typical --relax --mt 2 -L xil_defaultlib -L unisims_ver -L unimacro_ver -L secureip -L xpm --snapshot uyg115_behav xil_defaultlib.uyg115 xil_defaultlib.glbl -log elaborate.log 
Using 2 slave threads.
Starting static elaboration
Completed static elaboration
Starting simulation data flow analysis
Completed simulation data flow analysis
Time Resolution for simulation is 1ps
Compiling package std.standard
Compiling package std.textio
Compiling package ieee.std_logic_1164
Compiling package ieee.std_logic_arith
Compiling package ieee.std_logic_unsigned
Compiling package vl.vl_types
Compiling module xil_defaultlib.glbl
Compiling architecture behavioral of entity xil_defaultlib.RandomSayi [\RandomSayi(n=32)\]
Compiling module unisims_ver.GND
Compiling module unisims_ver.VCC
Compiling module unisims_ver.FDRE_default
Compiling module xil_defaultlib.Floating_BUYUK_xbip_pipe_v3_0_4_...
Compiling module xil_defaultlib.Floating_BUYUK_delay__parameteri...
Compiling module xil_defaultlib.Floating_BUYUK_xbip_pipe_v3_0_4_...
Compiling module xil_defaultlib.Floating_BUYUK_delay__parameteri...
Compiling module xil_defaultlib.Floating_BUYUK_xbip_pipe_v3_0_4_...
Compiling module xil_defaultlib.Floating_BUYUK_delay__parameteri...
Compiling module unisims_ver.CARRY4
Compiling module xil_defaultlib.Floating_BUYUK_carry_chain__para...
Compiling module unisims_ver.LUT6
Compiling module xil_defaultlib.Floating_BUYUK_compare_eq
Compiling module unisims_ver.x_lut2_mux4
Compiling module unisims_ver.LUT2
Compiling module xil_defaultlib.Floating_BUYUK_carry_chain__para...
Compiling module xil_defaultlib.Floating_BUYUK_compare_eq_im__pa...
Compiling module unisims_ver.LUT5
Compiling module xil_defaultlib.Floating_BUYUK_carry_chain__para...
Compiling module xil_defaultlib.Floating_BUYUK_compare_ne_im
Compiling module xil_defaultlib.Floating_BUYUK_carry_chain__para...
Compiling module unisims_ver.LUT4
Compiling module xil_defaultlib.Floating_BUYUK_compare_gt
Compiling module xil_defaultlib.Floating_BUYUK_carry_chain__para...
Compiling module xil_defaultlib.Floating_BUYUK_compare_eq_im__pa...
Compiling module xil_defaultlib.Floating_BUYUK_carry_chain__para...
Compiling module xil_defaultlib.Floating_BUYUK_compare_ne_im_1
Compiling module xil_defaultlib.Floating_BUYUK_carry_chain
Compiling module xil_defaultlib.Floating_BUYUK_compare_eq_im
Compiling module xil_defaultlib.Floating_BUYUK_fp_cmp
Compiling module unisims_ver.x_lut3_mux8
Compiling module unisims_ver.LUT3
Compiling module xil_defaultlib.Floating_BUYUK_xbip_pipe_v3_0_4_...
Compiling module unisims_ver.FDRE(INIT=1'b1)
Compiling module xil_defaultlib.Floating_BUYUK_axi_slave_2to1
Compiling module xil_defaultlib.Floating_BUYUK_floating_point_v7...
Compiling module xil_defaultlib.Floating_BUYUK_floating_point_v7...
Compiling module xil_defaultlib.Floating_BUYUK
Compiling module unisims_ver.FDRE_default_1
Compiling module xil_defaultlib.Floating_KUCUK_xbip_pipe_v3_0_4_...
Compiling module xil_defaultlib.Floating_KUCUK_delay__parameteri...
Compiling module xil_defaultlib.Floating_KUCUK_xbip_pipe_v3_0_4_...
Compiling module xil_defaultlib.Floating_KUCUK_delay__parameteri...
Compiling module xil_defaultlib.Floating_KUCUK_xbip_pipe_v3_0_4_...
Compiling module xil_defaultlib.Floating_KUCUK_delay__parameteri...
Compiling module xil_defaultlib.Floating_KUCUK_carry_chain__para...
Compiling module xil_defaultlib.Floating_KUCUK_compare_eq
Compiling module xil_defaultlib.Floating_KUCUK_carry_chain__para...
Compiling module xil_defaultlib.Floating_KUCUK_compare_eq_im__pa...
Compiling module xil_defaultlib.Floating_KUCUK_carry_chain__para...
Compiling module xil_defaultlib.Floating_KUCUK_compare_ne_im
Compiling module xil_defaultlib.Floating_KUCUK_carry_chain__para...
Compiling module xil_defaultlib.Floating_KUCUK_compare_gt
Compiling module xil_defaultlib.Floating_KUCUK_carry_chain__para...
Compiling module xil_defaultlib.Floating_KUCUK_compare_eq_im__pa...
Compiling module xil_defaultlib.Floating_KUCUK_carry_chain__para...
Compiling module xil_defaultlib.Floating_KUCUK_compare_ne_im_1
Compiling module xil_defaultlib.Floating_KUCUK_carry_chain
Compiling module xil_defaultlib.Floating_KUCUK_compare_eq_im
Compiling module xil_defaultlib.Floating_KUCUK_fp_cmp
Compiling module xil_defaultlib.Floating_KUCUK_xbip_pipe_v3_0_4_...
Compiling module xil_defaultlib.Floating_KUCUK_axi_slave_2to1
Compiling module xil_defaultlib.Floating_KUCUK_floating_point_v7...
Compiling module xil_defaultlib.Floating_KUCUK_floating_point_v7...
Compiling module xil_defaultlib.Floating_KUCUK
Compiling architecture behavioral of entity xil_defaultlib.blokRAM [blokram_default]
Compiling architecture behavioral of entity xil_defaultlib.uyg115
Built simulation snapshot uyg115_behav
run_program: Time (s): cpu = 00:00:01 ; elapsed = 00:00:17 . Memory (MB): peak = 925.859 ; gain = 0.000
INFO: [USF-XSim-69] 'elaborate' step finished in '17' seconds
INFO: [USF-XSim-4] XSim::Simulate design
INFO: [USF-XSim-61] Executing 'SIMULATE' step in 'E:/bildiri ve makaleler/kitap/fpga/uygulamalar/prj_bolum11_uyg5/prj_bolum11_uyg5.sim/sim_1/behav/xsim'
INFO: [USF-XSim-98] *** Running xsim
   with args "uyg115_behav -key {Behavioral:sim_1:Functional:uyg115} -tclbatch {uyg115.tcl} -log {simulate.log}"
INFO: [USF-XSim-8] Loading simulator feature
Vivado Simulator 2017.4
Time resolution is 1 ps
source uyg115.tcl
# set curr_wave [current_wave_config]
# if { [string length $curr_wave] == 0 } {
#   if { [llength [get_objects]] > 0} {
#     add_wave /
#     set_property needs_save false [current_wave_config]
#   } else {
#      send_msg_id Add_Wave-1 WARNING "No top level signals found. Simulator will start without a wave window. If you want to open a wave window go to 'File->New Waveform Configuration' or type 'create_wave_config' in the TCL console."
#   }
# }
# run 1000ns
xsim: Time (s): cpu = 00:00:05 ; elapsed = 00:00:05 . Memory (MB): peak = 925.859 ; gain = 0.000
INFO: [USF-XSim-96] XSim completed. Design snapshot 'uyg115_behav' loaded.
INFO: [USF-XSim-97] XSim simulation ran for 1000ns
launch_simulation: Time (s): cpu = 00:00:08 ; elapsed = 00:00:38 . Memory (MB): peak = 925.859 ; gain = 0.000
add_force {/uyg115/clk} -radix hex {0 0ns} {1 50000ps} -repeat_every 100000ps
run 200 ns
run 200 ns
run 200 ns
run 200 ns
run 200 ns
run 200 ns
run 200 ns
run 200 ns
run 200 ns
run 200 ns
run 200 ns
run 200 ns
run 200 ns
run 200 ns
run 200 ns
run 200 ns
run 200 ns
run 200 ns
run 200 ns
run 200 ns
run 200 ns
run 200 ns
run 200 ns
run 200 ns
run 200 ns
run 200 ns
run 200 ns
run 200 ns
run 200 ns
run 200 ns
run 200 ns
run 200 ns
run 200 ns
run 200 ns
run 200 ns
run 200 ns
run 200 ns
run 200 ns
run 200 ns
run 200 ns
run 200 ns
run 200 ns
run 200 ns
run 200 ns
run 200 ns
run 200 ns
run 200 ns
run 200 ns
run 200 ns
run 200 ns
run 200 ns
run 200 ns
run 200 ns
run 200 ns
run 200 ns
run 200 ns
run 200 ns
run 200 ns
run 200 ns
run 200 ns
run 200 ns
run 200 ns
run 200 ns
run 200 ns
run 200 ns
run 200 ns
run 200 ns
run 200 ns
run 200 ns
run 200 ns
run 200 ns
run 200 ns
run 200 ns
run 200 ns
run 200 ns
run 200 ns
run 200 ns
run 200 ns
run 200 ns
run 200 ns
run 200 ns
run 200 ns
run 200 ns
run 200 ns
run 200 ns
run 200 ns
run 200 ns
run 200 ns
run 200 ns
run 200 ns
run 200 ns
run 200 ns
run 200 ns
run 200 ns
run 200 ns
run 200 ns
add_force {/uyg115/adr} -radix hex {6 0ns}
run 200 ns
run 200 ns
add_force {/uyg115/adr} -radix hex {0 0ns}
run 200 ns
add_force {/uyg115/adr} -radix hex {c 0ns}
run 200 ns
close_sim
INFO: [Simtcl 6-16] Simulation closed
launch_simulation
INFO: [Vivado 12-5698] Checking validity of IPs in the design for the 'XSim' simulator...
INFO: [Vivado 12-5682] Launching behavioral simulation in 'E:/bildiri ve makaleler/kitap/fpga/uygulamalar/prj_bolum11_uyg5/prj_bolum11_uyg5.sim/sim_1/behav/xsim'
INFO: [Vivado 12-4795] Using compiled simulation libraries for IPs
INFO: [SIM-utils-51] Simulation object is 'sim_1'
INFO: [USF-XSim-7] Finding pre-compiled libraries...
INFO: [USF-XSim-11] File 'C:/Xilinx/Vivado/2017.4/data/xsim/ip/xsim_ip.ini' copied to run dir:'E:/bildiri ve makaleler/kitap/fpga/uygulamalar/prj_bolum11_uyg5/prj_bolum11_uyg5.sim/sim_1/behav/xsim'
INFO: [SIM-utils-54] Inspecting design source files for 'uyg115' in fileset 'sim_1'...
INFO: [USF-XSim-97] Finding global include files...
INFO: [USF-XSim-98] Fetching design files from 'sim_1'...
INFO: [USF-XSim-2] XSim::Compile design
INFO: [USF-XSim-61] Executing 'COMPILE and ANALYZE' step in 'E:/bildiri ve makaleler/kitap/fpga/uygulamalar/prj_bolum11_uyg5/prj_bolum11_uyg5.sim/sim_1/behav/xsim'
"xvlog --incr --relax -prj uyg115_vlog.prj"
INFO: [VRFC 10-2263] Analyzing Verilog file "E:/bildiri ve makaleler/kitap/fpga/uygulamalar/prj_bolum11_uyg5/prj_bolum11_uyg5.srcs/sources_1/ip/Floating_BUYUK/Floating_BUYUK_sim_netlist.v" into library xil_defaultlib
INFO: [VRFC 10-311] analyzing module Floating_BUYUK
INFO: [VRFC 10-311] analyzing module Floating_BUYUK_floating_point_v7_1_5
INFO: [VRFC 10-311] analyzing module Floating_BUYUK_axi_slave_2to1
INFO: [VRFC 10-311] analyzing module Floating_BUYUK_carry_chain
INFO: [VRFC 10-311] analyzing module Floating_BUYUK_carry_chain__parameterized0
INFO: [VRFC 10-311] analyzing module Floating_BUYUK_carry_chain__parameterized0_2
INFO: [VRFC 10-311] analyzing module Floating_BUYUK_carry_chain__parameterized1
INFO: [VRFC 10-311] analyzing module Floating_BUYUK_carry_chain__parameterized1_3
INFO: [VRFC 10-311] analyzing module Floating_BUYUK_carry_chain__parameterized2
INFO: [VRFC 10-311] analyzing module Floating_BUYUK_carry_chain__parameterized3
INFO: [VRFC 10-311] analyzing module Floating_BUYUK_compare_eq
INFO: [VRFC 10-311] analyzing module Floating_BUYUK_compare_eq_im
INFO: [VRFC 10-311] analyzing module Floating_BUYUK_compare_eq_im__parameterized0
INFO: [VRFC 10-311] analyzing module Floating_BUYUK_compare_eq_im__parameterized0_0
INFO: [VRFC 10-311] analyzing module Floating_BUYUK_compare_gt
INFO: [VRFC 10-311] analyzing module Floating_BUYUK_compare_ne_im
INFO: [VRFC 10-311] analyzing module Floating_BUYUK_compare_ne_im_1
INFO: [VRFC 10-311] analyzing module Floating_BUYUK_delay__parameterized5
INFO: [VRFC 10-311] analyzing module Floating_BUYUK_delay__parameterized6
INFO: [VRFC 10-311] analyzing module Floating_BUYUK_delay__parameterized7
INFO: [VRFC 10-311] analyzing module Floating_BUYUK_floating_point_v7_1_5_viv
INFO: [VRFC 10-311] analyzing module Floating_BUYUK_fp_cmp
INFO: [VRFC 10-311] analyzing module Floating_BUYUK_xbip_pipe_v3_0_4_viv
INFO: [VRFC 10-311] analyzing module Floating_BUYUK_xbip_pipe_v3_0_4_viv__parameterized13
INFO: [VRFC 10-311] analyzing module Floating_BUYUK_xbip_pipe_v3_0_4_viv__parameterized15
INFO: [VRFC 10-311] analyzing module Floating_BUYUK_xbip_pipe_v3_0_4_viv__parameterized15_4
INFO: [VRFC 10-311] analyzing module glbl
"xvhdl --incr --relax -prj uyg115_vhdl.prj"
INFO: [VRFC 10-163] Analyzing VHDL file "E:/bildiri ve makaleler/kitap/fpga/uygulamalar/prj_bolum11_uyg5/prj_bolum11_uyg5.srcs/sources_1/new/uyg115.vhd" into library xil_defaultlib
INFO: [VRFC 10-307] analyzing entity uyg115
run_program: Time (s): cpu = 00:00:01 ; elapsed = 00:00:14 . Memory (MB): peak = 925.859 ; gain = 0.000
INFO: [USF-XSim-69] 'compile' step finished in '15' seconds
INFO: [USF-XSim-3] XSim::Elaborate design
INFO: [USF-XSim-61] Executing 'ELABORATE' step in 'E:/bildiri ve makaleler/kitap/fpga/uygulamalar/prj_bolum11_uyg5/prj_bolum11_uyg5.sim/sim_1/behav/xsim'
Vivado Simulator 2017.4
Copyright 1986-1999, 2001-2016 Xilinx, Inc. All Rights Reserved.
Running: C:/Xilinx/Vivado/2017.4/bin/unwrapped/win64.o/xelab.exe -wto 926208ed61ad4ea6a757ec39f3991646 --incr --debug typical --relax --mt 2 -L xil_defaultlib -L unisims_ver -L unimacro_ver -L secureip -L xpm --snapshot uyg115_behav xil_defaultlib.uyg115 xil_defaultlib.glbl -log elaborate.log 
Using 2 slave threads.
Starting static elaboration
Completed static elaboration
Starting simulation data flow analysis
Completed simulation data flow analysis
Time Resolution for simulation is 1ps
Compiling package std.standard
Compiling package std.textio
Compiling package ieee.std_logic_1164
Compiling package ieee.std_logic_arith
Compiling package ieee.std_logic_unsigned
Compiling package vl.vl_types
Compiling module xil_defaultlib.glbl
Compiling architecture behavioral of entity xil_defaultlib.RandomSayi [\RandomSayi(n=32)\]
Compiling module unisims_ver.GND
Compiling module unisims_ver.VCC
Compiling module unisims_ver.FDRE_default
Compiling module xil_defaultlib.Floating_BUYUK_xbip_pipe_v3_0_4_...
Compiling module xil_defaultlib.Floating_BUYUK_delay__parameteri...
Compiling module xil_defaultlib.Floating_BUYUK_xbip_pipe_v3_0_4_...
Compiling module xil_defaultlib.Floating_BUYUK_delay__parameteri...
Compiling module xil_defaultlib.Floating_BUYUK_xbip_pipe_v3_0_4_...
Compiling module xil_defaultlib.Floating_BUYUK_delay__parameteri...
Compiling module unisims_ver.CARRY4
Compiling module xil_defaultlib.Floating_BUYUK_carry_chain__para...
Compiling module unisims_ver.LUT6
Compiling module xil_defaultlib.Floating_BUYUK_compare_eq
Compiling module unisims_ver.x_lut2_mux4
Compiling module unisims_ver.LUT2
Compiling module xil_defaultlib.Floating_BUYUK_carry_chain__para...
Compiling module xil_defaultlib.Floating_BUYUK_compare_eq_im__pa...
Compiling module unisims_ver.LUT5
Compiling module xil_defaultlib.Floating_BUYUK_carry_chain__para...
Compiling module xil_defaultlib.Floating_BUYUK_compare_ne_im
Compiling module xil_defaultlib.Floating_BUYUK_carry_chain__para...
Compiling module unisims_ver.LUT4
Compiling module xil_defaultlib.Floating_BUYUK_compare_gt
Compiling module xil_defaultlib.Floating_BUYUK_carry_chain__para...
Compiling module xil_defaultlib.Floating_BUYUK_compare_eq_im__pa...
Compiling module xil_defaultlib.Floating_BUYUK_carry_chain__para...
Compiling module xil_defaultlib.Floating_BUYUK_compare_ne_im_1
Compiling module xil_defaultlib.Floating_BUYUK_carry_chain
Compiling module xil_defaultlib.Floating_BUYUK_compare_eq_im
Compiling module xil_defaultlib.Floating_BUYUK_fp_cmp
Compiling module unisims_ver.x_lut3_mux8
Compiling module unisims_ver.LUT3
Compiling module xil_defaultlib.Floating_BUYUK_xbip_pipe_v3_0_4_...
Compiling module unisims_ver.FDRE(INIT=1'b1)
Compiling module xil_defaultlib.Floating_BUYUK_axi_slave_2to1
Compiling module xil_defaultlib.Floating_BUYUK_floating_point_v7...
Compiling module xil_defaultlib.Floating_BUYUK_floating_point_v7...
Compiling module xil_defaultlib.Floating_BUYUK
Compiling module unisims_ver.FDRE_default_1
Compiling module xil_defaultlib.Floating_KUCUK_xbip_pipe_v3_0_4_...
Compiling module xil_defaultlib.Floating_KUCUK_delay__parameteri...
Compiling module xil_defaultlib.Floating_KUCUK_xbip_pipe_v3_0_4_...
Compiling module xil_defaultlib.Floating_KUCUK_delay__parameteri...
Compiling module xil_defaultlib.Floating_KUCUK_xbip_pipe_v3_0_4_...
Compiling module xil_defaultlib.Floating_KUCUK_delay__parameteri...
Compiling module xil_defaultlib.Floating_KUCUK_carry_chain__para...
Compiling module xil_defaultlib.Floating_KUCUK_compare_eq
Compiling module xil_defaultlib.Floating_KUCUK_carry_chain__para...
Compiling module xil_defaultlib.Floating_KUCUK_compare_eq_im__pa...
Compiling module xil_defaultlib.Floating_KUCUK_carry_chain__para...
Compiling module xil_defaultlib.Floating_KUCUK_compare_ne_im
Compiling module xil_defaultlib.Floating_KUCUK_carry_chain__para...
Compiling module xil_defaultlib.Floating_KUCUK_compare_gt
Compiling module xil_defaultlib.Floating_KUCUK_carry_chain__para...
Compiling module xil_defaultlib.Floating_KUCUK_compare_eq_im__pa...
Compiling module xil_defaultlib.Floating_KUCUK_carry_chain__para...
Compiling module xil_defaultlib.Floating_KUCUK_compare_ne_im_1
Compiling module xil_defaultlib.Floating_KUCUK_carry_chain
Compiling module xil_defaultlib.Floating_KUCUK_compare_eq_im
Compiling module xil_defaultlib.Floating_KUCUK_fp_cmp
Compiling module xil_defaultlib.Floating_KUCUK_xbip_pipe_v3_0_4_...
Compiling module xil_defaultlib.Floating_KUCUK_axi_slave_2to1
Compiling module xil_defaultlib.Floating_KUCUK_floating_point_v7...
Compiling module xil_defaultlib.Floating_KUCUK_floating_point_v7...
Compiling module xil_defaultlib.Floating_KUCUK
Compiling architecture behavioral of entity xil_defaultlib.blokRAM [blokram_default]
Compiling architecture behavioral of entity xil_defaultlib.uyg115
Built simulation snapshot uyg115_behav
run_program: Time (s): cpu = 00:00:01 ; elapsed = 00:00:21 . Memory (MB): peak = 925.859 ; gain = 0.000
INFO: [USF-XSim-69] 'elaborate' step finished in '22' seconds
INFO: [USF-XSim-4] XSim::Simulate design
INFO: [USF-XSim-61] Executing 'SIMULATE' step in 'E:/bildiri ve makaleler/kitap/fpga/uygulamalar/prj_bolum11_uyg5/prj_bolum11_uyg5.sim/sim_1/behav/xsim'
INFO: [USF-XSim-98] *** Running xsim
   with args "uyg115_behav -key {Behavioral:sim_1:Functional:uyg115} -tclbatch {uyg115.tcl} -log {simulate.log}"
INFO: [USF-XSim-8] Loading simulator feature
Vivado Simulator 2017.4
Time resolution is 1 ps
source uyg115.tcl
# set curr_wave [current_wave_config]
# if { [string length $curr_wave] == 0 } {
#   if { [llength [get_objects]] > 0} {
#     add_wave /
#     set_property needs_save false [current_wave_config]
#   } else {
#      send_msg_id Add_Wave-1 WARNING "No top level signals found. Simulator will start without a wave window. If you want to open a wave window go to 'File->New Waveform Configuration' or type 'create_wave_config' in the TCL console."
#   }
# }
# run 1000ns
INFO: [USF-XSim-96] XSim completed. Design snapshot 'uyg115_behav' loaded.
INFO: [USF-XSim-97] XSim simulation ran for 1000ns
launch_simulation: Time (s): cpu = 00:00:08 ; elapsed = 00:00:44 . Memory (MB): peak = 925.859 ; gain = 0.000
add_force {/uyg115/clk} -radix hex {0 0ns} {1 50000ps} -repeat_every 100000ps
add_force {/uyg115/rst} -radix hex {0 0ns}
run 200 ns
run 200 ns
run 200 ns
run 200 ns
run 200 ns
run 200 ns
run 200 ns
run 200 ns
run 200 ns
run 200 ns
run 200 ns
close_sim
INFO: [Simtcl 6-16] Simulation closed
launch_simulation
INFO: [Vivado 12-5698] Checking validity of IPs in the design for the 'XSim' simulator...
INFO: [Vivado 12-5682] Launching behavioral simulation in 'E:/bildiri ve makaleler/kitap/fpga/uygulamalar/prj_bolum11_uyg5/prj_bolum11_uyg5.sim/sim_1/behav/xsim'
INFO: [Vivado 12-4795] Using compiled simulation libraries for IPs
INFO: [SIM-utils-51] Simulation object is 'sim_1'
INFO: [USF-XSim-7] Finding pre-compiled libraries...
INFO: [USF-XSim-11] File 'C:/Xilinx/Vivado/2017.4/data/xsim/ip/xsim_ip.ini' copied to run dir:'E:/bildiri ve makaleler/kitap/fpga/uygulamalar/prj_bolum11_uyg5/prj_bolum11_uyg5.sim/sim_1/behav/xsim'
INFO: [SIM-utils-54] Inspecting design source files for 'uyg115' in fileset 'sim_1'...
INFO: [USF-XSim-97] Finding global include files...
INFO: [USF-XSim-98] Fetching design files from 'sim_1'...
INFO: [USF-XSim-2] XSim::Compile design
INFO: [USF-XSim-61] Executing 'COMPILE and ANALYZE' step in 'E:/bildiri ve makaleler/kitap/fpga/uygulamalar/prj_bolum11_uyg5/prj_bolum11_uyg5.sim/sim_1/behav/xsim'
"xvlog --incr --relax -prj uyg115_vlog.prj"
INFO: [VRFC 10-2263] Analyzing Verilog file "E:/bildiri ve makaleler/kitap/fpga/uygulamalar/prj_bolum11_uyg5/prj_bolum11_uyg5.srcs/sources_1/ip/Floating_KUCUK/Floating_KUCUK_sim_netlist.v" into library xil_defaultlib
INFO: [VRFC 10-311] analyzing module Floating_KUCUK
INFO: [VRFC 10-311] analyzing module Floating_KUCUK_floating_point_v7_1_5
INFO: [VRFC 10-311] analyzing module Floating_KUCUK_axi_slave_2to1
INFO: [VRFC 10-311] analyzing module Floating_KUCUK_carry_chain
INFO: [VRFC 10-311] analyzing module Floating_KUCUK_carry_chain__parameterized0
INFO: [VRFC 10-311] analyzing module Floating_KUCUK_carry_chain__parameterized0_2
INFO: [VRFC 10-311] analyzing module Floating_KUCUK_carry_chain__parameterized1
INFO: [VRFC 10-311] analyzing module Floating_KUCUK_carry_chain__parameterized1_3
INFO: [VRFC 10-311] analyzing module Floating_KUCUK_carry_chain__parameterized2
INFO: [VRFC 10-311] analyzing module Floating_KUCUK_carry_chain__parameterized3
INFO: [VRFC 10-311] analyzing module Floating_KUCUK_compare_eq
INFO: [VRFC 10-311] analyzing module Floating_KUCUK_compare_eq_im
INFO: [VRFC 10-311] analyzing module Floating_KUCUK_compare_eq_im__parameterized0
INFO: [VRFC 10-311] analyzing module Floating_KUCUK_compare_eq_im__parameterized0_0
INFO: [VRFC 10-311] analyzing module Floating_KUCUK_compare_gt
INFO: [VRFC 10-311] analyzing module Floating_KUCUK_compare_ne_im
INFO: [VRFC 10-311] analyzing module Floating_KUCUK_compare_ne_im_1
INFO: [VRFC 10-311] analyzing module Floating_KUCUK_delay__parameterized5
INFO: [VRFC 10-311] analyzing module Floating_KUCUK_delay__parameterized6
INFO: [VRFC 10-311] analyzing module Floating_KUCUK_delay__parameterized7
INFO: [VRFC 10-311] analyzing module Floating_KUCUK_floating_point_v7_1_5_viv
INFO: [VRFC 10-311] analyzing module Floating_KUCUK_fp_cmp
INFO: [VRFC 10-311] analyzing module Floating_KUCUK_xbip_pipe_v3_0_4_viv
INFO: [VRFC 10-311] analyzing module Floating_KUCUK_xbip_pipe_v3_0_4_viv__parameterized13
INFO: [VRFC 10-311] analyzing module Floating_KUCUK_xbip_pipe_v3_0_4_viv__parameterized15
INFO: [VRFC 10-311] analyzing module Floating_KUCUK_xbip_pipe_v3_0_4_viv__parameterized15_4
INFO: [VRFC 10-311] analyzing module glbl
"xvhdl --incr --relax -prj uyg115_vhdl.prj"
INFO: [VRFC 10-163] Analyzing VHDL file "E:/bildiri ve makaleler/kitap/fpga/uygulamalar/prj_bolum11_uyg5/prj_bolum11_uyg5.srcs/sources_1/new/uyg115.vhd" into library xil_defaultlib
INFO: [VRFC 10-307] analyzing entity uyg115
run_program: Time (s): cpu = 00:00:00 ; elapsed = 00:00:13 . Memory (MB): peak = 928.035 ; gain = 0.000
INFO: [USF-XSim-69] 'compile' step finished in '13' seconds
INFO: [USF-XSim-3] XSim::Elaborate design
INFO: [USF-XSim-61] Executing 'ELABORATE' step in 'E:/bildiri ve makaleler/kitap/fpga/uygulamalar/prj_bolum11_uyg5/prj_bolum11_uyg5.sim/sim_1/behav/xsim'
Vivado Simulator 2017.4
Copyright 1986-1999, 2001-2016 Xilinx, Inc. All Rights Reserved.
Running: C:/Xilinx/Vivado/2017.4/bin/unwrapped/win64.o/xelab.exe -wto 926208ed61ad4ea6a757ec39f3991646 --incr --debug typical --relax --mt 2 -L xil_defaultlib -L unisims_ver -L unimacro_ver -L secureip -L xpm --snapshot uyg115_behav xil_defaultlib.uyg115 xil_defaultlib.glbl -log elaborate.log 
Using 2 slave threads.
Starting static elaboration
Completed static elaboration
Starting simulation data flow analysis
Completed simulation data flow analysis
Time Resolution for simulation is 1ps
Compiling package std.standard
Compiling package std.textio
Compiling package ieee.std_logic_1164
Compiling package ieee.std_logic_arith
Compiling package ieee.std_logic_unsigned
Compiling package vl.vl_types
Compiling module xil_defaultlib.glbl
Compiling architecture behavioral of entity xil_defaultlib.RandomSayi [\RandomSayi(n=32)\]
Compiling module unisims_ver.GND
Compiling module unisims_ver.VCC
Compiling module unisims_ver.FDRE_default
Compiling module xil_defaultlib.Floating_BUYUK_xbip_pipe_v3_0_4_...
Compiling module xil_defaultlib.Floating_BUYUK_delay__parameteri...
Compiling module xil_defaultlib.Floating_BUYUK_xbip_pipe_v3_0_4_...
Compiling module xil_defaultlib.Floating_BUYUK_delay__parameteri...
Compiling module xil_defaultlib.Floating_BUYUK_xbip_pipe_v3_0_4_...
Compiling module xil_defaultlib.Floating_BUYUK_delay__parameteri...
Compiling module unisims_ver.CARRY4
Compiling module xil_defaultlib.Floating_BUYUK_carry_chain__para...
Compiling module unisims_ver.LUT6
Compiling module xil_defaultlib.Floating_BUYUK_compare_eq
Compiling module unisims_ver.x_lut2_mux4
Compiling module unisims_ver.LUT2
Compiling module xil_defaultlib.Floating_BUYUK_carry_chain__para...
Compiling module xil_defaultlib.Floating_BUYUK_compare_eq_im__pa...
Compiling module unisims_ver.LUT5
Compiling module xil_defaultlib.Floating_BUYUK_carry_chain__para...
Compiling module xil_defaultlib.Floating_BUYUK_compare_ne_im
Compiling module xil_defaultlib.Floating_BUYUK_carry_chain__para...
Compiling module unisims_ver.LUT4
Compiling module xil_defaultlib.Floating_BUYUK_compare_gt
Compiling module xil_defaultlib.Floating_BUYUK_carry_chain__para...
Compiling module xil_defaultlib.Floating_BUYUK_compare_eq_im__pa...
Compiling module xil_defaultlib.Floating_BUYUK_carry_chain__para...
Compiling module xil_defaultlib.Floating_BUYUK_compare_ne_im_1
Compiling module xil_defaultlib.Floating_BUYUK_carry_chain
Compiling module xil_defaultlib.Floating_BUYUK_compare_eq_im
Compiling module xil_defaultlib.Floating_BUYUK_fp_cmp
Compiling module unisims_ver.x_lut3_mux8
Compiling module unisims_ver.LUT3
Compiling module xil_defaultlib.Floating_BUYUK_xbip_pipe_v3_0_4_...
Compiling module unisims_ver.FDRE(INIT=1'b1)
Compiling module xil_defaultlib.Floating_BUYUK_axi_slave_2to1
Compiling module xil_defaultlib.Floating_BUYUK_floating_point_v7...
Compiling module xil_defaultlib.Floating_BUYUK_floating_point_v7...
Compiling module xil_defaultlib.Floating_BUYUK
Compiling module unisims_ver.FDRE_default_1
Compiling module xil_defaultlib.Floating_KUCUK_xbip_pipe_v3_0_4_...
Compiling module xil_defaultlib.Floating_KUCUK_delay__parameteri...
Compiling module xil_defaultlib.Floating_KUCUK_xbip_pipe_v3_0_4_...
Compiling module xil_defaultlib.Floating_KUCUK_delay__parameteri...
Compiling module xil_defaultlib.Floating_KUCUK_xbip_pipe_v3_0_4_...
Compiling module xil_defaultlib.Floating_KUCUK_delay__parameteri...
Compiling module xil_defaultlib.Floating_KUCUK_carry_chain__para...
Compiling module xil_defaultlib.Floating_KUCUK_compare_eq
Compiling module xil_defaultlib.Floating_KUCUK_carry_chain__para...
Compiling module xil_defaultlib.Floating_KUCUK_compare_eq_im__pa...
Compiling module xil_defaultlib.Floating_KUCUK_carry_chain__para...
Compiling module xil_defaultlib.Floating_KUCUK_compare_ne_im
Compiling module xil_defaultlib.Floating_KUCUK_carry_chain__para...
Compiling module xil_defaultlib.Floating_KUCUK_compare_gt
Compiling module xil_defaultlib.Floating_KUCUK_carry_chain__para...
Compiling module xil_defaultlib.Floating_KUCUK_compare_eq_im__pa...
Compiling module xil_defaultlib.Floating_KUCUK_carry_chain__para...
Compiling module xil_defaultlib.Floating_KUCUK_compare_ne_im_1
Compiling module xil_defaultlib.Floating_KUCUK_carry_chain
Compiling module xil_defaultlib.Floating_KUCUK_compare_eq_im
Compiling module xil_defaultlib.Floating_KUCUK_fp_cmp
Compiling module xil_defaultlib.Floating_KUCUK_xbip_pipe_v3_0_4_...
Compiling module xil_defaultlib.Floating_KUCUK_axi_slave_2to1
Compiling module xil_defaultlib.Floating_KUCUK_floating_point_v7...
Compiling module xil_defaultlib.Floating_KUCUK_floating_point_v7...
Compiling module xil_defaultlib.Floating_KUCUK
Compiling architecture behavioral of entity xil_defaultlib.blokRAM [blokram_default]
Compiling architecture behavioral of entity xil_defaultlib.uyg115
Built simulation snapshot uyg115_behav
run_program: Time (s): cpu = 00:00:01 ; elapsed = 00:00:16 . Memory (MB): peak = 928.035 ; gain = 0.000
INFO: [USF-XSim-69] 'elaborate' step finished in '16' seconds
INFO: [USF-XSim-4] XSim::Simulate design
INFO: [USF-XSim-61] Executing 'SIMULATE' step in 'E:/bildiri ve makaleler/kitap/fpga/uygulamalar/prj_bolum11_uyg5/prj_bolum11_uyg5.sim/sim_1/behav/xsim'
INFO: [USF-XSim-98] *** Running xsim
   with args "uyg115_behav -key {Behavioral:sim_1:Functional:uyg115} -tclbatch {uyg115.tcl} -log {simulate.log}"
INFO: [USF-XSim-8] Loading simulator feature
Vivado Simulator 2017.4
Time resolution is 1 ps
source uyg115.tcl
# set curr_wave [current_wave_config]
# if { [string length $curr_wave] == 0 } {
#   if { [llength [get_objects]] > 0} {
#     add_wave /
#     set_property needs_save false [current_wave_config]
#   } else {
#      send_msg_id Add_Wave-1 WARNING "No top level signals found. Simulator will start without a wave window. If you want to open a wave window go to 'File->New Waveform Configuration' or type 'create_wave_config' in the TCL console."
#   }
# }
# run 1000ns
INFO: [USF-XSim-96] XSim completed. Design snapshot 'uyg115_behav' loaded.
INFO: [USF-XSim-97] XSim simulation ran for 1000ns
launch_simulation: Time (s): cpu = 00:00:07 ; elapsed = 00:00:36 . Memory (MB): peak = 928.035 ; gain = 0.000
add_force {/uyg115/clk} -radix hex {0 0ns} {1 50000ps} -repeat_every 100000ps
add_force {/uyg115/rst} -radix hex {0 0ns}
run 300 ns
run 300 ns
run 300 ns
run 300 ns
run 300 ns
run 300 ns
run 300 ns
run 300 ns
run 300 ns
run 300 ns
run 300 ns
run 300 ns
run 300 ns
run 300 ns
run 300 ns
run 300 ns
run 300 ns
run 300 ns
run 500 ns
run 500 ns
run 500 ns
run 500 ns
run 500 ns
run 500 ns
run 500 ns
run 500 ns
run 500 ns
run 500 ns
run 500 ns
run 1000 ns
run 1000 ns
run 1000 ns
run 1000 ns
run 2000 ns
run 2000 ns
run 2000 ns
run 2000 ns
run 2000 ns
run 2000 ns
run 2000 ns
run 2000 ns
run 2000 ns
run 2000 ns
run 2000 ns
run 200 ns
run 200 ns
run 200 ns
run 200 ns
run 200 ns
run 200 ns
run 300 ns
run 300 ns
run 300 ns
run 300 ns
run 300 ns
run 300 ns
run 300 ns
run 100 ns
run 100 ns
run 100 ns
run 100 ns
run 100 ns
run 100 ns
run 100 ns
run 500 ns
run 500 ns
run 500 ns
run 500 ns
run 100 ns
run 100 ns
run 100 ns
add_force {/uyg115/adr} -radix hex {5 0ns}
run 100 ns
run 100 ns
run 100 ns
run 100 ns
run 100 ns
run 100 ns
run 100 ns
close_sim
INFO: [Simtcl 6-16] Simulation closed
launch_simulation
INFO: [Vivado 12-5698] Checking validity of IPs in the design for the 'XSim' simulator...
INFO: [Vivado 12-5682] Launching behavioral simulation in 'E:/bildiri ve makaleler/kitap/fpga/uygulamalar/prj_bolum11_uyg5/prj_bolum11_uyg5.sim/sim_1/behav/xsim'
INFO: [Vivado 12-4795] Using compiled simulation libraries for IPs
INFO: [SIM-utils-51] Simulation object is 'sim_1'
INFO: [USF-XSim-7] Finding pre-compiled libraries...
INFO: [USF-XSim-11] File 'C:/Xilinx/Vivado/2017.4/data/xsim/ip/xsim_ip.ini' copied to run dir:'E:/bildiri ve makaleler/kitap/fpga/uygulamalar/prj_bolum11_uyg5/prj_bolum11_uyg5.sim/sim_1/behav/xsim'
INFO: [SIM-utils-54] Inspecting design source files for 'uyg115' in fileset 'sim_1'...
INFO: [USF-XSim-97] Finding global include files...
INFO: [USF-XSim-98] Fetching design files from 'sim_1'...
INFO: [USF-XSim-2] XSim::Compile design
INFO: [USF-XSim-61] Executing 'COMPILE and ANALYZE' step in 'E:/bildiri ve makaleler/kitap/fpga/uygulamalar/prj_bolum11_uyg5/prj_bolum11_uyg5.sim/sim_1/behav/xsim'
"xvlog --incr --relax -prj uyg115_vlog.prj"
INFO: [VRFC 10-2263] Analyzing Verilog file "E:/bildiri ve makaleler/kitap/fpga/uygulamalar/prj_bolum11_uyg5/prj_bolum11_uyg5.srcs/sources_1/ip/Floating_BUYUK/Floating_BUYUK_sim_netlist.v" into library xil_defaultlib
INFO: [VRFC 10-311] analyzing module Floating_BUYUK
INFO: [VRFC 10-311] analyzing module Floating_BUYUK_floating_point_v7_1_5
INFO: [VRFC 10-311] analyzing module Floating_BUYUK_axi_slave_2to1
INFO: [VRFC 10-311] analyzing module Floating_BUYUK_carry_chain
INFO: [VRFC 10-311] analyzing module Floating_BUYUK_carry_chain__parameterized0
INFO: [VRFC 10-311] analyzing module Floating_BUYUK_carry_chain__parameterized0_2
INFO: [VRFC 10-311] analyzing module Floating_BUYUK_carry_chain__parameterized1
INFO: [VRFC 10-311] analyzing module Floating_BUYUK_carry_chain__parameterized1_3
INFO: [VRFC 10-311] analyzing module Floating_BUYUK_carry_chain__parameterized2
INFO: [VRFC 10-311] analyzing module Floating_BUYUK_carry_chain__parameterized3
INFO: [VRFC 10-311] analyzing module Floating_BUYUK_compare_eq
INFO: [VRFC 10-311] analyzing module Floating_BUYUK_compare_eq_im
INFO: [VRFC 10-311] analyzing module Floating_BUYUK_compare_eq_im__parameterized0
INFO: [VRFC 10-311] analyzing module Floating_BUYUK_compare_eq_im__parameterized0_0
INFO: [VRFC 10-311] analyzing module Floating_BUYUK_compare_gt
INFO: [VRFC 10-311] analyzing module Floating_BUYUK_compare_ne_im
INFO: [VRFC 10-311] analyzing module Floating_BUYUK_compare_ne_im_1
INFO: [VRFC 10-311] analyzing module Floating_BUYUK_delay__parameterized5
INFO: [VRFC 10-311] analyzing module Floating_BUYUK_delay__parameterized6
INFO: [VRFC 10-311] analyzing module Floating_BUYUK_delay__parameterized7
INFO: [VRFC 10-311] analyzing module Floating_BUYUK_floating_point_v7_1_5_viv
INFO: [VRFC 10-311] analyzing module Floating_BUYUK_fp_cmp
INFO: [VRFC 10-311] analyzing module Floating_BUYUK_xbip_pipe_v3_0_4_viv
INFO: [VRFC 10-311] analyzing module Floating_BUYUK_xbip_pipe_v3_0_4_viv__parameterized13
INFO: [VRFC 10-311] analyzing module Floating_BUYUK_xbip_pipe_v3_0_4_viv__parameterized15
INFO: [VRFC 10-311] analyzing module Floating_BUYUK_xbip_pipe_v3_0_4_viv__parameterized15_4
INFO: [VRFC 10-311] analyzing module glbl
"xvhdl --incr --relax -prj uyg115_vhdl.prj"
INFO: [VRFC 10-163] Analyzing VHDL file "E:/bildiri ve makaleler/kitap/fpga/uygulamalar/prj_bolum11_uyg5/prj_bolum11_uyg5.srcs/sources_1/new/uyg115.vhd" into library xil_defaultlib
INFO: [VRFC 10-307] analyzing entity uyg115
run_program: Time (s): cpu = 00:00:01 ; elapsed = 00:00:14 . Memory (MB): peak = 942.340 ; gain = 0.000
INFO: [USF-XSim-69] 'compile' step finished in '13' seconds
INFO: [USF-XSim-3] XSim::Elaborate design
INFO: [USF-XSim-61] Executing 'ELABORATE' step in 'E:/bildiri ve makaleler/kitap/fpga/uygulamalar/prj_bolum11_uyg5/prj_bolum11_uyg5.sim/sim_1/behav/xsim'
Vivado Simulator 2017.4
Copyright 1986-1999, 2001-2016 Xilinx, Inc. All Rights Reserved.
Running: C:/Xilinx/Vivado/2017.4/bin/unwrapped/win64.o/xelab.exe -wto 926208ed61ad4ea6a757ec39f3991646 --incr --debug typical --relax --mt 2 -L xil_defaultlib -L unisims_ver -L unimacro_ver -L secureip -L xpm --snapshot uyg115_behav xil_defaultlib.uyg115 xil_defaultlib.glbl -log elaborate.log 
Using 2 slave threads.
Starting static elaboration
Completed static elaboration
Starting simulation data flow analysis
Completed simulation data flow analysis
Time Resolution for simulation is 1ps
Compiling package std.standard
Compiling package std.textio
Compiling package ieee.std_logic_1164
Compiling package ieee.std_logic_arith
Compiling package ieee.std_logic_unsigned
Compiling package vl.vl_types
Compiling module xil_defaultlib.glbl
Compiling architecture behavioral of entity xil_defaultlib.RandomSayi [\RandomSayi(n=32)\]
Compiling module unisims_ver.GND
Compiling module unisims_ver.VCC
Compiling module unisims_ver.FDRE_default
Compiling module xil_defaultlib.Floating_BUYUK_xbip_pipe_v3_0_4_...
Compiling module xil_defaultlib.Floating_BUYUK_delay__parameteri...
Compiling module xil_defaultlib.Floating_BUYUK_xbip_pipe_v3_0_4_...
Compiling module xil_defaultlib.Floating_BUYUK_delay__parameteri...
Compiling module xil_defaultlib.Floating_BUYUK_xbip_pipe_v3_0_4_...
Compiling module xil_defaultlib.Floating_BUYUK_delay__parameteri...
Compiling module unisims_ver.CARRY4
Compiling module xil_defaultlib.Floating_BUYUK_carry_chain__para...
Compiling module unisims_ver.LUT6
Compiling module xil_defaultlib.Floating_BUYUK_compare_eq
Compiling module unisims_ver.x_lut2_mux4
Compiling module unisims_ver.LUT2
Compiling module xil_defaultlib.Floating_BUYUK_carry_chain__para...
Compiling module xil_defaultlib.Floating_BUYUK_compare_eq_im__pa...
Compiling module unisims_ver.LUT5
Compiling module xil_defaultlib.Floating_BUYUK_carry_chain__para...
Compiling module xil_defaultlib.Floating_BUYUK_compare_ne_im
Compiling module xil_defaultlib.Floating_BUYUK_carry_chain__para...
Compiling module unisims_ver.LUT4
Compiling module xil_defaultlib.Floating_BUYUK_compare_gt
Compiling module xil_defaultlib.Floating_BUYUK_carry_chain__para...
Compiling module xil_defaultlib.Floating_BUYUK_compare_eq_im__pa...
Compiling module xil_defaultlib.Floating_BUYUK_carry_chain__para...
Compiling module xil_defaultlib.Floating_BUYUK_compare_ne_im_1
Compiling module xil_defaultlib.Floating_BUYUK_carry_chain
Compiling module xil_defaultlib.Floating_BUYUK_compare_eq_im
Compiling module xil_defaultlib.Floating_BUYUK_fp_cmp
Compiling module unisims_ver.x_lut3_mux8
Compiling module unisims_ver.LUT3
Compiling module xil_defaultlib.Floating_BUYUK_xbip_pipe_v3_0_4_...
Compiling module unisims_ver.FDRE(INIT=1'b1)
Compiling module xil_defaultlib.Floating_BUYUK_axi_slave_2to1
Compiling module xil_defaultlib.Floating_BUYUK_floating_point_v7...
Compiling module xil_defaultlib.Floating_BUYUK_floating_point_v7...
Compiling module xil_defaultlib.Floating_BUYUK
Compiling module unisims_ver.FDRE_default_1
Compiling module xil_defaultlib.Floating_KUCUK_xbip_pipe_v3_0_4_...
Compiling module xil_defaultlib.Floating_KUCUK_delay__parameteri...
Compiling module xil_defaultlib.Floating_KUCUK_xbip_pipe_v3_0_4_...
Compiling module xil_defaultlib.Floating_KUCUK_delay__parameteri...
Compiling module xil_defaultlib.Floating_KUCUK_xbip_pipe_v3_0_4_...
Compiling module xil_defaultlib.Floating_KUCUK_delay__parameteri...
Compiling module xil_defaultlib.Floating_KUCUK_carry_chain__para...
Compiling module xil_defaultlib.Floating_KUCUK_compare_eq
Compiling module xil_defaultlib.Floating_KUCUK_carry_chain__para...
Compiling module xil_defaultlib.Floating_KUCUK_compare_eq_im__pa...
Compiling module xil_defaultlib.Floating_KUCUK_carry_chain__para...
Compiling module xil_defaultlib.Floating_KUCUK_compare_ne_im
Compiling module xil_defaultlib.Floating_KUCUK_carry_chain__para...
Compiling module xil_defaultlib.Floating_KUCUK_compare_gt
Compiling module xil_defaultlib.Floating_KUCUK_carry_chain__para...
Compiling module xil_defaultlib.Floating_KUCUK_compare_eq_im__pa...
Compiling module xil_defaultlib.Floating_KUCUK_carry_chain__para...
Compiling module xil_defaultlib.Floating_KUCUK_compare_ne_im_1
Compiling module xil_defaultlib.Floating_KUCUK_carry_chain
Compiling module xil_defaultlib.Floating_KUCUK_compare_eq_im
Compiling module xil_defaultlib.Floating_KUCUK_fp_cmp
Compiling module xil_defaultlib.Floating_KUCUK_xbip_pipe_v3_0_4_...
Compiling module xil_defaultlib.Floating_KUCUK_axi_slave_2to1
Compiling module xil_defaultlib.Floating_KUCUK_floating_point_v7...
Compiling module xil_defaultlib.Floating_KUCUK_floating_point_v7...
Compiling module xil_defaultlib.Floating_KUCUK
Compiling architecture behavioral of entity xil_defaultlib.blokRAM [blokram_default]
Compiling architecture behavioral of entity xil_defaultlib.uyg115
Built simulation snapshot uyg115_behav
run_program: Time (s): cpu = 00:00:01 ; elapsed = 00:00:15 . Memory (MB): peak = 942.340 ; gain = 0.000
INFO: [USF-XSim-69] 'elaborate' step finished in '15' seconds
INFO: [USF-XSim-4] XSim::Simulate design
INFO: [USF-XSim-61] Executing 'SIMULATE' step in 'E:/bildiri ve makaleler/kitap/fpga/uygulamalar/prj_bolum11_uyg5/prj_bolum11_uyg5.sim/sim_1/behav/xsim'
INFO: [USF-XSim-98] *** Running xsim
   with args "uyg115_behav -key {Behavioral:sim_1:Functional:uyg115} -tclbatch {uyg115.tcl} -log {simulate.log}"
INFO: [USF-XSim-8] Loading simulator feature
Vivado Simulator 2017.4
Time resolution is 1 ps
source uyg115.tcl
# set curr_wave [current_wave_config]
# if { [string length $curr_wave] == 0 } {
#   if { [llength [get_objects]] > 0} {
#     add_wave /
#     set_property needs_save false [current_wave_config]
#   } else {
#      send_msg_id Add_Wave-1 WARNING "No top level signals found. Simulator will start without a wave window. If you want to open a wave window go to 'File->New Waveform Configuration' or type 'create_wave_config' in the TCL console."
#   }
# }
# run 1000ns
xsim: Time (s): cpu = 00:00:07 ; elapsed = 00:00:05 . Memory (MB): peak = 942.340 ; gain = 0.000
INFO: [USF-XSim-96] XSim completed. Design snapshot 'uyg115_behav' loaded.
INFO: [USF-XSim-97] XSim simulation ran for 1000ns
launch_simulation: Time (s): cpu = 00:00:10 ; elapsed = 00:00:37 . Memory (MB): peak = 942.340 ; gain = 0.000
add_force {/uyg115/clk} -radix hex {0 0ns} {1 50000ps} -repeat_every 100000ps
add_force {/uyg115/rst} -radix hex {0 0ns}
run 1000 ns
run 2000 ns
run 2000 ns
run 2000 ns
run 2000 ns
run 5000 ns
run 5000 ns
run 5000 ns
run 5000 ns
run 5000 ns
run 2000 ns
run 1000 ns
run 300 ns
run 300 ns
run 300 ns
run 300 ns
run 300 ns
run 300 ns
run 300 ns
run 300 ns
run 300 ns
run 300 ns
run 100 ns
run 100 ns
run 100 ns
run 100 ns
run 100 ns
run 100 ns
run 100 ns
run 100 ns
close_sim
INFO: [Simtcl 6-16] Simulation closed
launch_simulation
INFO: [Vivado 12-5698] Checking validity of IPs in the design for the 'XSim' simulator...
INFO: [Vivado 12-5682] Launching behavioral simulation in 'E:/bildiri ve makaleler/kitap/fpga/uygulamalar/prj_bolum11_uyg5/prj_bolum11_uyg5.sim/sim_1/behav/xsim'
INFO: [Vivado 12-4795] Using compiled simulation libraries for IPs
INFO: [SIM-utils-51] Simulation object is 'sim_1'
INFO: [USF-XSim-7] Finding pre-compiled libraries...
INFO: [USF-XSim-11] File 'C:/Xilinx/Vivado/2017.4/data/xsim/ip/xsim_ip.ini' copied to run dir:'E:/bildiri ve makaleler/kitap/fpga/uygulamalar/prj_bolum11_uyg5/prj_bolum11_uyg5.sim/sim_1/behav/xsim'
INFO: [SIM-utils-54] Inspecting design source files for 'uyg115' in fileset 'sim_1'...
INFO: [USF-XSim-97] Finding global include files...
INFO: [USF-XSim-98] Fetching design files from 'sim_1'...
INFO: [USF-XSim-2] XSim::Compile design
INFO: [USF-XSim-61] Executing 'COMPILE and ANALYZE' step in 'E:/bildiri ve makaleler/kitap/fpga/uygulamalar/prj_bolum11_uyg5/prj_bolum11_uyg5.sim/sim_1/behav/xsim'
"xvlog --incr --relax -prj uyg115_vlog.prj"
INFO: [VRFC 10-2263] Analyzing Verilog file "E:/bildiri ve makaleler/kitap/fpga/uygulamalar/prj_bolum11_uyg5/prj_bolum11_uyg5.srcs/sources_1/ip/Floating_KUCUK/Floating_KUCUK_sim_netlist.v" into library xil_defaultlib
INFO: [VRFC 10-311] analyzing module Floating_KUCUK
INFO: [VRFC 10-311] analyzing module Floating_KUCUK_floating_point_v7_1_5
INFO: [VRFC 10-311] analyzing module Floating_KUCUK_axi_slave_2to1
INFO: [VRFC 10-311] analyzing module Floating_KUCUK_carry_chain
INFO: [VRFC 10-311] analyzing module Floating_KUCUK_carry_chain__parameterized0
INFO: [VRFC 10-311] analyzing module Floating_KUCUK_carry_chain__parameterized0_2
INFO: [VRFC 10-311] analyzing module Floating_KUCUK_carry_chain__parameterized1
INFO: [VRFC 10-311] analyzing module Floating_KUCUK_carry_chain__parameterized1_3
INFO: [VRFC 10-311] analyzing module Floating_KUCUK_carry_chain__parameterized2
INFO: [VRFC 10-311] analyzing module Floating_KUCUK_carry_chain__parameterized3
INFO: [VRFC 10-311] analyzing module Floating_KUCUK_compare_eq
INFO: [VRFC 10-311] analyzing module Floating_KUCUK_compare_eq_im
INFO: [VRFC 10-311] analyzing module Floating_KUCUK_compare_eq_im__parameterized0
INFO: [VRFC 10-311] analyzing module Floating_KUCUK_compare_eq_im__parameterized0_0
INFO: [VRFC 10-311] analyzing module Floating_KUCUK_compare_gt
INFO: [VRFC 10-311] analyzing module Floating_KUCUK_compare_ne_im
INFO: [VRFC 10-311] analyzing module Floating_KUCUK_compare_ne_im_1
INFO: [VRFC 10-311] analyzing module Floating_KUCUK_delay__parameterized5
INFO: [VRFC 10-311] analyzing module Floating_KUCUK_delay__parameterized6
INFO: [VRFC 10-311] analyzing module Floating_KUCUK_delay__parameterized7
INFO: [VRFC 10-311] analyzing module Floating_KUCUK_floating_point_v7_1_5_viv
INFO: [VRFC 10-311] analyzing module Floating_KUCUK_fp_cmp
INFO: [VRFC 10-311] analyzing module Floating_KUCUK_xbip_pipe_v3_0_4_viv
INFO: [VRFC 10-311] analyzing module Floating_KUCUK_xbip_pipe_v3_0_4_viv__parameterized13
INFO: [VRFC 10-311] analyzing module Floating_KUCUK_xbip_pipe_v3_0_4_viv__parameterized15
INFO: [VRFC 10-311] analyzing module Floating_KUCUK_xbip_pipe_v3_0_4_viv__parameterized15_4
INFO: [VRFC 10-311] analyzing module glbl
"xvhdl --incr --relax -prj uyg115_vhdl.prj"
INFO: [VRFC 10-163] Analyzing VHDL file "E:/bildiri ve makaleler/kitap/fpga/uygulamalar/prj_bolum11_uyg5/prj_bolum11_uyg5.srcs/sources_1/new/uyg115.vhd" into library xil_defaultlib
INFO: [VRFC 10-307] analyzing entity uyg115
run_program: Time (s): cpu = 00:00:00 ; elapsed = 00:00:15 . Memory (MB): peak = 944.160 ; gain = 0.000
INFO: [USF-XSim-69] 'compile' step finished in '15' seconds
INFO: [USF-XSim-3] XSim::Elaborate design
INFO: [USF-XSim-61] Executing 'ELABORATE' step in 'E:/bildiri ve makaleler/kitap/fpga/uygulamalar/prj_bolum11_uyg5/prj_bolum11_uyg5.sim/sim_1/behav/xsim'
Vivado Simulator 2017.4
Copyright 1986-1999, 2001-2016 Xilinx, Inc. All Rights Reserved.
Running: C:/Xilinx/Vivado/2017.4/bin/unwrapped/win64.o/xelab.exe -wto 926208ed61ad4ea6a757ec39f3991646 --incr --debug typical --relax --mt 2 -L xil_defaultlib -L unisims_ver -L unimacro_ver -L secureip -L xpm --snapshot uyg115_behav xil_defaultlib.uyg115 xil_defaultlib.glbl -log elaborate.log 
Using 2 slave threads.
Starting static elaboration
Completed static elaboration
Starting simulation data flow analysis
Completed simulation data flow analysis
Time Resolution for simulation is 1ps
Compiling package std.standard
Compiling package std.textio
Compiling package ieee.std_logic_1164
Compiling package ieee.std_logic_arith
Compiling package ieee.std_logic_unsigned
Compiling package vl.vl_types
Compiling module xil_defaultlib.glbl
Compiling architecture behavioral of entity xil_defaultlib.RandomSayi [\RandomSayi(n=32)\]
Compiling module unisims_ver.GND
Compiling module unisims_ver.VCC
Compiling module unisims_ver.FDRE_default
Compiling module xil_defaultlib.Floating_BUYUK_xbip_pipe_v3_0_4_...
Compiling module xil_defaultlib.Floating_BUYUK_delay__parameteri...
Compiling module xil_defaultlib.Floating_BUYUK_xbip_pipe_v3_0_4_...
Compiling module xil_defaultlib.Floating_BUYUK_delay__parameteri...
Compiling module xil_defaultlib.Floating_BUYUK_xbip_pipe_v3_0_4_...
Compiling module xil_defaultlib.Floating_BUYUK_delay__parameteri...
Compiling module unisims_ver.CARRY4
Compiling module xil_defaultlib.Floating_BUYUK_carry_chain__para...
Compiling module unisims_ver.LUT6
Compiling module xil_defaultlib.Floating_BUYUK_compare_eq
Compiling module unisims_ver.x_lut2_mux4
Compiling module unisims_ver.LUT2
Compiling module xil_defaultlib.Floating_BUYUK_carry_chain__para...
Compiling module xil_defaultlib.Floating_BUYUK_compare_eq_im__pa...
Compiling module unisims_ver.LUT5
Compiling module xil_defaultlib.Floating_BUYUK_carry_chain__para...
Compiling module xil_defaultlib.Floating_BUYUK_compare_ne_im
Compiling module xil_defaultlib.Floating_BUYUK_carry_chain__para...
Compiling module unisims_ver.LUT4
Compiling module xil_defaultlib.Floating_BUYUK_compare_gt
Compiling module xil_defaultlib.Floating_BUYUK_carry_chain__para...
Compiling module xil_defaultlib.Floating_BUYUK_compare_eq_im__pa...
Compiling module xil_defaultlib.Floating_BUYUK_carry_chain__para...
Compiling module xil_defaultlib.Floating_BUYUK_compare_ne_im_1
Compiling module xil_defaultlib.Floating_BUYUK_carry_chain
Compiling module xil_defaultlib.Floating_BUYUK_compare_eq_im
Compiling module xil_defaultlib.Floating_BUYUK_fp_cmp
Compiling module unisims_ver.x_lut3_mux8
Compiling module unisims_ver.LUT3
Compiling module xil_defaultlib.Floating_BUYUK_xbip_pipe_v3_0_4_...
Compiling module unisims_ver.FDRE(INIT=1'b1)
Compiling module xil_defaultlib.Floating_BUYUK_axi_slave_2to1
Compiling module xil_defaultlib.Floating_BUYUK_floating_point_v7...
Compiling module xil_defaultlib.Floating_BUYUK_floating_point_v7...
Compiling module xil_defaultlib.Floating_BUYUK
Compiling module unisims_ver.FDRE_default_1
Compiling module xil_defaultlib.Floating_KUCUK_xbip_pipe_v3_0_4_...
Compiling module xil_defaultlib.Floating_KUCUK_delay__parameteri...
Compiling module xil_defaultlib.Floating_KUCUK_xbip_pipe_v3_0_4_...
Compiling module xil_defaultlib.Floating_KUCUK_delay__parameteri...
Compiling module xil_defaultlib.Floating_KUCUK_xbip_pipe_v3_0_4_...
Compiling module xil_defaultlib.Floating_KUCUK_delay__parameteri...
Compiling module xil_defaultlib.Floating_KUCUK_carry_chain__para...
Compiling module xil_defaultlib.Floating_KUCUK_compare_eq
Compiling module xil_defaultlib.Floating_KUCUK_carry_chain__para...
Compiling module xil_defaultlib.Floating_KUCUK_compare_eq_im__pa...
Compiling module xil_defaultlib.Floating_KUCUK_carry_chain__para...
Compiling module xil_defaultlib.Floating_KUCUK_compare_ne_im
Compiling module xil_defaultlib.Floating_KUCUK_carry_chain__para...
Compiling module xil_defaultlib.Floating_KUCUK_compare_gt
Compiling module xil_defaultlib.Floating_KUCUK_carry_chain__para...
Compiling module xil_defaultlib.Floating_KUCUK_compare_eq_im__pa...
Compiling module xil_defaultlib.Floating_KUCUK_carry_chain__para...
Compiling module xil_defaultlib.Floating_KUCUK_compare_ne_im_1
Compiling module xil_defaultlib.Floating_KUCUK_carry_chain
Compiling module xil_defaultlib.Floating_KUCUK_compare_eq_im
Compiling module xil_defaultlib.Floating_KUCUK_fp_cmp
Compiling module xil_defaultlib.Floating_KUCUK_xbip_pipe_v3_0_4_...
Compiling module xil_defaultlib.Floating_KUCUK_axi_slave_2to1
Compiling module xil_defaultlib.Floating_KUCUK_floating_point_v7...
Compiling module xil_defaultlib.Floating_KUCUK_floating_point_v7...
Compiling module xil_defaultlib.Floating_KUCUK
Compiling architecture behavioral of entity xil_defaultlib.blokRAM [blokram_default]
Compiling architecture behavioral of entity xil_defaultlib.uyg115
Built simulation snapshot uyg115_behav
run_program: Time (s): cpu = 00:00:00 ; elapsed = 00:00:17 . Memory (MB): peak = 944.160 ; gain = 0.000
INFO: [USF-XSim-69] 'elaborate' step finished in '17' seconds
INFO: [USF-XSim-4] XSim::Simulate design
INFO: [USF-XSim-61] Executing 'SIMULATE' step in 'E:/bildiri ve makaleler/kitap/fpga/uygulamalar/prj_bolum11_uyg5/prj_bolum11_uyg5.sim/sim_1/behav/xsim'
INFO: [USF-XSim-98] *** Running xsim
   with args "uyg115_behav -key {Behavioral:sim_1:Functional:uyg115} -tclbatch {uyg115.tcl} -log {simulate.log}"
INFO: [USF-XSim-8] Loading simulator feature
Vivado Simulator 2017.4
Time resolution is 1 ps
source uyg115.tcl
# set curr_wave [current_wave_config]
# if { [string length $curr_wave] == 0 } {
#   if { [llength [get_objects]] > 0} {
#     add_wave /
#     set_property needs_save false [current_wave_config]
#   } else {
#      send_msg_id Add_Wave-1 WARNING "No top level signals found. Simulator will start without a wave window. If you want to open a wave window go to 'File->New Waveform Configuration' or type 'create_wave_config' in the TCL console."
#   }
# }
# run 1000ns
xsim: Time (s): cpu = 00:00:06 ; elapsed = 00:00:05 . Memory (MB): peak = 944.160 ; gain = 0.000
INFO: [USF-XSim-96] XSim completed. Design snapshot 'uyg115_behav' loaded.
INFO: [USF-XSim-97] XSim simulation ran for 1000ns
launch_simulation: Time (s): cpu = 00:00:09 ; elapsed = 00:00:40 . Memory (MB): peak = 944.160 ; gain = 0.000
add_force {/uyg115/clk} -radix hex {0 0ns} {1 50000ps} -repeat_every 100000ps
add_force {/uyg115/rst} -radix hex {0 0ns}
run 5000 ns
run 5000 ns
run 5000 ns
run 5000 ns
run 5000 ns
run 5000 ns
run 5000 ns
run 1000 ns
run 1000 ns
run 1000 ns
run 500 ns
run 500 ns
run 500 ns
run 500 ns
run 500 ns
run 100 ns
run 100 ns
run 100 ns
add_force {/uyg115/adr} -radix hex {5 0ns}
run 100 ns
run 100 ns
run 100 ns
run 100 ns
run 100 ns
run 100 ns
run 100 ns
run 100 ns
run 100 ns
run 100 ns
run 100 ns
run 100 ns
close_sim
INFO: [Simtcl 6-16] Simulation closed
launch_simulation
INFO: [Vivado 12-5698] Checking validity of IPs in the design for the 'XSim' simulator...
INFO: [Vivado 12-5682] Launching behavioral simulation in 'E:/bildiri ve makaleler/kitap/fpga/uygulamalar/prj_bolum11_uyg5/prj_bolum11_uyg5.sim/sim_1/behav/xsim'
INFO: [Vivado 12-4795] Using compiled simulation libraries for IPs
INFO: [SIM-utils-51] Simulation object is 'sim_1'
INFO: [USF-XSim-7] Finding pre-compiled libraries...
INFO: [USF-XSim-11] File 'C:/Xilinx/Vivado/2017.4/data/xsim/ip/xsim_ip.ini' copied to run dir:'E:/bildiri ve makaleler/kitap/fpga/uygulamalar/prj_bolum11_uyg5/prj_bolum11_uyg5.sim/sim_1/behav/xsim'
INFO: [SIM-utils-54] Inspecting design source files for 'uyg115' in fileset 'sim_1'...
INFO: [USF-XSim-97] Finding global include files...
INFO: [USF-XSim-98] Fetching design files from 'sim_1'...
INFO: [USF-XSim-2] XSim::Compile design
INFO: [USF-XSim-61] Executing 'COMPILE and ANALYZE' step in 'E:/bildiri ve makaleler/kitap/fpga/uygulamalar/prj_bolum11_uyg5/prj_bolum11_uyg5.sim/sim_1/behav/xsim'
"xvlog --incr --relax -prj uyg115_vlog.prj"
INFO: [VRFC 10-2263] Analyzing Verilog file "E:/bildiri ve makaleler/kitap/fpga/uygulamalar/prj_bolum11_uyg5/prj_bolum11_uyg5.srcs/sources_1/ip/Floating_BUYUK/Floating_BUYUK_sim_netlist.v" into library xil_defaultlib
INFO: [VRFC 10-311] analyzing module Floating_BUYUK
INFO: [VRFC 10-311] analyzing module Floating_BUYUK_floating_point_v7_1_5
INFO: [VRFC 10-311] analyzing module Floating_BUYUK_axi_slave_2to1
INFO: [VRFC 10-311] analyzing module Floating_BUYUK_carry_chain
INFO: [VRFC 10-311] analyzing module Floating_BUYUK_carry_chain__parameterized0
INFO: [VRFC 10-311] analyzing module Floating_BUYUK_carry_chain__parameterized0_2
INFO: [VRFC 10-311] analyzing module Floating_BUYUK_carry_chain__parameterized1
INFO: [VRFC 10-311] analyzing module Floating_BUYUK_carry_chain__parameterized1_3
INFO: [VRFC 10-311] analyzing module Floating_BUYUK_carry_chain__parameterized2
INFO: [VRFC 10-311] analyzing module Floating_BUYUK_carry_chain__parameterized3
INFO: [VRFC 10-311] analyzing module Floating_BUYUK_compare_eq
INFO: [VRFC 10-311] analyzing module Floating_BUYUK_compare_eq_im
INFO: [VRFC 10-311] analyzing module Floating_BUYUK_compare_eq_im__parameterized0
INFO: [VRFC 10-311] analyzing module Floating_BUYUK_compare_eq_im__parameterized0_0
INFO: [VRFC 10-311] analyzing module Floating_BUYUK_compare_gt
INFO: [VRFC 10-311] analyzing module Floating_BUYUK_compare_ne_im
INFO: [VRFC 10-311] analyzing module Floating_BUYUK_compare_ne_im_1
INFO: [VRFC 10-311] analyzing module Floating_BUYUK_delay__parameterized5
INFO: [VRFC 10-311] analyzing module Floating_BUYUK_delay__parameterized6
INFO: [VRFC 10-311] analyzing module Floating_BUYUK_delay__parameterized7
INFO: [VRFC 10-311] analyzing module Floating_BUYUK_floating_point_v7_1_5_viv
INFO: [VRFC 10-311] analyzing module Floating_BUYUK_fp_cmp
INFO: [VRFC 10-311] analyzing module Floating_BUYUK_xbip_pipe_v3_0_4_viv
INFO: [VRFC 10-311] analyzing module Floating_BUYUK_xbip_pipe_v3_0_4_viv__parameterized13
INFO: [VRFC 10-311] analyzing module Floating_BUYUK_xbip_pipe_v3_0_4_viv__parameterized15
INFO: [VRFC 10-311] analyzing module Floating_BUYUK_xbip_pipe_v3_0_4_viv__parameterized15_4
INFO: [VRFC 10-311] analyzing module glbl
"xvhdl --incr --relax -prj uyg115_vhdl.prj"
INFO: [VRFC 10-163] Analyzing VHDL file "E:/bildiri ve makaleler/kitap/fpga/uygulamalar/prj_bolum11_uyg5/prj_bolum11_uyg5.srcs/sources_1/new/uyg115.vhd" into library xil_defaultlib
INFO: [VRFC 10-307] analyzing entity uyg115
run_program: Time (s): cpu = 00:00:00 ; elapsed = 00:00:13 . Memory (MB): peak = 944.160 ; gain = 0.000
INFO: [USF-XSim-69] 'compile' step finished in '13' seconds
INFO: [USF-XSim-3] XSim::Elaborate design
INFO: [USF-XSim-61] Executing 'ELABORATE' step in 'E:/bildiri ve makaleler/kitap/fpga/uygulamalar/prj_bolum11_uyg5/prj_bolum11_uyg5.sim/sim_1/behav/xsim'
Vivado Simulator 2017.4
Copyright 1986-1999, 2001-2016 Xilinx, Inc. All Rights Reserved.
Running: C:/Xilinx/Vivado/2017.4/bin/unwrapped/win64.o/xelab.exe -wto 926208ed61ad4ea6a757ec39f3991646 --incr --debug typical --relax --mt 2 -L xil_defaultlib -L unisims_ver -L unimacro_ver -L secureip -L xpm --snapshot uyg115_behav xil_defaultlib.uyg115 xil_defaultlib.glbl -log elaborate.log 
Using 2 slave threads.
Starting static elaboration
Completed static elaboration
Starting simulation data flow analysis
Completed simulation data flow analysis
Time Resolution for simulation is 1ps
Compiling package std.standard
Compiling package std.textio
Compiling package ieee.std_logic_1164
Compiling package ieee.std_logic_arith
Compiling package ieee.std_logic_unsigned
Compiling package vl.vl_types
Compiling module xil_defaultlib.glbl
Compiling architecture behavioral of entity xil_defaultlib.RandomSayi [\RandomSayi(n=32)\]
Compiling module unisims_ver.GND
Compiling module unisims_ver.VCC
Compiling module unisims_ver.FDRE_default
Compiling module xil_defaultlib.Floating_BUYUK_xbip_pipe_v3_0_4_...
Compiling module xil_defaultlib.Floating_BUYUK_delay__parameteri...
Compiling module xil_defaultlib.Floating_BUYUK_xbip_pipe_v3_0_4_...
Compiling module xil_defaultlib.Floating_BUYUK_delay__parameteri...
Compiling module xil_defaultlib.Floating_BUYUK_xbip_pipe_v3_0_4_...
Compiling module xil_defaultlib.Floating_BUYUK_delay__parameteri...
Compiling module unisims_ver.CARRY4
Compiling module xil_defaultlib.Floating_BUYUK_carry_chain__para...
Compiling module unisims_ver.LUT6
Compiling module xil_defaultlib.Floating_BUYUK_compare_eq
Compiling module unisims_ver.x_lut2_mux4
Compiling module unisims_ver.LUT2
Compiling module xil_defaultlib.Floating_BUYUK_carry_chain__para...
Compiling module xil_defaultlib.Floating_BUYUK_compare_eq_im__pa...
Compiling module unisims_ver.LUT5
Compiling module xil_defaultlib.Floating_BUYUK_carry_chain__para...
Compiling module xil_defaultlib.Floating_BUYUK_compare_ne_im
Compiling module xil_defaultlib.Floating_BUYUK_carry_chain__para...
Compiling module unisims_ver.LUT4
Compiling module xil_defaultlib.Floating_BUYUK_compare_gt
Compiling module xil_defaultlib.Floating_BUYUK_carry_chain__para...
Compiling module xil_defaultlib.Floating_BUYUK_compare_eq_im__pa...
Compiling module xil_defaultlib.Floating_BUYUK_carry_chain__para...
Compiling module xil_defaultlib.Floating_BUYUK_compare_ne_im_1
Compiling module xil_defaultlib.Floating_BUYUK_carry_chain
Compiling module xil_defaultlib.Floating_BUYUK_compare_eq_im
Compiling module xil_defaultlib.Floating_BUYUK_fp_cmp
Compiling module unisims_ver.x_lut3_mux8
Compiling module unisims_ver.LUT3
Compiling module xil_defaultlib.Floating_BUYUK_xbip_pipe_v3_0_4_...
Compiling module unisims_ver.FDRE(INIT=1'b1)
Compiling module xil_defaultlib.Floating_BUYUK_axi_slave_2to1
Compiling module xil_defaultlib.Floating_BUYUK_floating_point_v7...
Compiling module xil_defaultlib.Floating_BUYUK_floating_point_v7...
Compiling module xil_defaultlib.Floating_BUYUK
Compiling module unisims_ver.FDRE_default_1
Compiling module xil_defaultlib.Floating_KUCUK_xbip_pipe_v3_0_4_...
Compiling module xil_defaultlib.Floating_KUCUK_delay__parameteri...
Compiling module xil_defaultlib.Floating_KUCUK_xbip_pipe_v3_0_4_...
Compiling module xil_defaultlib.Floating_KUCUK_delay__parameteri...
Compiling module xil_defaultlib.Floating_KUCUK_xbip_pipe_v3_0_4_...
Compiling module xil_defaultlib.Floating_KUCUK_delay__parameteri...
Compiling module xil_defaultlib.Floating_KUCUK_carry_chain__para...
Compiling module xil_defaultlib.Floating_KUCUK_compare_eq
Compiling module xil_defaultlib.Floating_KUCUK_carry_chain__para...
Compiling module xil_defaultlib.Floating_KUCUK_compare_eq_im__pa...
Compiling module xil_defaultlib.Floating_KUCUK_carry_chain__para...
Compiling module xil_defaultlib.Floating_KUCUK_compare_ne_im
Compiling module xil_defaultlib.Floating_KUCUK_carry_chain__para...
Compiling module xil_defaultlib.Floating_KUCUK_compare_gt
Compiling module xil_defaultlib.Floating_KUCUK_carry_chain__para...
Compiling module xil_defaultlib.Floating_KUCUK_compare_eq_im__pa...
Compiling module xil_defaultlib.Floating_KUCUK_carry_chain__para...
Compiling module xil_defaultlib.Floating_KUCUK_compare_ne_im_1
Compiling module xil_defaultlib.Floating_KUCUK_carry_chain
Compiling module xil_defaultlib.Floating_KUCUK_compare_eq_im
Compiling module xil_defaultlib.Floating_KUCUK_fp_cmp
Compiling module xil_defaultlib.Floating_KUCUK_xbip_pipe_v3_0_4_...
Compiling module xil_defaultlib.Floating_KUCUK_axi_slave_2to1
Compiling module xil_defaultlib.Floating_KUCUK_floating_point_v7...
Compiling module xil_defaultlib.Floating_KUCUK_floating_point_v7...
Compiling module xil_defaultlib.Floating_KUCUK
Compiling architecture behavioral of entity xil_defaultlib.blokRAM [blokram_default]
Compiling architecture behavioral of entity xil_defaultlib.uyg115
Built simulation snapshot uyg115_behav
run_program: Time (s): cpu = 00:00:01 ; elapsed = 00:00:17 . Memory (MB): peak = 944.160 ; gain = 0.000
INFO: [USF-XSim-69] 'elaborate' step finished in '17' seconds
INFO: [USF-XSim-4] XSim::Simulate design
INFO: [USF-XSim-61] Executing 'SIMULATE' step in 'E:/bildiri ve makaleler/kitap/fpga/uygulamalar/prj_bolum11_uyg5/prj_bolum11_uyg5.sim/sim_1/behav/xsim'
INFO: [USF-XSim-98] *** Running xsim
   with args "uyg115_behav -key {Behavioral:sim_1:Functional:uyg115} -tclbatch {uyg115.tcl} -log {simulate.log}"
INFO: [USF-XSim-8] Loading simulator feature
Vivado Simulator 2017.4
Time resolution is 1 ps
source uyg115.tcl
# set curr_wave [current_wave_config]
# if { [string length $curr_wave] == 0 } {
#   if { [llength [get_objects]] > 0} {
#     add_wave /
#     set_property needs_save false [current_wave_config]
#   } else {
#      send_msg_id Add_Wave-1 WARNING "No top level signals found. Simulator will start without a wave window. If you want to open a wave window go to 'File->New Waveform Configuration' or type 'create_wave_config' in the TCL console."
#   }
# }
# run 1000ns
INFO: [USF-XSim-96] XSim completed. Design snapshot 'uyg115_behav' loaded.
INFO: [USF-XSim-97] XSim simulation ran for 1000ns
launch_simulation: Time (s): cpu = 00:00:07 ; elapsed = 00:00:37 . Memory (MB): peak = 944.160 ; gain = 0.000
add_force {/uyg115/clk} -radix hex {0 0ns} {1 50000ps} -repeat_every 100000ps
run 5000 ns
run 5000 ns
run 5000 ns
run 5000 ns
run 5000 ns
run 5000 ns
run 500 ns
run 500 ns
run 500 ns
run 200 ns
run 200 ns
run 200 ns
run 200 ns
run 200 ns
add_force {/uyg115/adr} -radix hex {5 0ns}
run 200 ns
run 200 ns
run 200 ns
run 200 ns
run 200 ns
run 200 ns
add_force {/uyg115/adr} -radix hex {8 0ns}
run 200 ns
run 200 ns
run 200 ns
run 200 ns
run 200 ns
run 200 ns
add_force {/uyg115/adr} -radix hex {a 0ns}
run 200 ns
run 200 ns
run 200 ns
run 200 ns
run 200 ns
close_sim
INFO: [Simtcl 6-16] Simulation closed
close_sim: Time (s): cpu = 00:00:01 ; elapsed = 00:00:06 . Memory (MB): peak = 959.270 ; gain = 0.000
synth_design -rtl -name rtl_1
Command: synth_design -rtl -name rtl_1
Starting synth_design
Using part: xc7a100tcsg324-1
Top: uyg115
---------------------------------------------------------------------------------
Starting RTL Elaboration : Time (s): cpu = 00:00:14 ; elapsed = 00:00:13 . Memory (MB): peak = 1034.297 ; gain = 75.027
---------------------------------------------------------------------------------
INFO: [Synth 8-638] synthesizing module 'uyg115' [E:/bildiri ve makaleler/kitap/fpga/uygulamalar/prj_bolum11_uyg5/prj_bolum11_uyg5.srcs/sources_1/new/uyg115.vhd:21]
	Parameter bitx bound to: 32 - type: integer 
	Parameter adr_bits bound to: 4 - type: integer 
	Parameter n bound to: 32 - type: integer 
INFO: [Synth 8-3491] module 'RandomSayi' declared at 'E:/bildiri ve makaleler/kitap/fpga/uygulamalar/prj_bolum11_uyg5/prj_bolum11_uyg5.srcs/sources_1/imports/new/RandomSayi.vhd:4' bound to instance 'RASGELE_SAYI' of component 'RandomSayi' [E:/bildiri ve makaleler/kitap/fpga/uygulamalar/prj_bolum11_uyg5/prj_bolum11_uyg5.srcs/sources_1/new/uyg115.vhd:219]
INFO: [Synth 8-638] synthesizing module 'RandomSayi' [E:/bildiri ve makaleler/kitap/fpga/uygulamalar/prj_bolum11_uyg5/prj_bolum11_uyg5.srcs/sources_1/imports/new/RandomSayi.vhd:16]
	Parameter n bound to: 32 - type: integer 
WARNING: [Synth 8-614] signal 'aktif' is read in the process but is not in the sensitivity list [E:/bildiri ve makaleler/kitap/fpga/uygulamalar/prj_bolum11_uyg5/prj_bolum11_uyg5.srcs/sources_1/imports/new/RandomSayi.vhd:20]
WARNING: [Synth 8-6014] Unused sequential element rnd_bit_reg was removed.  [E:/bildiri ve makaleler/kitap/fpga/uygulamalar/prj_bolum11_uyg5/prj_bolum11_uyg5.srcs/sources_1/imports/new/RandomSayi.vhd:25]
WARNING: [Synth 8-6014] Unused sequential element yeni_rnd_reg was removed.  [E:/bildiri ve makaleler/kitap/fpga/uygulamalar/prj_bolum11_uyg5/prj_bolum11_uyg5.srcs/sources_1/imports/new/RandomSayi.vhd:26]
INFO: [Synth 8-256] done synthesizing module 'RandomSayi' (1#1) [E:/bildiri ve makaleler/kitap/fpga/uygulamalar/prj_bolum11_uyg5/prj_bolum11_uyg5.srcs/sources_1/imports/new/RandomSayi.vhd:16]
INFO: [Synth 8-3491] module 'Floating_BUYUK' declared at 'E:/bildiri ve makaleler/kitap/fpga/uygulamalar/prj_bolum11_uyg5/.Xil/Vivado-5000-dell-Bilgisayar/realtime/Floating_BUYUK_stub.vhdl:5' bound to instance 'SAYIDAN_BUYUK_MU' of component 'Floating_BUYUK' [E:/bildiri ve makaleler/kitap/fpga/uygulamalar/prj_bolum11_uyg5/prj_bolum11_uyg5.srcs/sources_1/new/uyg115.vhd:229]
INFO: [Synth 8-638] synthesizing module 'Floating_BUYUK' [E:/bildiri ve makaleler/kitap/fpga/uygulamalar/prj_bolum11_uyg5/.Xil/Vivado-5000-dell-Bilgisayar/realtime/Floating_BUYUK_stub.vhdl:21]
INFO: [Synth 8-3491] module 'Floating_KUCUK' declared at 'E:/bildiri ve makaleler/kitap/fpga/uygulamalar/prj_bolum11_uyg5/.Xil/Vivado-5000-dell-Bilgisayar/realtime/Floating_KUCUK_stub.vhdl:5' bound to instance 'SAYIDAN_KUCUK_MU' of component 'Floating_KUCUK' [E:/bildiri ve makaleler/kitap/fpga/uygulamalar/prj_bolum11_uyg5/prj_bolum11_uyg5.srcs/sources_1/new/uyg115.vhd:243]
INFO: [Synth 8-638] synthesizing module 'Floating_KUCUK' [E:/bildiri ve makaleler/kitap/fpga/uygulamalar/prj_bolum11_uyg5/.Xil/Vivado-5000-dell-Bilgisayar/realtime/Floating_KUCUK_stub.vhdl:21]
	Parameter bitx bound to: 32 - type: integer 
	Parameter adr_bits bound to: 4 - type: integer 
INFO: [Synth 8-3491] module 'blokRAM' declared at 'E:/bildiri ve makaleler/kitap/fpga/uygulamalar/prj_bolum11_uyg5/prj_bolum11_uyg5.srcs/sources_1/imports/new/blokRAM.vhd:10' bound to instance 'RAM' of component 'blokRAM' [E:/bildiri ve makaleler/kitap/fpga/uygulamalar/prj_bolum11_uyg5/prj_bolum11_uyg5.srcs/sources_1/new/uyg115.vhd:258]
INFO: [Synth 8-638] synthesizing module 'blokRAM' [E:/bildiri ve makaleler/kitap/fpga/uygulamalar/prj_bolum11_uyg5/prj_bolum11_uyg5.srcs/sources_1/imports/new/blokRAM.vhd:26]
	Parameter bitx bound to: 32 - type: integer 
	Parameter adr_bits bound to: 4 - type: integer 
INFO: [Synth 8-256] done synthesizing module 'blokRAM' (2#1) [E:/bildiri ve makaleler/kitap/fpga/uygulamalar/prj_bolum11_uyg5/prj_bolum11_uyg5.srcs/sources_1/imports/new/blokRAM.vhd:26]
WARNING: [Synth 8-6014] Unused sequential element genel_say_reg was removed.  [E:/bildiri ve makaleler/kitap/fpga/uygulamalar/prj_bolum11_uyg5/prj_bolum11_uyg5.srcs/sources_1/new/uyg115.vhd:209]
INFO: [Synth 8-256] done synthesizing module 'uyg115' (3#1) [E:/bildiri ve makaleler/kitap/fpga/uygulamalar/prj_bolum11_uyg5/prj_bolum11_uyg5.srcs/sources_1/new/uyg115.vhd:21]
WARNING: [Synth 8-3331] design RandomSayi has unconnected port rst
WARNING: [Synth 8-3331] design RandomSayi has unconnected port rnd_gir[31]
WARNING: [Synth 8-3331] design RandomSayi has unconnected port rnd_gir[30]
WARNING: [Synth 8-3331] design RandomSayi has unconnected port rnd_gir[29]
WARNING: [Synth 8-3331] design RandomSayi has unconnected port rnd_gir[28]
WARNING: [Synth 8-3331] design RandomSayi has unconnected port rnd_gir[27]
---------------------------------------------------------------------------------
Finished RTL Elaboration : Time (s): cpu = 00:00:16 ; elapsed = 00:00:16 . Memory (MB): peak = 1072.918 ; gain = 113.648
---------------------------------------------------------------------------------

Report Check Netlist: 
+------+------------------+-------+---------+-------+------------------+
|      |Item              |Errors |Warnings |Status |Description       |
+------+------------------+-------+---------+-------+------------------+
|1     |multi_driven_nets |      0|        0|Passed |Multi driven nets |
+------+------------------+-------+---------+-------+------------------+
---------------------------------------------------------------------------------
Finished RTL Optimization Phase 1 : Time (s): cpu = 00:00:18 ; elapsed = 00:00:18 . Memory (MB): peak = 1075.965 ; gain = 116.695
---------------------------------------------------------------------------------
INFO: [Project 1-454] Reading design checkpoint 'e:/bildiri ve makaleler/kitap/fpga/uygulamalar/prj_bolum11_uyg5/prj_bolum11_uyg5.srcs/sources_1/ip/Floating_BUYUK/Floating_BUYUK.dcp' for cell 'SAYIDAN_BUYUK_MU'
INFO: [Project 1-454] Reading design checkpoint 'e:/bildiri ve makaleler/kitap/fpga/uygulamalar/prj_bolum11_uyg5/prj_bolum11_uyg5.srcs/sources_1/ip/Floating_KUCUK/Floating_KUCUK.dcp' for cell 'SAYIDAN_KUCUK_MU'
INFO: [Netlist 29-17] Analyzing 24 Unisim elements for replacement
INFO: [Netlist 29-28] Unisim Transformation completed in 0 CPU seconds
INFO: [Project 1-479] Netlist was created with Vivado 2017.4
INFO: [Device 21-403] Loading part xc7a100tcsg324-1
INFO: [Project 1-570] Preparing netlist for logic optimization
INFO: [Opt 31-140] Inserted 1 IBUFs to IO ports without IO buffers.

Processing XDC Constraints
Initializing timing engine
Completed Processing XDC Constraints

INFO: [Opt 31-138] Pushed 0 inverter(s) to 0 load pin(s).
INFO: [Project 1-111] Unisim Transformation Summary:
No Unisim elements were transformed.

RTL Elaboration Complete:  : Time (s): cpu = 00:01:07 ; elapsed = 00:01:12 . Memory (MB): peak = 1469.762 ; gain = 510.492
22 Infos, 10 Warnings, 0 Critical Warnings and 0 Errors encountered.
synth_design completed successfully
synth_design: Time (s): cpu = 00:01:08 ; elapsed = 00:01:15 . Memory (MB): peak = 1469.762 ; gain = 510.492
close_project
create_project prj_bolum12_uyg1 {E:/bildiri ve makaleler/kitap/fpga/uygulamalar/__bolum_12_nexys4DDR/prj_bolum12_uyg1} -part xc7a100tcsg324-1
INFO: [ProjectBase 1-489] The host OS only allows 260 characters in a normal path. The project is stored in a path with more than 80 characters. If you experience issues with IP, Block Designs, or files not being found, please consider moving the project to a location with a shorter path. Alternately consider using the OS subst command to map part of the path to a drive letter.
Current project path is 'E:/bildiri ve makaleler/kitap/fpga/uygulamalar/__bolum_12_nexys4DDR/prj_bolum12_uyg1'
INFO: [IP_Flow 19-234] Refreshing IP repositories
INFO: [IP_Flow 19-1704] No user IP repositories specified
INFO: [IP_Flow 19-2313] Loaded Vivado IP repository 'C:/Xilinx/Vivado/2017.4/data/ip'.
create_project: Time (s): cpu = 00:00:13 ; elapsed = 00:00:20 . Memory (MB): peak = 1469.762 ; gain = 0.000
file mkdir E:/bildiri ve makaleler/kitap/fpga/uygulamalar/__bolum_12_nexys4DDR/prj_bolum12_uyg1/prj_bolum12_uyg1.srcs/sources_1/new
set_property target_language VHDL [current_project]
file mkdir E:/bildiri ve makaleler/kitap/fpga/uygulamalar/__bolum_12_nexys4DDR/prj_bolum12_uyg1/prj_bolum12_uyg1.srcs/sources_1/new
file mkdir E:/bildiri ve makaleler/kitap/fpga/uygulamalar/__bolum_12_nexys4DDR/prj_bolum12_uyg1/prj_bolum12_uyg1.srcs/sources_1/new
file mkdir {E:/bildiri ve makaleler/kitap/fpga/uygulamalar/__bolum_12_nexys4DDR/prj_bolum12_uyg1/prj_bolum12_uyg1.srcs/sources_1/new}
close [ open {E:/bildiri ve makaleler/kitap/fpga/uygulamalar/__bolum_12_nexys4DDR/prj_bolum12_uyg1/prj_bolum12_uyg1.srcs/sources_1/new/uyg121.vhd} w ]
add_files {{E:/bildiri ve makaleler/kitap/fpga/uygulamalar/__bolum_12_nexys4DDR/prj_bolum12_uyg1/prj_bolum12_uyg1.srcs/sources_1/new/uyg121.vhd}}
update_compile_order -fileset sources_1
launch_simulation
INFO: [Vivado 12-5682] Launching behavioral simulation in 'E:/bildiri ve makaleler/kitap/fpga/uygulamalar/__bolum_12_nexys4DDR/prj_bolum12_uyg1/prj_bolum12_uyg1.sim/sim_1/behav/xsim'
INFO: [SIM-utils-51] Simulation object is 'sim_1'
INFO: [SIM-utils-54] Inspecting design source files for 'uyg121' in fileset 'sim_1'...
INFO: [USF-XSim-97] Finding global include files...
INFO: [USF-XSim-98] Fetching design files from 'sim_1'...
INFO: [USF-XSim-2] XSim::Compile design
INFO: [USF-XSim-61] Executing 'COMPILE and ANALYZE' step in 'E:/bildiri ve makaleler/kitap/fpga/uygulamalar/__bolum_12_nexys4DDR/prj_bolum12_uyg1/prj_bolum12_uyg1.sim/sim_1/behav/xsim'
"xvhdl --incr --relax -prj uyg121_vhdl.prj"
INFO: [VRFC 10-163] Analyzing VHDL file "E:/bildiri ve makaleler/kitap/fpga/uygulamalar/__bolum_12_nexys4DDR/prj_bolum12_uyg1/prj_bolum12_uyg1.srcs/sources_1/new/uyg121.vhd" into library xil_defaultlib
INFO: [VRFC 10-307] analyzing entity uyg121
run_program: Time (s): cpu = 00:00:00 ; elapsed = 00:00:05 . Memory (MB): peak = 1469.762 ; gain = 0.000
INFO: [USF-XSim-69] 'compile' step finished in '6' seconds
INFO: [USF-XSim-3] XSim::Elaborate design
INFO: [USF-XSim-61] Executing 'ELABORATE' step in 'E:/bildiri ve makaleler/kitap/fpga/uygulamalar/__bolum_12_nexys4DDR/prj_bolum12_uyg1/prj_bolum12_uyg1.sim/sim_1/behav/xsim'
Vivado Simulator 2017.4
Copyright 1986-1999, 2001-2016 Xilinx, Inc. All Rights Reserved.
Running: C:/Xilinx/Vivado/2017.4/bin/unwrapped/win64.o/xelab.exe -wto 011f10bbe8f74dc48967577eea998ab1 --incr --debug typical --relax --mt 2 -L xil_defaultlib -L secureip --snapshot uyg121_behav xil_defaultlib.uyg121 -log elaborate.log 
Using 2 slave threads.
Starting static elaboration
Completed static elaboration
Starting simulation data flow analysis
Completed simulation data flow analysis
Time Resolution for simulation is 1ps
Compiling package std.standard
Compiling package std.textio
Compiling package ieee.std_logic_1164
Compiling architecture behavioral of entity xil_defaultlib.uyg121
Built simulation snapshot uyg121_behav

****** Webtalk v2017.4 (64-bit)
  **** SW Build 2086221 on Fri Dec 15 20:55:39 MST 2017
  **** IP Build 2085800 on Fri Dec 15 22:25:07 MST 2017
    ** Copyright 1986-2017 Xilinx, Inc. All Rights Reserved.

source E:/bildiri -notrace
couldn't read file "E:/bildiri": permission denied
INFO: [Common 17-206] Exiting Webtalk at Tue Aug 20 20:48:34 2019...
run_program: Time (s): cpu = 00:00:01 ; elapsed = 00:00:14 . Memory (MB): peak = 1469.762 ; gain = 0.000
INFO: [USF-XSim-69] 'elaborate' step finished in '14' seconds
INFO: [USF-XSim-4] XSim::Simulate design
INFO: [USF-XSim-61] Executing 'SIMULATE' step in 'E:/bildiri ve makaleler/kitap/fpga/uygulamalar/__bolum_12_nexys4DDR/prj_bolum12_uyg1/prj_bolum12_uyg1.sim/sim_1/behav/xsim'
INFO: [USF-XSim-98] *** Running xsim
   with args "uyg121_behav -key {Behavioral:sim_1:Functional:uyg121} -tclbatch {uyg121.tcl} -log {simulate.log}"
INFO: [USF-XSim-8] Loading simulator feature
Vivado Simulator 2017.4
Time resolution is 1 ps
source uyg121.tcl
# set curr_wave [current_wave_config]
# if { [string length $curr_wave] == 0 } {
#   if { [llength [get_objects]] > 0} {
#     add_wave /
#     set_property needs_save false [current_wave_config]
#   } else {
#      send_msg_id Add_Wave-1 WARNING "No top level signals found. Simulator will start without a wave window. If you want to open a wave window go to 'File->New Waveform Configuration' or type 'create_wave_config' in the TCL console."
#   }
# }
# run 1000ns
xsim: Time (s): cpu = 00:00:07 ; elapsed = 00:00:05 . Memory (MB): peak = 1469.762 ; gain = 0.000
INFO: [USF-XSim-96] XSim completed. Design snapshot 'uyg121_behav' loaded.
INFO: [USF-XSim-97] XSim simulation ran for 1000ns
launch_simulation: Time (s): cpu = 00:00:10 ; elapsed = 00:00:26 . Memory (MB): peak = 1469.762 ; gain = 0.000
add_force {/uyg121/clk} -radix hex {0 0ns} {1 50000ps} -repeat_every 100000ps
add_force {/uyg121/rst} -radix hex {0 0ns}
add_force {/uyg121/sol} -radix hex {0 0ns}
add_force {/uyg121/sag} -radix hex {1 0ns}
run 500 ns
run 500 ns
run 500 ns
ERROR: Index -1 out of bound 15 downto 0
Time: 2100 ns  Iteration: 0  Process: /uyg121/line__23
  File: E:/bildiri ve makaleler/kitap/fpga/uygulamalar/__bolum_12_nexys4DDR/prj_bolum12_uyg1/prj_bolum12_uyg1.srcs/sources_1/new/uyg121.vhd

HDL Line: E:/bildiri ve makaleler/kitap/fpga/uygulamalar/__bolum_12_nexys4DDR/prj_bolum12_uyg1/prj_bolum12_uyg1.srcs/sources_1/new/uyg121.vhd:44
close_sim
INFO: [Simtcl 6-16] Simulation closed
close_sim: Time (s): cpu = 00:00:01 ; elapsed = 00:00:05 . Memory (MB): peak = 1469.762 ; gain = 0.000
launch_simulation
INFO: [Vivado 12-5682] Launching behavioral simulation in 'E:/bildiri ve makaleler/kitap/fpga/uygulamalar/__bolum_12_nexys4DDR/prj_bolum12_uyg1/prj_bolum12_uyg1.sim/sim_1/behav/xsim'
INFO: [SIM-utils-51] Simulation object is 'sim_1'
INFO: [SIM-utils-54] Inspecting design source files for 'uyg121' in fileset 'sim_1'...
INFO: [USF-XSim-97] Finding global include files...
INFO: [USF-XSim-98] Fetching design files from 'sim_1'...
INFO: [USF-XSim-2] XSim::Compile design
INFO: [USF-XSim-61] Executing 'COMPILE and ANALYZE' step in 'E:/bildiri ve makaleler/kitap/fpga/uygulamalar/__bolum_12_nexys4DDR/prj_bolum12_uyg1/prj_bolum12_uyg1.sim/sim_1/behav/xsim'
"xvhdl --incr --relax -prj uyg121_vhdl.prj"
INFO: [VRFC 10-163] Analyzing VHDL file "E:/bildiri ve makaleler/kitap/fpga/uygulamalar/__bolum_12_nexys4DDR/prj_bolum12_uyg1/prj_bolum12_uyg1.srcs/sources_1/new/uyg121.vhd" into library xil_defaultlib
INFO: [VRFC 10-307] analyzing entity uyg121
INFO: [USF-XSim-69] 'compile' step finished in '5' seconds
INFO: [USF-XSim-3] XSim::Elaborate design
INFO: [USF-XSim-61] Executing 'ELABORATE' step in 'E:/bildiri ve makaleler/kitap/fpga/uygulamalar/__bolum_12_nexys4DDR/prj_bolum12_uyg1/prj_bolum12_uyg1.sim/sim_1/behav/xsim'
Vivado Simulator 2017.4
Copyright 1986-1999, 2001-2016 Xilinx, Inc. All Rights Reserved.
Running: C:/Xilinx/Vivado/2017.4/bin/unwrapped/win64.o/xelab.exe -wto 011f10bbe8f74dc48967577eea998ab1 --incr --debug typical --relax --mt 2 -L xil_defaultlib -L secureip --snapshot uyg121_behav xil_defaultlib.uyg121 -log elaborate.log 
Using 2 slave threads.
Starting static elaboration
Completed static elaboration
Starting simulation data flow analysis
Completed simulation data flow analysis
Time Resolution for simulation is 1ps
Compiling package std.standard
Compiling package std.textio
Compiling package ieee.std_logic_1164
Compiling package ieee.numeric_std
Compiling package ieee.std_logic_arith
Compiling architecture behavioral of entity xil_defaultlib.uyg121
Built simulation snapshot uyg121_behav
run_program: Time (s): cpu = 00:00:00 ; elapsed = 00:00:06 . Memory (MB): peak = 1469.762 ; gain = 0.000
INFO: [USF-XSim-69] 'elaborate' step finished in '7' seconds
INFO: [USF-XSim-4] XSim::Simulate design
INFO: [USF-XSim-61] Executing 'SIMULATE' step in 'E:/bildiri ve makaleler/kitap/fpga/uygulamalar/__bolum_12_nexys4DDR/prj_bolum12_uyg1/prj_bolum12_uyg1.sim/sim_1/behav/xsim'
INFO: [USF-XSim-98] *** Running xsim
   with args "uyg121_behav -key {Behavioral:sim_1:Functional:uyg121} -tclbatch {uyg121.tcl} -log {simulate.log}"
INFO: [USF-XSim-8] Loading simulator feature
Vivado Simulator 2017.4
Time resolution is 1 ps
source uyg121.tcl
# set curr_wave [current_wave_config]
# if { [string length $curr_wave] == 0 } {
#   if { [llength [get_objects]] > 0} {
#     add_wave /
#     set_property needs_save false [current_wave_config]
#   } else {
#      send_msg_id Add_Wave-1 WARNING "No top level signals found. Simulator will start without a wave window. If you want to open a wave window go to 'File->New Waveform Configuration' or type 'create_wave_config' in the TCL console."
#   }
# }
# run 1000ns
INFO: [USF-XSim-96] XSim completed. Design snapshot 'uyg121_behav' loaded.
INFO: [USF-XSim-97] XSim simulation ran for 1000ns
launch_simulation: Time (s): cpu = 00:00:07 ; elapsed = 00:00:18 . Memory (MB): peak = 1469.762 ; gain = 0.000
add_force {/uyg121/clk} -radix hex {0 0ns} {1 50000ps} -repeat_every 100000ps
add_force {/uyg121/rst} -radix hex {0 0ns}
add_force {/uyg121/sol} -radix hex {0 0ns}
add_force {/uyg121/sag} -radix hex {1 0ns}
run 500 ns
run 500 ns
run 500 ns
ERROR: Index -1 out of bound 15 downto 0
Time: 2100 ns  Iteration: 0  Process: /uyg121/line__25
  File: E:/bildiri ve makaleler/kitap/fpga/uygulamalar/__bolum_12_nexys4DDR/prj_bolum12_uyg1/prj_bolum12_uyg1.srcs/sources_1/new/uyg121.vhd

HDL Line: E:/bildiri ve makaleler/kitap/fpga/uygulamalar/__bolum_12_nexys4DDR/prj_bolum12_uyg1/prj_bolum12_uyg1.srcs/sources_1/new/uyg121.vhd:56
close_sim
INFO: [Simtcl 6-16] Simulation closed
launch_simulation
INFO: [Vivado 12-5682] Launching behavioral simulation in 'E:/bildiri ve makaleler/kitap/fpga/uygulamalar/__bolum_12_nexys4DDR/prj_bolum12_uyg1/prj_bolum12_uyg1.sim/sim_1/behav/xsim'
INFO: [SIM-utils-51] Simulation object is 'sim_1'
INFO: [SIM-utils-54] Inspecting design source files for 'uyg121' in fileset 'sim_1'...
INFO: [USF-XSim-97] Finding global include files...
INFO: [USF-XSim-98] Fetching design files from 'sim_1'...
INFO: [USF-XSim-2] XSim::Compile design
INFO: [USF-XSim-61] Executing 'COMPILE and ANALYZE' step in 'E:/bildiri ve makaleler/kitap/fpga/uygulamalar/__bolum_12_nexys4DDR/prj_bolum12_uyg1/prj_bolum12_uyg1.sim/sim_1/behav/xsim'
"xvhdl --incr --relax -prj uyg121_vhdl.prj"
INFO: [VRFC 10-163] Analyzing VHDL file "E:/bildiri ve makaleler/kitap/fpga/uygulamalar/__bolum_12_nexys4DDR/prj_bolum12_uyg1/prj_bolum12_uyg1.srcs/sources_1/new/uyg121.vhd" into library xil_defaultlib
INFO: [VRFC 10-307] analyzing entity uyg121
INFO: [USF-XSim-69] 'compile' step finished in '4' seconds
INFO: [USF-XSim-3] XSim::Elaborate design
INFO: [USF-XSim-61] Executing 'ELABORATE' step in 'E:/bildiri ve makaleler/kitap/fpga/uygulamalar/__bolum_12_nexys4DDR/prj_bolum12_uyg1/prj_bolum12_uyg1.sim/sim_1/behav/xsim'
Vivado Simulator 2017.4
Copyright 1986-1999, 2001-2016 Xilinx, Inc. All Rights Reserved.
Running: C:/Xilinx/Vivado/2017.4/bin/unwrapped/win64.o/xelab.exe -wto 011f10bbe8f74dc48967577eea998ab1 --incr --debug typical --relax --mt 2 -L xil_defaultlib -L secureip --snapshot uyg121_behav xil_defaultlib.uyg121 -log elaborate.log 
Using 2 slave threads.
Starting static elaboration
Completed static elaboration
Starting simulation data flow analysis
Completed simulation data flow analysis
Time Resolution for simulation is 1ps
Compiling package std.standard
Compiling package std.textio
Compiling package ieee.std_logic_1164
Compiling package ieee.numeric_std
Compiling package ieee.std_logic_arith
Compiling architecture behavioral of entity xil_defaultlib.uyg121
Built simulation snapshot uyg121_behav
run_program: Time (s): cpu = 00:00:00 ; elapsed = 00:00:07 . Memory (MB): peak = 1469.762 ; gain = 0.000
INFO: [USF-XSim-69] 'elaborate' step finished in '6' seconds
INFO: [USF-XSim-4] XSim::Simulate design
INFO: [USF-XSim-61] Executing 'SIMULATE' step in 'E:/bildiri ve makaleler/kitap/fpga/uygulamalar/__bolum_12_nexys4DDR/prj_bolum12_uyg1/prj_bolum12_uyg1.sim/sim_1/behav/xsim'
INFO: [USF-XSim-98] *** Running xsim
   with args "uyg121_behav -key {Behavioral:sim_1:Functional:uyg121} -tclbatch {uyg121.tcl} -log {simulate.log}"
INFO: [USF-XSim-8] Loading simulator feature
Vivado Simulator 2017.4
Time resolution is 1 ps
source uyg121.tcl
# set curr_wave [current_wave_config]
# if { [string length $curr_wave] == 0 } {
#   if { [llength [get_objects]] > 0} {
#     add_wave /
#     set_property needs_save false [current_wave_config]
#   } else {
#      send_msg_id Add_Wave-1 WARNING "No top level signals found. Simulator will start without a wave window. If you want to open a wave window go to 'File->New Waveform Configuration' or type 'create_wave_config' in the TCL console."
#   }
# }
# run 1000ns
INFO: [USF-XSim-96] XSim completed. Design snapshot 'uyg121_behav' loaded.
INFO: [USF-XSim-97] XSim simulation ran for 1000ns
launch_simulation: Time (s): cpu = 00:00:08 ; elapsed = 00:00:18 . Memory (MB): peak = 1469.762 ; gain = 0.000
add_force {/uyg121/clk} -radix hex {0 0ns} {1 50000ps} -repeat_every 100000ps
add_force {/uyg121/rst} -radix hex {0 0ns}
add_force {/uyg121/sol} -radix hex {0 0ns}
add_force {/uyg121/sag} -radix hex {1 0ns}
run 500 ns
run 500 ns
run 500 ns
run 500 ns
run 500 ns
run 500 ns
run 500 ns
run 500 ns
run 100 ns
run 100 ns
run 100 ns
run 100 ns
close_sim
INFO: [Simtcl 6-16] Simulation closed
launch_simulation
INFO: [Vivado 12-5682] Launching behavioral simulation in 'E:/bildiri ve makaleler/kitap/fpga/uygulamalar/__bolum_12_nexys4DDR/prj_bolum12_uyg1/prj_bolum12_uyg1.sim/sim_1/behav/xsim'
INFO: [SIM-utils-51] Simulation object is 'sim_1'
INFO: [SIM-utils-54] Inspecting design source files for 'uyg121' in fileset 'sim_1'...
INFO: [USF-XSim-97] Finding global include files...
INFO: [USF-XSim-98] Fetching design files from 'sim_1'...
INFO: [USF-XSim-2] XSim::Compile design
INFO: [USF-XSim-61] Executing 'COMPILE and ANALYZE' step in 'E:/bildiri ve makaleler/kitap/fpga/uygulamalar/__bolum_12_nexys4DDR/prj_bolum12_uyg1/prj_bolum12_uyg1.sim/sim_1/behav/xsim'
"xvhdl --incr --relax -prj uyg121_vhdl.prj"
INFO: [VRFC 10-163] Analyzing VHDL file "E:/bildiri ve makaleler/kitap/fpga/uygulamalar/__bolum_12_nexys4DDR/prj_bolum12_uyg1/prj_bolum12_uyg1.srcs/sources_1/new/uyg121.vhd" into library xil_defaultlib
INFO: [VRFC 10-307] analyzing entity uyg121
INFO: [USF-XSim-69] 'compile' step finished in '5' seconds
INFO: [USF-XSim-3] XSim::Elaborate design
INFO: [USF-XSim-61] Executing 'ELABORATE' step in 'E:/bildiri ve makaleler/kitap/fpga/uygulamalar/__bolum_12_nexys4DDR/prj_bolum12_uyg1/prj_bolum12_uyg1.sim/sim_1/behav/xsim'
Vivado Simulator 2017.4
Copyright 1986-1999, 2001-2016 Xilinx, Inc. All Rights Reserved.
Running: C:/Xilinx/Vivado/2017.4/bin/unwrapped/win64.o/xelab.exe -wto 011f10bbe8f74dc48967577eea998ab1 --incr --debug typical --relax --mt 2 -L xil_defaultlib -L secureip --snapshot uyg121_behav xil_defaultlib.uyg121 -log elaborate.log 
Using 2 slave threads.
Starting static elaboration
Completed static elaboration
Starting simulation data flow analysis
Completed simulation data flow analysis
Time Resolution for simulation is 1ps
Compiling package std.standard
Compiling package std.textio
Compiling package ieee.std_logic_1164
Compiling package ieee.numeric_std
Compiling package ieee.std_logic_arith
Compiling architecture behavioral of entity xil_defaultlib.uyg121
Built simulation snapshot uyg121_behav
run_program: Time (s): cpu = 00:00:00 ; elapsed = 00:00:06 . Memory (MB): peak = 1469.762 ; gain = 0.000
INFO: [USF-XSim-69] 'elaborate' step finished in '7' seconds
INFO: [USF-XSim-4] XSim::Simulate design
INFO: [USF-XSim-61] Executing 'SIMULATE' step in 'E:/bildiri ve makaleler/kitap/fpga/uygulamalar/__bolum_12_nexys4DDR/prj_bolum12_uyg1/prj_bolum12_uyg1.sim/sim_1/behav/xsim'
INFO: [USF-XSim-98] *** Running xsim
   with args "uyg121_behav -key {Behavioral:sim_1:Functional:uyg121} -tclbatch {uyg121.tcl} -log {simulate.log}"
INFO: [USF-XSim-8] Loading simulator feature
Vivado Simulator 2017.4
Time resolution is 1 ps
source uyg121.tcl
# set curr_wave [current_wave_config]
# if { [string length $curr_wave] == 0 } {
#   if { [llength [get_objects]] > 0} {
#     add_wave /
#     set_property needs_save false [current_wave_config]
#   } else {
#      send_msg_id Add_Wave-1 WARNING "No top level signals found. Simulator will start without a wave window. If you want to open a wave window go to 'File->New Waveform Configuration' or type 'create_wave_config' in the TCL console."
#   }
# }
# run 1000ns
INFO: [USF-XSim-96] XSim completed. Design snapshot 'uyg121_behav' loaded.
INFO: [USF-XSim-97] XSim simulation ran for 1000ns
launch_simulation: Time (s): cpu = 00:00:07 ; elapsed = 00:00:17 . Memory (MB): peak = 1469.762 ; gain = 0.000
close_sim
INFO: [Simtcl 6-16] Simulation closed
launch_simulation
INFO: [Vivado 12-5682] Launching behavioral simulation in 'E:/bildiri ve makaleler/kitap/fpga/uygulamalar/__bolum_12_nexys4DDR/prj_bolum12_uyg1/prj_bolum12_uyg1.sim/sim_1/behav/xsim'
INFO: [SIM-utils-51] Simulation object is 'sim_1'
INFO: [SIM-utils-54] Inspecting design source files for 'uyg121' in fileset 'sim_1'...
INFO: [USF-XSim-97] Finding global include files...
INFO: [USF-XSim-98] Fetching design files from 'sim_1'...
INFO: [USF-XSim-2] XSim::Compile design
INFO: [USF-XSim-61] Executing 'COMPILE and ANALYZE' step in 'E:/bildiri ve makaleler/kitap/fpga/uygulamalar/__bolum_12_nexys4DDR/prj_bolum12_uyg1/prj_bolum12_uyg1.sim/sim_1/behav/xsim'
"xvhdl --incr --relax -prj uyg121_vhdl.prj"
INFO: [VRFC 10-163] Analyzing VHDL file "E:/bildiri ve makaleler/kitap/fpga/uygulamalar/__bolum_12_nexys4DDR/prj_bolum12_uyg1/prj_bolum12_uyg1.srcs/sources_1/new/uyg121.vhd" into library xil_defaultlib
INFO: [VRFC 10-307] analyzing entity uyg121
INFO: [USF-XSim-69] 'compile' step finished in '4' seconds
INFO: [USF-XSim-3] XSim::Elaborate design
INFO: [USF-XSim-61] Executing 'ELABORATE' step in 'E:/bildiri ve makaleler/kitap/fpga/uygulamalar/__bolum_12_nexys4DDR/prj_bolum12_uyg1/prj_bolum12_uyg1.sim/sim_1/behav/xsim'
Vivado Simulator 2017.4
Copyright 1986-1999, 2001-2016 Xilinx, Inc. All Rights Reserved.
Running: C:/Xilinx/Vivado/2017.4/bin/unwrapped/win64.o/xelab.exe -wto 011f10bbe8f74dc48967577eea998ab1 --incr --debug typical --relax --mt 2 -L xil_defaultlib -L secureip --snapshot uyg121_behav xil_defaultlib.uyg121 -log elaborate.log 
Using 2 slave threads.
Starting static elaboration
Completed static elaboration
Starting simulation data flow analysis
Completed simulation data flow analysis
Time Resolution for simulation is 1ps
Compiling package std.standard
Compiling package std.textio
Compiling package ieee.std_logic_1164
Compiling package ieee.numeric_std
Compiling package ieee.std_logic_arith
Compiling architecture behavioral of entity xil_defaultlib.uyg121
Built simulation snapshot uyg121_behav
run_program: Time (s): cpu = 00:00:00 ; elapsed = 00:00:07 . Memory (MB): peak = 1469.762 ; gain = 0.000
INFO: [USF-XSim-69] 'elaborate' step finished in '6' seconds
INFO: [USF-XSim-4] XSim::Simulate design
INFO: [USF-XSim-61] Executing 'SIMULATE' step in 'E:/bildiri ve makaleler/kitap/fpga/uygulamalar/__bolum_12_nexys4DDR/prj_bolum12_uyg1/prj_bolum12_uyg1.sim/sim_1/behav/xsim'
INFO: [USF-XSim-98] *** Running xsim
   with args "uyg121_behav -key {Behavioral:sim_1:Functional:uyg121} -tclbatch {uyg121.tcl} -log {simulate.log}"
INFO: [USF-XSim-8] Loading simulator feature
Vivado Simulator 2017.4
Time resolution is 1 ps
source uyg121.tcl
# set curr_wave [current_wave_config]
# if { [string length $curr_wave] == 0 } {
#   if { [llength [get_objects]] > 0} {
#     add_wave /
#     set_property needs_save false [current_wave_config]
#   } else {
#      send_msg_id Add_Wave-1 WARNING "No top level signals found. Simulator will start without a wave window. If you want to open a wave window go to 'File->New Waveform Configuration' or type 'create_wave_config' in the TCL console."
#   }
# }
# run 1000ns
INFO: [USF-XSim-96] XSim completed. Design snapshot 'uyg121_behav' loaded.
INFO: [USF-XSim-97] XSim simulation ran for 1000ns
launch_simulation: Time (s): cpu = 00:00:04 ; elapsed = 00:00:16 . Memory (MB): peak = 1469.762 ; gain = 0.000
add_force {/uyg121/clk} -radix hex {0 0ns} {1 50000ps} -repeat_every 100000ps
add_force {/uyg121/rst} -radix hex {0 0ns}
add_force {/uyg121/sol} -radix hex {0 0ns}
add_force {/uyg121/sag} -radix hex {1 0ns}
run 100 ns
run 100 ns
run 100 ns
run 100 ns
run 100 ns
run 500 ns
run 500 ns
run 500 ns
run 500 ns
run 500 ns
run 500 ns
run 500 ns
run 500 ns
add_force {/uyg121/sag} -radix hex {0 0ns}
add_force {/uyg121/sol} -radix hex {1 0ns}
run 500 ns
run 500 ns
run 500 ns
run 500 ns
run 500 ns
run 500 ns
run 500 ns
run 500 ns
run 500 ns
close_sim
INFO: [Simtcl 6-16] Simulation closed
launch_runs synth_1 -jobs 2
[Tue Aug 20 22:21:32 2019] Launched synth_1...
Run output will be captured here: E:/bildiri ve makaleler/kitap/fpga/uygulamalar/__bolum_12_nexys4DDR/prj_bolum12_uyg1/prj_bolum12_uyg1.runs/synth_1/runme.log
open_run synth_1 -name synth_1
Design is defaulting to impl run constrset: constrs_1
Design is defaulting to synth run part: xc7a100tcsg324-1
INFO: [Netlist 29-17] Analyzing 32 Unisim elements for replacement
INFO: [Netlist 29-28] Unisim Transformation completed in 0 CPU seconds
INFO: [Project 1-479] Netlist was created with Vivado 2017.4
INFO: [Project 1-570] Preparing netlist for logic optimization
INFO: [Opt 31-138] Pushed 0 inverter(s) to 0 load pin(s).
INFO: [Project 1-111] Unisim Transformation Summary:
No Unisim elements were transformed.

open_run: Time (s): cpu = 00:00:15 ; elapsed = 00:00:11 . Memory (MB): peak = 1469.762 ; gain = 0.000
set_property IOSTANDARD LVCMOS33 [get_ports [list {cik[15]} {cik[14]} {cik[13]} {cik[12]} {cik[11]} {cik[10]} {cik[9]} {cik[8]} {cik[7]} {cik[6]} {cik[5]} {cik[4]} {cik[3]} {cik[2]} {cik[1]} {cik[0]}]]
place_ports {cik[15]} V11
place_ports {cik[14]} V12
place_ports {cik[13]} V14
place_ports {cik[12]} V15
place_ports {cik[11]} T16
place_ports {cik[10]} U14
place_ports {cik[9]} T15
place_ports {cik[8]} V16
place_ports {cik[7]} U16
place_ports {cik[6]} U17
place_ports {cik[5]} V17
place_ports {cik[4]} R18
place_ports {cik[3]} N14
place_ports {cik[2]} J13
place_ports {cik[1]} K15
place_ports {cik[0]} H17
set_property IOSTANDARD LVCMOS33 [get_ports [list clk]]
set_property IOSTANDARD LVCMOS33 [get_ports [list rst]]
set_property IOSTANDARD LVCMOS33 [get_ports [list sag]]
set_property IOSTANDARD LVCMOS33 [get_ports [list sol]]
place_ports clk E3
place_ports rst V10
place_ports sag J15
place_ports sol L16
file mkdir {E:/bildiri ve makaleler/kitap/fpga/uygulamalar/__bolum_12_nexys4DDR/prj_bolum12_uyg1/prj_bolum12_uyg1.srcs/constrs_1/new}
close [ open {E:/bildiri ve makaleler/kitap/fpga/uygulamalar/__bolum_12_nexys4DDR/prj_bolum12_uyg1/prj_bolum12_uyg1.srcs/constrs_1/new/uyg121.xdc} w ]
add_files -fileset constrs_1 {{E:/bildiri ve makaleler/kitap/fpga/uygulamalar/__bolum_12_nexys4DDR/prj_bolum12_uyg1/prj_bolum12_uyg1.srcs/constrs_1/new/uyg121.xdc}}
set_property target_constrs_file {E:/bildiri ve makaleler/kitap/fpga/uygulamalar/__bolum_12_nexys4DDR/prj_bolum12_uyg1/prj_bolum12_uyg1.srcs/constrs_1/new/uyg121.xdc} [current_fileset -constrset]
save_constraints -force
reset_run synth_1
launch_runs impl_1 -jobs 2
WARNING: [Project 1-478] Design 'synth_1' is stale and will not be used when launching 'impl_1'
[Tue Aug 20 22:32:51 2019] Launched synth_1...
Run output will be captured here: E:/bildiri ve makaleler/kitap/fpga/uygulamalar/__bolum_12_nexys4DDR/prj_bolum12_uyg1/prj_bolum12_uyg1.runs/synth_1/runme.log
[Tue Aug 20 22:32:51 2019] Launched impl_1...
Run output will be captured here: E:/bildiri ve makaleler/kitap/fpga/uygulamalar/__bolum_12_nexys4DDR/prj_bolum12_uyg1/prj_bolum12_uyg1.runs/impl_1/runme.log
reset_run impl_1
launch_runs impl_1 -jobs 2
WARNING: [Project 1-478] Design 'synth_1' is stale and will not be used when launching 'impl_1'
[Tue Aug 20 22:34:53 2019] Launched synth_1...
Run output will be captured here: E:/bildiri ve makaleler/kitap/fpga/uygulamalar/__bolum_12_nexys4DDR/prj_bolum12_uyg1/prj_bolum12_uyg1.runs/synth_1/runme.log
[Tue Aug 20 22:34:53 2019] Launched impl_1...
Run output will be captured here: E:/bildiri ve makaleler/kitap/fpga/uygulamalar/__bolum_12_nexys4DDR/prj_bolum12_uyg1/prj_bolum12_uyg1.runs/impl_1/runme.log
reset_run synth_1
reset_run: Time (s): cpu = 00:00:03 ; elapsed = 00:00:07 . Memory (MB): peak = 1887.176 ; gain = 0.000
exit
INFO: [Common 17-206] Exiting Vivado at Tue Aug 20 23:15:12 2019...
