#-----------------------------------------------------------
# Vivado v2017.4 (64-bit)
# SW Build 2086221 on Fri Dec 15 20:55:39 MST 2017
# IP Build 2085800 on Fri Dec 15 22:25:07 MST 2017
# Start of session at: Fri Aug 16 11:19:22 2019
# Process ID: 5968
# Current directory: E:/bildiri ve makaleler/kitap/fpga/uygulamalar/prj_bolum11_uyg2
# Command line: vivado.exe -gui_launcher_event rodinguilauncherevent1224 E:\bildiri ve makaleler\kitap\fpga\uygulamalar\prj_bolum11_uyg2\prj_bolum11_uyg2.xpr
# Log file: E:/bildiri ve makaleler/kitap/fpga/uygulamalar/prj_bolum11_uyg2/vivado.log
# Journal file: E:/bildiri ve makaleler/kitap/fpga/uygulamalar/prj_bolum11_uyg2\vivado.jou
#-----------------------------------------------------------
start_gui
open_project {E:/bildiri ve makaleler/kitap/fpga/uygulamalar/prj_bolum11_uyg2/prj_bolum11_uyg2.xpr}
Scanning sources...
Finished scanning sources
INFO: [IP_Flow 19-234] Refreshing IP repositories
INFO: [IP_Flow 19-1704] No user IP repositories specified
INFO: [IP_Flow 19-2313] Loaded Vivado IP repository 'C:/Xilinx/Vivado/2017.4/data/ip'.
open_project: Time (s): cpu = 00:00:56 ; elapsed = 00:00:33 . Memory (MB): peak = 731.527 ; gain = 28.434
update_compile_order -fileset sources_1
create_ip -name cordic -vendor xilinx.com -library ip -version 6.0 -module_name Cordic_SinCos -dir {e:/bildiri ve makaleler/kitap/fpga/uygulamalar/prj_bolum11_uyg2/prj_bolum11_uyg2.srcs/sources_1/ip}
set_property -dict [list CONFIG.Component_Name {Cordic_SinCos}] [get_ips Cordic_SinCos]
WARNING: [Vivado 12-3523] Attempt to change 'Component_Name' from 'Cordic_SinCos' to 'Cordic_SinCos' is not allowed and is ignored.
generate_target {instantiation_template} [get_files {{e:/bildiri ve makaleler/kitap/fpga/uygulamalar/prj_bolum11_uyg2/prj_bolum11_uyg2.srcs/sources_1/ip/Cordic_SinCos/Cordic_SinCos.xci}}]
INFO: [IP_Flow 19-1686] Generating 'Instantiation Template' target for IP 'Cordic_SinCos'...
update_compile_order -fileset sources_1
update_compile_order -fileset sources_1
generate_target all [get_files {e:/bildiri ve makaleler/kitap/fpga/uygulamalar/prj_bolum11_uyg2/prj_bolum11_uyg2.srcs/sources_1/ip/Cordic_SinCos/Cordic_SinCos.xci}]
WARNING: [Vivado 12-818] No files matched 'e:/bildiri'
WARNING: [Vivado 12-818] No files matched 've'
WARNING: [Vivado 12-818] No files matched 'makaleler/kitap/fpga/uygulamalar/prj_bolum11_uyg2/prj_bolum11_uyg2.srcs/sources_1/ip/Cordic_SinCos/Cordic_SinCos.xci'
export_ip_user_files -of_objects [get_files {e:/bildiri ve makaleler/kitap/fpga/uygulamalar/prj_bolum11_uyg2/prj_bolum11_uyg2.srcs/sources_1/ip/Cordic_SinCos/Cordic_SinCos.xci}] -no_script -sync -force -quiet
WARNING: [Vivado 12-818] No files matched 'e:/bildiri'
WARNING: [Vivado 12-818] No files matched 've'
WARNING: [Vivado 12-818] No files matched 'makaleler/kitap/fpga/uygulamalar/prj_bolum11_uyg2/prj_bolum11_uyg2.srcs/sources_1/ip/Cordic_SinCos/Cordic_SinCos.xci'
export_simulation -of_objects [get_files {{e:/bildiri ve makaleler/kitap/fpga/uygulamalar/prj_bolum11_uyg2/prj_bolum11_uyg2.srcs/sources_1/ip/Cordic_SinCos/Cordic_SinCos.xci}}] -directory {E:/bildiri ve makaleler/kitap/fpga/uygulamalar/prj_bolum11_uyg2/prj_bolum11_uyg2.ip_user_files/sim_scripts} -ip_user_files_dir {E:/bildiri ve makaleler/kitap/fpga/uygulamalar/prj_bolum11_uyg2/prj_bolum11_uyg2.ip_user_files} -ipstatic_source_dir {E:/bildiri ve makaleler/kitap/fpga/uygulamalar/prj_bolum11_uyg2/prj_bolum11_uyg2.ip_user_files/ipstatic} -lib_map_path [list {modelsim=E:/bildiri ve makaleler/kitap/fpga/uygulamalar/prj_bolum11_uyg2/prj_bolum11_uyg2.cache/compile_simlib/modelsim} {questa=E:/bildiri ve makaleler/kitap/fpga/uygulamalar/prj_bolum11_uyg2/prj_bolum11_uyg2.cache/compile_simlib/questa} {riviera=E:/bildiri ve makaleler/kitap/fpga/uygulamalar/prj_bolum11_uyg2/prj_bolum11_uyg2.cache/compile_simlib/riviera} {activehdl=E:/bildiri ve makaleler/kitap/fpga/uygulamalar/prj_bolum11_uyg2/prj_bolum11_uyg2.cache/compile_simlib/activehdl}] -use_ip_compiled_libs -force -quiet
create_fileset -blockset Cordic_SinCos
set_property top Cordic_SinCos [get_fileset Cordic_SinCos]
move_files -fileset [get_fileset Cordic_SinCos] [get_files -of_objects [get_fileset sources_1] {{e:/bildiri ve makaleler/kitap/fpga/uygulamalar/prj_bolum11_uyg2/prj_bolum11_uyg2.srcs/sources_1/ip/Cordic_SinCos/Cordic_SinCos.xci}}]
launch_run Cordic_SinCos_synth_1
INFO: [IP_Flow 19-1686] Generating 'Synthesis' target for IP 'Cordic_SinCos'...
[Fri Aug 16 16:52:16 2019] Launched Cordic_SinCos_synth_1...
Run output will be captured here: E:/bildiri ve makaleler/kitap/fpga/uygulamalar/prj_bolum11_uyg2/prj_bolum11_uyg2.runs/Cordic_SinCos_synth_1/runme.log
launch_runs: Time (s): cpu = 00:00:02 ; elapsed = 00:00:06 . Memory (MB): peak = 793.855 ; gain = 0.000
wait_on_run Cordic_SinCos_synth_1

[Fri Aug 16 16:52:16 2019] Waiting for Cordic_SinCos_synth_1 to finish...
[Fri Aug 16 16:52:22 2019] Waiting for Cordic_SinCos_synth_1 to finish...
[Fri Aug 16 16:52:27 2019] Waiting for Cordic_SinCos_synth_1 to finish...
[Fri Aug 16 16:52:32 2019] Waiting for Cordic_SinCos_synth_1 to finish...
[Fri Aug 16 16:52:43 2019] Waiting for Cordic_SinCos_synth_1 to finish...
[Fri Aug 16 16:52:53 2019] Waiting for Cordic_SinCos_synth_1 to finish...
[Fri Aug 16 16:53:04 2019] Waiting for Cordic_SinCos_synth_1 to finish...
[Fri Aug 16 16:53:14 2019] Waiting for Cordic_SinCos_synth_1 to finish...
[Fri Aug 16 16:53:35 2019] Waiting for Cordic_SinCos_synth_1 to finish...
[Fri Aug 16 16:53:56 2019] Waiting for Cordic_SinCos_synth_1 to finish...
[Fri Aug 16 16:54:16 2019] Waiting for Cordic_SinCos_synth_1 to finish...
[Fri Aug 16 16:54:37 2019] Waiting for Cordic_SinCos_synth_1 to finish...
[Fri Aug 16 16:55:19 2019] Waiting for Cordic_SinCos_synth_1 to finish...
[Fri Aug 16 16:56:01 2019] Waiting for Cordic_SinCos_synth_1 to finish...
[Fri Aug 16 16:56:45 2019] Waiting for Cordic_SinCos_synth_1 to finish...
[Fri Aug 16 16:57:28 2019] Waiting for Cordic_SinCos_synth_1 to finish...
[Fri Aug 16 16:58:50 2019] Waiting for Cordic_SinCos_synth_1 to finish...
[Fri Aug 16 17:00:14 2019] Waiting for Cordic_SinCos_synth_1 to finish...

*** Running vivado
    with args -log Cordic_SinCos.vds -m64 -product Vivado -mode batch -messageDb vivado.pb -notrace -source Cordic_SinCos.tcl


****** Vivado v2017.4 (64-bit)
  **** SW Build 2086221 on Fri Dec 15 20:55:39 MST 2017
  **** IP Build 2085800 on Fri Dec 15 22:25:07 MST 2017
    ** Copyright 1986-2017 Xilinx, Inc. All Rights Reserved.

source Cordic_SinCos.tcl -notrace
Command: synth_design -top Cordic_SinCos -part xc7a100tcsg324-1 -mode out_of_context
Starting synth_design
Attempting to get a license for feature 'Synthesis' and/or device 'xc7a100t'
INFO: [Common 17-349] Got license for feature 'Synthesis' and/or device 'xc7a100t'
INFO: Launching helper process for spawning children vivado processes
INFO: Helper process launched with PID 1736 
---------------------------------------------------------------------------------
Starting RTL Elaboration : Time (s): cpu = 00:00:40 ; elapsed = 00:00:44 . Memory (MB): peak = 348.199 ; gain = 94.074
---------------------------------------------------------------------------------
INFO: [Synth 8-638] synthesizing module 'Cordic_SinCos' [e:/bildiri ve makaleler/kitap/fpga/uygulamalar/prj_bolum11_uyg2/prj_bolum11_uyg2.srcs/sources_1/ip/Cordic_SinCos/synth/Cordic_SinCos.vhd:71]
	Parameter C_ARCHITECTURE bound to: 2 - type: integer 
	Parameter C_CORDIC_FUNCTION bound to: 0 - type: integer 
	Parameter C_COARSE_ROTATE bound to: 1 - type: integer 
	Parameter C_DATA_FORMAT bound to: 0 - type: integer 
	Parameter C_XDEVICEFAMILY bound to: artix7 - type: string 
	Parameter C_HAS_ACLKEN bound to: 0 - type: integer 
	Parameter C_HAS_ACLK bound to: 1 - type: integer 
	Parameter C_HAS_S_AXIS_CARTESIAN bound to: 1 - type: integer 
	Parameter C_HAS_S_AXIS_PHASE bound to: 1 - type: integer 
	Parameter C_HAS_ARESETN bound to: 0 - type: integer 
	Parameter C_INPUT_WIDTH bound to: 16 - type: integer 
	Parameter C_ITERATIONS bound to: 0 - type: integer 
	Parameter C_OUTPUT_WIDTH bound to: 16 - type: integer 
	Parameter C_PHASE_FORMAT bound to: 0 - type: integer 
	Parameter C_PIPELINE_MODE bound to: -2 - type: integer 
	Parameter C_PRECISION bound to: 0 - type: integer 
	Parameter C_ROUND_MODE bound to: 0 - type: integer 
	Parameter C_SCALE_COMP bound to: 0 - type: integer 
	Parameter C_THROTTLE_SCHEME bound to: 3 - type: integer 
	Parameter C_TLAST_RESOLUTION bound to: 0 - type: integer 
	Parameter C_HAS_S_AXIS_PHASE_TUSER bound to: 0 - type: integer 
	Parameter C_HAS_S_AXIS_PHASE_TLAST bound to: 0 - type: integer 
	Parameter C_S_AXIS_PHASE_TDATA_WIDTH bound to: 16 - type: integer 
	Parameter C_S_AXIS_PHASE_TUSER_WIDTH bound to: 1 - type: integer 
	Parameter C_HAS_S_AXIS_CARTESIAN_TUSER bound to: 0 - type: integer 
	Parameter C_HAS_S_AXIS_CARTESIAN_TLAST bound to: 0 - type: integer 
	Parameter C_S_AXIS_CARTESIAN_TDATA_WIDTH bound to: 32 - type: integer 
	Parameter C_S_AXIS_CARTESIAN_TUSER_WIDTH bound to: 1 - type: integer 
	Parameter C_M_AXIS_DOUT_TDATA_WIDTH bound to: 32 - type: integer 
	Parameter C_M_AXIS_DOUT_TUSER_WIDTH bound to: 1 - type: integer 
INFO: [Synth 8-3491] module 'cordic_v6_0_13' declared at 'e:/bildiri ve makaleler/kitap/fpga/uygulamalar/prj_bolum11_uyg2/prj_bolum11_uyg2.srcs/sources_1/ip/Cordic_SinCos/hdl/cordic_v6_0_vh_rfs.vhd:10135' bound to instance 'U0' of component 'cordic_v6_0_13' [e:/bildiri ve makaleler/kitap/fpga/uygulamalar/prj_bolum11_uyg2/prj_bolum11_uyg2.srcs/sources_1/ip/Cordic_SinCos/synth/Cordic_SinCos.vhd:149]
INFO: [Synth 8-256] done synthesizing module 'Cordic_SinCos' (21#1) [e:/bildiri ve makaleler/kitap/fpga/uygulamalar/prj_bolum11_uyg2/prj_bolum11_uyg2.srcs/sources_1/ip/Cordic_SinCos/synth/Cordic_SinCos.vhd:71]
WARNING: [Synth 8-3331] design delay__parameterized6 has unconnected port WE
WARNING: [Synth 8-3331] design delay__parameterized6 has unconnected port CE
WARNING: [Synth 8-3331] design delay__parameterized6 has unconnected port SCLR
WARNING: [Synth 8-3331] design delay__parameterized6 has unconnected port CLK
WARNING: [Synth 8-3331] design c_reg_fd_v12_0_4_viv__parameterized2 has unconnected port CE
WARNING: [Synth 8-3331] design c_reg_fd_v12_0_4_viv__parameterized2 has unconnected port AINIT
WARNING: [Synth 8-3331] design c_reg_fd_v12_0_4_viv__parameterized2 has unconnected port ACLR
WARNING: [Synth 8-3331] design c_reg_fd_v12_0_4_viv__parameterized2 has unconnected port ASET
WARNING: [Synth 8-3331] design c_reg_fd_v12_0_4_viv__parameterized2 has unconnected port SINIT
WARNING: [Synth 8-3331] design c_reg_fd_v12_0_4_viv__parameterized2 has unconnected port SCLR
WARNING: [Synth 8-3331] design c_reg_fd_v12_0_4_viv__parameterized2 has unconnected port SSET
WARNING: [Synth 8-3331] design c_addsub_v12_0_11_lut6_legacy__parameterized3 has unconnected port c_in
WARNING: [Synth 8-3331] design c_addsub_v12_0_11_lut6_legacy__parameterized3 has unconnected port ce
WARNING: [Synth 8-3331] design c_addsub_v12_0_11_lut6_legacy__parameterized3 has unconnected port bypass
WARNING: [Synth 8-3331] design c_addsub_v12_0_11_lut6_legacy__parameterized3 has unconnected port sclr
WARNING: [Synth 8-3331] design c_addsub_v12_0_11_lut6_legacy__parameterized3 has unconnected port sset
WARNING: [Synth 8-3331] design c_addsub_v12_0_11_lut6_legacy__parameterized3 has unconnected port sinit
WARNING: [Synth 8-3331] design c_addsub_v12_0_11_legacy__parameterized3 has unconnected port c_in
WARNING: [Synth 8-3331] design c_addsub_v12_0_11_legacy__parameterized3 has unconnected port b_in
WARNING: [Synth 8-3331] design c_addsub_v12_0_11_legacy__parameterized3 has unconnected port a_signed
WARNING: [Synth 8-3331] design c_addsub_v12_0_11_legacy__parameterized3 has unconnected port b_signed
WARNING: [Synth 8-3331] design c_addsub_v12_0_11_viv__parameterized3 has unconnected port C_IN
WARNING: [Synth 8-3331] design cordic_round has unconnected port round_in[3]
WARNING: [Synth 8-3331] design cordic_round has unconnected port round_in[2]
WARNING: [Synth 8-3331] design cordic_round has unconnected port round_in[1]
WARNING: [Synth 8-3331] design cordic_round has unconnected port round_in[0]
WARNING: [Synth 8-3331] design delay_bit has unconnected port SCLR
WARNING: [Synth 8-3331] design delay_bit__parameterized3 has unconnected port WE
WARNING: [Synth 8-3331] design delay_bit__parameterized3 has unconnected port CE
WARNING: [Synth 8-3331] design delay_bit__parameterized3 has unconnected port SCLR
WARNING: [Synth 8-3331] design delay_bit__parameterized3 has unconnected port CLK
WARNING: [Synth 8-3331] design cordic_out_config has unconnected port aclr
WARNING: [Synth 8-3331] design cordic_ctrl_slice_par has unconnected port aclr
WARNING: [Synth 8-3331] design cordic_eng has unconnected port nd_in
WARNING: [Synth 8-3331] design c_reg_fd_v12_0_4_viv has unconnected port CE
WARNING: [Synth 8-3331] design c_reg_fd_v12_0_4_viv has unconnected port AINIT
WARNING: [Synth 8-3331] design c_reg_fd_v12_0_4_viv has unconnected port ACLR
WARNING: [Synth 8-3331] design c_reg_fd_v12_0_4_viv has unconnected port ASET
WARNING: [Synth 8-3331] design c_reg_fd_v12_0_4_viv has unconnected port SINIT
WARNING: [Synth 8-3331] design c_reg_fd_v12_0_4_viv has unconnected port SCLR
WARNING: [Synth 8-3331] design c_reg_fd_v12_0_4_viv has unconnected port SSET
WARNING: [Synth 8-3331] design c_addsub_v12_0_11_lut6_legacy__parameterized1 has unconnected port add
WARNING: [Synth 8-3331] design c_addsub_v12_0_11_lut6_legacy__parameterized1 has unconnected port c_in
WARNING: [Synth 8-3331] design c_addsub_v12_0_11_lut6_legacy__parameterized1 has unconnected port ce
WARNING: [Synth 8-3331] design c_addsub_v12_0_11_lut6_legacy__parameterized1 has unconnected port bypass
WARNING: [Synth 8-3331] design c_addsub_v12_0_11_lut6_legacy__parameterized1 has unconnected port sclr
WARNING: [Synth 8-3331] design c_addsub_v12_0_11_lut6_legacy__parameterized1 has unconnected port sset
WARNING: [Synth 8-3331] design c_addsub_v12_0_11_lut6_legacy__parameterized1 has unconnected port sinit
WARNING: [Synth 8-3331] design c_addsub_v12_0_11_legacy__parameterized1 has unconnected port c_in
WARNING: [Synth 8-3331] design c_addsub_v12_0_11_legacy__parameterized1 has unconnected port b_in
WARNING: [Synth 8-3331] design c_addsub_v12_0_11_legacy__parameterized1 has unconnected port a_signed
WARNING: [Synth 8-3331] design c_addsub_v12_0_11_legacy__parameterized1 has unconnected port b_signed
WARNING: [Synth 8-3331] design c_addsub_v12_0_11_viv__parameterized1 has unconnected port C_IN
WARNING: [Synth 8-3331] design c_addsub_v12_0_11_lut6_legacy has unconnected port add
WARNING: [Synth 8-3331] design c_addsub_v12_0_11_lut6_legacy has unconnected port c_in
WARNING: [Synth 8-3331] design c_addsub_v12_0_11_lut6_legacy has unconnected port ce
WARNING: [Synth 8-3331] design c_addsub_v12_0_11_lut6_legacy has unconnected port bypass
WARNING: [Synth 8-3331] design c_addsub_v12_0_11_lut6_legacy has unconnected port sclr
WARNING: [Synth 8-3331] design c_addsub_v12_0_11_lut6_legacy has unconnected port sset
WARNING: [Synth 8-3331] design c_addsub_v12_0_11_lut6_legacy has unconnected port sinit
WARNING: [Synth 8-3331] design c_addsub_v12_0_11_legacy has unconnected port c_in
WARNING: [Synth 8-3331] design c_addsub_v12_0_11_legacy has unconnected port b_in
WARNING: [Synth 8-3331] design c_addsub_v12_0_11_legacy has unconnected port a_signed
WARNING: [Synth 8-3331] design c_addsub_v12_0_11_legacy has unconnected port b_signed
WARNING: [Synth 8-3331] design c_addsub_v12_0_11_viv has unconnected port C_IN
WARNING: [Synth 8-3331] design cordic_v6_0_13_synth has unconnected port ND
WARNING: [Synth 8-3331] design cordic_v6_0_13_synth has unconnected port CE
WARNING: [Synth 8-3331] design cordic_v6_0_13_synth has unconnected port SCLR
WARNING: [Synth 8-3331] design xbip_pipe_v3_0_4_viv has unconnected port SCLR
WARNING: [Synth 8-3331] design xbip_pipe_v3_0_4_viv has unconnected port SSET
WARNING: [Synth 8-3331] design xbip_pipe_v3_0_4_viv has unconnected port SINIT
WARNING: [Synth 8-3331] design cordic_v6_0_13_viv has unconnected port aclken
WARNING: [Synth 8-3331] design cordic_v6_0_13_viv has unconnected port aresetn
WARNING: [Synth 8-3331] design cordic_v6_0_13_viv has unconnected port s_axis_phase_tuser[0]
WARNING: [Synth 8-3331] design cordic_v6_0_13_viv has unconnected port s_axis_phase_tlast
WARNING: [Synth 8-3331] design cordic_v6_0_13_viv has unconnected port s_axis_cartesian_tuser[0]
WARNING: [Synth 8-3331] design cordic_v6_0_13_viv has unconnected port s_axis_cartesian_tlast
WARNING: [Synth 8-3331] design cordic_v6_0_13_viv has unconnected port m_axis_dout_tready
---------------------------------------------------------------------------------
Finished RTL Elaboration : Time (s): cpu = 00:02:53 ; elapsed = 00:03:03 . Memory (MB): peak = 441.914 ; gain = 187.789
---------------------------------------------------------------------------------

Report Check Netlist: 
+------+------------------+-------+---------+-------+------------------+
|      |Item              |Errors |Warnings |Status |Description       |
+------+------------------+-------+---------+-------+------------------+
|1     |multi_driven_nets |      0|        0|Passed |Multi driven nets |
+------+------------------+-------+---------+-------+------------------+
---------------------------------------------------------------------------------
Finished RTL Optimization Phase 1 : Time (s): cpu = 00:02:54 ; elapsed = 00:03:07 . Memory (MB): peak = 441.914 ; gain = 187.789
---------------------------------------------------------------------------------
INFO: [Netlist 29-17] Analyzing 2136 Unisim elements for replacement
INFO: [Netlist 29-28] Unisim Transformation completed in 1 CPU seconds
INFO: [Device 21-403] Loading part xc7a100tcsg324-1
INFO: [Project 1-570] Preparing netlist for logic optimization

Processing XDC Constraints
Initializing timing engine
Parsing XDC File [e:/bildiri ve makaleler/kitap/fpga/uygulamalar/prj_bolum11_uyg2/prj_bolum11_uyg2.srcs/sources_1/ip/Cordic_SinCos/Cordic_SinCos_ooc.xdc] for cell 'U0'
Finished Parsing XDC File [e:/bildiri ve makaleler/kitap/fpga/uygulamalar/prj_bolum11_uyg2/prj_bolum11_uyg2.srcs/sources_1/ip/Cordic_SinCos/Cordic_SinCos_ooc.xdc] for cell 'U0'
Parsing XDC File [E:/bildiri ve makaleler/kitap/fpga/uygulamalar/prj_bolum11_uyg2/prj_bolum11_uyg2.runs/cordic_SinCos_synth_1/dont_touch.xdc]
Finished Parsing XDC File [E:/bildiri ve makaleler/kitap/fpga/uygulamalar/prj_bolum11_uyg2/prj_bolum11_uyg2.runs/cordic_SinCos_synth_1/dont_touch.xdc]
Completed Processing XDC Constraints

INFO: [Project 1-111] Unisim Transformation Summary:
No Unisim elements were transformed.

Constraint Validation Runtime : Time (s): cpu = 00:00:00 ; elapsed = 00:00:00.350 . Memory (MB): peak = 764.895 ; gain = 0.375
---------------------------------------------------------------------------------
Finished Constraint Validation : Time (s): cpu = 00:04:14 ; elapsed = 00:04:58 . Memory (MB): peak = 764.895 ; gain = 510.770
---------------------------------------------------------------------------------
---------------------------------------------------------------------------------
Start Loading Part and Timing Information
---------------------------------------------------------------------------------
Loading part: xc7a100tcsg324-1
---------------------------------------------------------------------------------
Finished Loading Part and Timing Information : Time (s): cpu = 00:04:14 ; elapsed = 00:04:58 . Memory (MB): peak = 764.895 ; gain = 510.770
---------------------------------------------------------------------------------
---------------------------------------------------------------------------------
Start Applying 'set_property' XDC Constraints
---------------------------------------------------------------------------------
Applied set_property DONT_TOUCH = true for U0. (constraint file  {E:/bildiri ve makaleler/kitap/fpga/uygulamalar/prj_bolum11_uyg2/prj_bolum11_uyg2.runs/cordic_SinCos_synth_1/dont_touch.xdc}, line 9).
---------------------------------------------------------------------------------
Finished applying 'set_property' XDC Constraints : Time (s): cpu = 00:04:14 ; elapsed = 00:04:59 . Memory (MB): peak = 764.895 ; gain = 510.770
---------------------------------------------------------------------------------
---------------------------------------------------------------------------------
Finished RTL Optimization Phase 2 : Time (s): cpu = 00:04:19 ; elapsed = 00:05:05 . Memory (MB): peak = 764.895 ; gain = 510.770
---------------------------------------------------------------------------------

Report RTL Partitions: 
+-+--------------+------------+----------+
| |RTL Partition |Replication |Instances |
+-+--------------+------------+----------+
+-+--------------+------------+----------+
---------------------------------------------------------------------------------
Start RTL Component Statistics 
---------------------------------------------------------------------------------
---------------------------------------------------------------------------------
Finished RTL Component Statistics 
---------------------------------------------------------------------------------
---------------------------------------------------------------------------------
Start RTL Hierarchical Component Statistics 
---------------------------------------------------------------------------------
---------------------------------------------------------------------------------
Finished RTL Hierarchical Component Statistics
---------------------------------------------------------------------------------
---------------------------------------------------------------------------------
Start Part Resource Summary
---------------------------------------------------------------------------------
Part Resources:
DSPs: 240 (col length:80)
BRAMs: 270 (col length: RAMB18 80 RAMB36 40)
---------------------------------------------------------------------------------
Finished Part Resource Summary
---------------------------------------------------------------------------------
---------------------------------------------------------------------------------
Start Cross Boundary and Area Optimization
---------------------------------------------------------------------------------
WARNING: [Synth 8-3331] design c_addsub_v12_0_11_viv__parameterized3 has unconnected port C_IN
WARNING: [Synth 8-3331] design c_addsub_v12_0_11_viv__parameterized3 has unconnected port CE
WARNING: [Synth 8-3331] design c_addsub_v12_0_11_viv__parameterized3 has unconnected port BYPASS
WARNING: [Synth 8-3331] design c_addsub_v12_0_11_viv__parameterized3 has unconnected port SCLR
WARNING: [Synth 8-3331] design c_addsub_v12_0_11_viv__parameterized3 has unconnected port SSET
WARNING: [Synth 8-3331] design c_addsub_v12_0_11_viv__parameterized3 has unconnected port SINIT
WARNING: [Synth 8-3331] design c_addsub_v12_0_11_viv__parameterized3__49 has unconnected port C_IN
WARNING: [Synth 8-3331] design c_addsub_v12_0_11_viv__parameterized3__49 has unconnected port CE
WARNING: [Synth 8-3331] design c_addsub_v12_0_11_viv__parameterized3__49 has unconnected port BYPASS
WARNING: [Synth 8-3331] design c_addsub_v12_0_11_viv__parameterized3__49 has unconnected port SCLR
WARNING: [Synth 8-3331] design c_addsub_v12_0_11_viv__parameterized3__49 has unconnected port SSET
WARNING: [Synth 8-3331] design c_addsub_v12_0_11_viv__parameterized3__49 has unconnected port SINIT
WARNING: [Synth 8-3331] design c_addsub_v12_0_11_viv__parameterized3__9 has unconnected port C_IN
WARNING: [Synth 8-3331] design c_addsub_v12_0_11_viv__parameterized3__9 has unconnected port CE
WARNING: [Synth 8-3331] design c_addsub_v12_0_11_viv__parameterized3__9 has unconnected port BYPASS
WARNING: [Synth 8-3331] design c_addsub_v12_0_11_viv__parameterized3__9 has unconnected port SCLR
WARNING: [Synth 8-3331] design c_addsub_v12_0_11_viv__parameterized3__9 has unconnected port SSET
WARNING: [Synth 8-3331] design c_addsub_v12_0_11_viv__parameterized3__9 has unconnected port SINIT
WARNING: [Synth 8-3331] design c_addsub_v12_0_11_viv__parameterized3__48 has unconnected port C_IN
WARNING: [Synth 8-3331] design c_addsub_v12_0_11_viv__parameterized3__48 has unconnected port CE
WARNING: [Synth 8-3331] design c_addsub_v12_0_11_viv__parameterized3__48 has unconnected port BYPASS
WARNING: [Synth 8-3331] design c_addsub_v12_0_11_viv__parameterized3__48 has unconnected port SCLR
INFO: [Common 17-14] Message 'Synth 8-3331' appears 100 times and further instances of the messages will be disabled. Use the Tcl command set_msg_config to change the current settings.
INFO: [Synth 8-3886] merging instance 'U0/i_synth/i_synth/gen_cordic.input_stage/gen_input_regs.data_x_int_reg[0]' (FDR) to 'U0/i_synth/i_synth/gen_cordic.input_stage/gen_input_regs.data_y_int_reg[3]'
INFO: [Synth 8-3886] merging instance 'U0/i_synth/i_synth/gen_cordic.input_stage/gen_input_regs.data_y_int_reg[0]' (FDR) to 'U0/i_synth/i_synth/gen_cordic.input_stage/gen_input_regs.data_y_int_reg[3]'
INFO: [Synth 8-3886] merging instance 'U0/i_synth/i_synth/gen_cordic.input_stage/gen_input_regs.data_x_int_reg[1]' (FDR) to 'U0/i_synth/i_synth/gen_cordic.input_stage/gen_input_regs.data_y_int_reg[3]'
INFO: [Synth 8-3886] merging instance 'U0/i_synth/i_synth/gen_cordic.input_stage/gen_input_regs.data_y_int_reg[1]' (FDR) to 'U0/i_synth/i_synth/gen_cordic.input_stage/gen_input_regs.data_y_int_reg[3]'
INFO: [Synth 8-3886] merging instance 'U0/i_synth/i_synth/gen_cordic.input_stage/gen_input_regs.data_x_int_reg[2]' (FDR) to 'U0/i_synth/i_synth/gen_cordic.input_stage/gen_input_regs.data_y_int_reg[3]'
INFO: [Synth 8-3886] merging instance 'U0/i_synth/i_synth/gen_cordic.input_stage/gen_input_regs.data_y_int_reg[2]' (FDR) to 'U0/i_synth/i_synth/gen_cordic.input_stage/gen_input_regs.data_y_int_reg[3]'
INFO: [Synth 8-3886] merging instance 'U0/i_synth/i_synth/gen_cordic.input_stage/gen_input_regs.data_x_int_reg[3]' (FDR) to 'U0/i_synth/i_synth/gen_cordic.input_stage/gen_input_regs.data_y_int_reg[3]'
INFO: [Synth 8-3886] merging instance 'U0/i_synth/i_synth/gen_cordic.input_stage/gen_input_regs.data_y_int_reg[3]' (FDR) to 'U0/i_synth/i_synth/gen_cordic.input_stage/gen_input_regs.phase_int_reg[0]'
INFO: [Synth 8-3886] merging instance 'U0/i_synth/i_synth/gen_cordic.input_stage/gen_input_regs.phase_int_reg[0]' (FDR) to 'U0/i_synth/i_synth/gen_cordic.input_stage/gen_input_regs.phase_int_reg[1]'
INFO: [Synth 8-3886] merging instance 'U0/i_synth/i_synth/gen_cordic.input_stage/gen_input_regs.phase_int_reg[1]' (FDR) to 'U0/i_synth/i_synth/gen_cordic.input_stage/gen_input_regs.phase_int_reg[2]'
INFO: [Synth 8-3886] merging instance 'U0/i_synth/i_synth/gen_cordic.input_stage/gen_input_regs.phase_int_reg[2]' (FDR) to 'U0/i_synth/i_synth/gen_cordic.input_stage/gen_input_regs.phase_int_reg[3]'
INFO: [Synth 8-3333] propagating constant 0 across sequential element (U0/i_synth/\i_synth/gen_cordic.input_stage/gen_input_regs.phase_int_reg[3] )
INFO: [Synth 8-3886] merging instance 'U0/i_synth/i_synth/gen_cordic.input_stage/gen_rotation.gen_rot_phase.gen_phase_int_dly/gen_rtl.gen_reg.d_reg_reg[0]' (FDRE) to 'U0/i_synth/i_synth/gen_cordic.cordic_engine/gen_para_arch.gen_iteration[0].eng/cntrl/engine_mode_dly/gen_rtl.gen_reg.d_reg_reg'
INFO: [Synth 8-3886] merging instance 'U0/i_synth/i_synth/gen_cordic.input_stage/gen_rotation.gen_rot_phase.gen_phase_int_dly/gen_rtl.gen_reg.d_reg_reg[1]' (FDRE) to 'U0/i_synth/i_synth/gen_cordic.cordic_engine/gen_para_arch.gen_iteration[0].eng/cntrl/engine_mode_dly/gen_rtl.gen_reg.d_reg_reg'
INFO: [Synth 8-3886] merging instance 'U0/i_synth/i_synth/gen_cordic.input_stage/gen_rotation.gen_rot_phase.gen_phase_int_dly/gen_rtl.gen_reg.d_reg_reg[2]' (FDRE) to 'U0/i_synth/i_synth/gen_cordic.cordic_engine/gen_para_arch.gen_iteration[0].eng/cntrl/engine_mode_dly/gen_rtl.gen_reg.d_reg_reg'
INFO: [Synth 8-3886] merging instance 'U0/i_synth/i_synth/gen_cordic.input_stage/gen_rotation.gen_rot_phase.gen_phase_int_dly/gen_rtl.gen_reg.d_reg_reg[3]' (FDRE) to 'U0/i_synth/i_synth/gen_cordic.cordic_engine/gen_para_arch.gen_iteration[0].eng/cntrl/engine_mode_dly/gen_rtl.gen_reg.d_reg_reg'
INFO: [Synth 8-3886] merging instance 'U0/i_synth/i_synth/gen_cordic.input_stage/gen_rotation.gen_rot_xy.gen_data_x_int_dly/gen_rtl.gen_reg.d_reg_reg[0]' (FDRE) to 'U0/i_synth/i_synth/gen_cordic.cordic_engine/gen_para_arch.gen_iteration[0].eng/cntrl/engine_mode_dly/gen_rtl.gen_reg.d_reg_reg'
INFO: [Synth 8-3886] merging instance 'U0/i_synth/i_synth/gen_cordic.input_stage/gen_rotation.gen_rot_xy.gen_data_y_int_dly/gen_rtl.gen_reg.d_reg_reg[0]' (FDRE) to 'U0/i_synth/i_synth/gen_cordic.cordic_engine/gen_para_arch.gen_iteration[0].eng/cntrl/engine_mode_dly/gen_rtl.gen_reg.d_reg_reg'
INFO: [Synth 8-3886] merging instance 'U0/i_synth/i_synth/gen_cordic.input_stage/gen_rotation.gen_rot_xy.gen_data_x_int_dly/gen_rtl.gen_reg.d_reg_reg[1]' (FDRE) to 'U0/i_synth/i_synth/gen_cordic.cordic_engine/gen_para_arch.gen_iteration[0].eng/cntrl/engine_mode_dly/gen_rtl.gen_reg.d_reg_reg'
INFO: [Synth 8-3886] merging instance 'U0/i_synth/i_synth/gen_cordic.input_stage/gen_rotation.gen_rot_xy.gen_data_y_int_dly/gen_rtl.gen_reg.d_reg_reg[1]' (FDRE) to 'U0/i_synth/i_synth/gen_cordic.cordic_engine/gen_para_arch.gen_iteration[0].eng/cntrl/engine_mode_dly/gen_rtl.gen_reg.d_reg_reg'
INFO: [Synth 8-3886] merging instance 'U0/i_synth/i_synth/gen_cordic.input_stage/gen_rotation.gen_rot_xy.gen_data_x_int_dly/gen_rtl.gen_reg.d_reg_reg[2]' (FDRE) to 'U0/i_synth/i_synth/gen_cordic.cordic_engine/gen_para_arch.gen_iteration[0].eng/cntrl/engine_mode_dly/gen_rtl.gen_reg.d_reg_reg'
INFO: [Synth 8-3886] merging instance 'U0/i_synth/i_synth/gen_cordic.input_stage/gen_rotation.gen_rot_xy.gen_data_y_int_dly/gen_rtl.gen_reg.d_reg_reg[2]' (FDRE) to 'U0/i_synth/i_synth/gen_cordic.cordic_engine/gen_para_arch.gen_iteration[0].eng/cntrl/engine_mode_dly/gen_rtl.gen_reg.d_reg_reg'
INFO: [Synth 8-3886] merging instance 'U0/i_synth/i_synth/gen_cordic.input_stage/gen_rotation.gen_rot_xy.gen_data_x_int_dly/gen_rtl.gen_reg.d_reg_reg[3]' (FDRE) to 'U0/i_synth/i_synth/gen_cordic.cordic_engine/gen_para_arch.gen_iteration[0].eng/cntrl/engine_mode_dly/gen_rtl.gen_reg.d_reg_reg'
INFO: [Synth 8-3886] merging instance 'U0/i_synth/i_synth/gen_cordic.input_stage/gen_rotation.gen_rot_xy.gen_data_y_int_dly/gen_rtl.gen_reg.d_reg_reg[3]' (FDRE) to 'U0/i_synth/i_synth/gen_cordic.cordic_engine/gen_para_arch.gen_iteration[0].eng/cntrl/engine_mode_dly/gen_rtl.gen_reg.d_reg_reg'
INFO: [Synth 8-3333] propagating constant 0 across sequential element (U0/i_synth/\i_synth/gen_cordic.cordic_engine/gen_para_arch.gen_iteration[0].eng/cntrl/engine_mode_dly/gen_rtl.gen_reg.d_reg_reg )
INFO: [Synth 8-3886] merging instance 'U0/i_synth/i_synth/gen_cordic.cordic_engine/gen_para_arch.gen_iteration[1].eng/cntrl/engine_mode_dly/gen_rtl.gen_reg.d_reg_reg' (FDRE) to 'U0/i_synth/i_synth/gen_cordic.cordic_engine/gen_para_arch.gen_iteration[0].eng/cntrl/engine_mode_dly/gen_rtl.gen_reg.d_reg_reg'
INFO: [Synth 8-3333] propagating constant 0 across sequential element (U0/i_synth/\i_synth/gen_cordic.cordic_engine/gen_para_arch.gen_iteration[0].eng/cntrl/engine_mode_dly/gen_rtl.gen_reg.d_reg_reg )
INFO: [Synth 8-3886] merging instance 'U0/i_synth/i_synth/gen_cordic.cordic_engine/gen_para_arch.gen_iteration[2].eng/cntrl/engine_mode_dly/gen_rtl.gen_reg.d_reg_reg' (FDRE) to 'U0/i_synth/i_synth/gen_cordic.cordic_engine/gen_para_arch.gen_iteration[0].eng/cntrl/engine_mode_dly/gen_rtl.gen_reg.d_reg_reg'
INFO: [Synth 8-3333] propagating constant 0 across sequential element (U0/i_synth/\i_synth/gen_cordic.cordic_engine/gen_para_arch.gen_iteration[0].eng/cntrl/engine_mode_dly/gen_rtl.gen_reg.d_reg_reg )
INFO: [Synth 8-3886] merging instance 'U0/i_synth/i_synth/gen_cordic.cordic_engine/gen_para_arch.gen_iteration[3].eng/cntrl/engine_mode_dly/gen_rtl.gen_reg.d_reg_reg' (FDRE) to 'U0/i_synth/i_synth/gen_cordic.cordic_engine/gen_para_arch.gen_iteration[0].eng/cntrl/engine_mode_dly/gen_rtl.gen_reg.d_reg_reg'
INFO: [Synth 8-3333] propagating constant 0 across sequential element (U0/i_synth/\i_synth/gen_cordic.cordic_engine/gen_para_arch.gen_iteration[0].eng/cntrl/engine_mode_dly/gen_rtl.gen_reg.d_reg_reg )
INFO: [Synth 8-3886] merging instance 'U0/i_synth/i_synth/gen_cordic.cordic_engine/gen_para_arch.gen_iteration[4].eng/cntrl/engine_mode_dly/gen_rtl.gen_reg.d_reg_reg' (FDRE) to 'U0/i_synth/i_synth/gen_cordic.cordic_engine/gen_para_arch.gen_iteration[0].eng/cntrl/engine_mode_dly/gen_rtl.gen_reg.d_reg_reg'
INFO: [Synth 8-3333] propagating constant 0 across sequential element (U0/i_synth/\i_synth/gen_cordic.cordic_engine/gen_para_arch.gen_iteration[0].eng/cntrl/engine_mode_dly/gen_rtl.gen_reg.d_reg_reg )
INFO: [Synth 8-3886] merging instance 'U0/i_synth/i_synth/gen_cordic.cordic_engine/gen_para_arch.gen_iteration[5].eng/cntrl/engine_mode_dly/gen_rtl.gen_reg.d_reg_reg' (FDRE) to 'U0/i_synth/i_synth/gen_cordic.cordic_engine/gen_para_arch.gen_iteration[0].eng/cntrl/engine_mode_dly/gen_rtl.gen_reg.d_reg_reg'
INFO: [Synth 8-3333] propagating constant 0 across sequential element (U0/i_synth/\i_synth/gen_cordic.cordic_engine/gen_para_arch.gen_iteration[0].eng/cntrl/engine_mode_dly/gen_rtl.gen_reg.d_reg_reg )
INFO: [Synth 8-3886] merging instance 'U0/i_synth/i_synth/gen_cordic.cordic_engine/gen_para_arch.gen_iteration[6].eng/cntrl/engine_mode_dly/gen_rtl.gen_reg.d_reg_reg' (FDRE) to 'U0/i_synth/i_synth/gen_cordic.cordic_engine/gen_para_arch.gen_iteration[0].eng/cntrl/engine_mode_dly/gen_rtl.gen_reg.d_reg_reg'
INFO: [Synth 8-3333] propagating constant 0 across sequential element (U0/i_synth/\i_synth/gen_cordic.cordic_engine/gen_para_arch.gen_iteration[0].eng/cntrl/engine_mode_dly/gen_rtl.gen_reg.d_reg_reg )
INFO: [Synth 8-3886] merging instance 'U0/i_synth/i_synth/gen_cordic.cordic_engine/gen_para_arch.gen_iteration[7].eng/cntrl/engine_mode_dly/gen_rtl.gen_reg.d_reg_reg' (FDRE) to 'U0/i_synth/i_synth/gen_cordic.cordic_engine/gen_para_arch.gen_iteration[0].eng/cntrl/engine_mode_dly/gen_rtl.gen_reg.d_reg_reg'
INFO: [Synth 8-3333] propagating constant 0 across sequential element (U0/i_synth/\i_synth/gen_cordic.cordic_engine/gen_para_arch.gen_iteration[0].eng/cntrl/engine_mode_dly/gen_rtl.gen_reg.d_reg_reg )
INFO: [Synth 8-3886] merging instance 'U0/i_synth/i_synth/gen_cordic.cordic_engine/gen_para_arch.gen_iteration[8].eng/cntrl/engine_mode_dly/gen_rtl.gen_reg.d_reg_reg' (FDRE) to 'U0/i_synth/i_synth/gen_cordic.cordic_engine/gen_para_arch.gen_iteration[0].eng/cntrl/engine_mode_dly/gen_rtl.gen_reg.d_reg_reg'
INFO: [Synth 8-3333] propagating constant 0 across sequential element (U0/i_synth/\i_synth/gen_cordic.cordic_engine/gen_para_arch.gen_iteration[0].eng/cntrl/engine_mode_dly/gen_rtl.gen_reg.d_reg_reg )
INFO: [Synth 8-3886] merging instance 'U0/i_synth/i_synth/gen_cordic.cordic_engine/gen_para_arch.gen_iteration[9].eng/cntrl/engine_mode_dly/gen_rtl.gen_reg.d_reg_reg' (FDRE) to 'U0/i_synth/i_synth/gen_cordic.cordic_engine/gen_para_arch.gen_iteration[0].eng/cntrl/engine_mode_dly/gen_rtl.gen_reg.d_reg_reg'
INFO: [Synth 8-3333] propagating constant 0 across sequential element (U0/i_synth/\i_synth/gen_cordic.cordic_engine/gen_para_arch.gen_iteration[0].eng/cntrl/engine_mode_dly/gen_rtl.gen_reg.d_reg_reg )
INFO: [Synth 8-3886] merging instance 'U0/i_synth/i_synth/gen_cordic.cordic_engine/gen_para_arch.gen_iteration[10].eng/cntrl/engine_mode_dly/gen_rtl.gen_reg.d_reg_reg' (FDRE) to 'U0/i_synth/i_synth/gen_cordic.cordic_engine/gen_para_arch.gen_iteration[0].eng/cntrl/engine_mode_dly/gen_rtl.gen_reg.d_reg_reg'
INFO: [Synth 8-3333] propagating constant 0 across sequential element (U0/i_synth/\i_synth/gen_cordic.cordic_engine/gen_para_arch.gen_iteration[0].eng/cntrl/engine_mode_dly/gen_rtl.gen_reg.d_reg_reg )
INFO: [Synth 8-3886] merging instance 'U0/i_synth/i_synth/gen_cordic.cordic_engine/gen_para_arch.gen_iteration[11].eng/cntrl/engine_mode_dly/gen_rtl.gen_reg.d_reg_reg' (FDRE) to 'U0/i_synth/i_synth/gen_cordic.cordic_engine/gen_para_arch.gen_iteration[0].eng/cntrl/engine_mode_dly/gen_rtl.gen_reg.d_reg_reg'
INFO: [Synth 8-3333] propagating constant 0 across sequential element (U0/i_synth/\i_synth/gen_cordic.cordic_engine/gen_para_arch.gen_iteration[0].eng/cntrl/engine_mode_dly/gen_rtl.gen_reg.d_reg_reg )
INFO: [Synth 8-3886] merging instance 'U0/i_synth/i_synth/gen_cordic.cordic_engine/gen_para_arch.gen_iteration[12].eng/cntrl/engine_mode_dly/gen_rtl.gen_reg.d_reg_reg' (FDRE) to 'U0/i_synth/i_synth/gen_cordic.cordic_engine/gen_para_arch.gen_iteration[0].eng/cntrl/engine_mode_dly/gen_rtl.gen_reg.d_reg_reg'
INFO: [Synth 8-3333] propagating constant 0 across sequential element (U0/i_synth/\i_synth/gen_cordic.cordic_engine/gen_para_arch.gen_iteration[0].eng/cntrl/engine_mode_dly/gen_rtl.gen_reg.d_reg_reg )
INFO: [Synth 8-3332] Sequential element (i_baseblox.i_baseblox_addsub/no_pipelining.the_addsub/i_lut6.i_lut6_addsub/i_q.i_simple.qreg/i_no_async_controls.output_reg[22]) is unused and will be removed from module c_addsub_v12_0_11_viv.
INFO: [Synth 8-3332] Sequential element (i_baseblox.i_baseblox_addsub/no_pipelining.the_addsub/i_lut6.i_lut6_addsub/i_q.i_simple.qreg/i_no_async_controls.output_reg[20]) is unused and will be removed from module c_addsub_v12_0_11_viv.
INFO: [Synth 8-3332] Sequential element (i_baseblox.i_baseblox_addsub/no_pipelining.the_addsub/i_lut6.i_lut6_addsub/i_q.i_simple.qreg/i_no_async_controls.output_reg[19]) is unused and will be removed from module c_addsub_v12_0_11_viv.
INFO: [Synth 8-3332] Sequential element (i_baseblox.i_baseblox_addsub/no_pipelining.the_addsub/i_lut6.i_lut6_addsub/i_q.i_simple.qreg/i_no_async_controls.output_reg[18]) is unused and will be removed from module c_addsub_v12_0_11_viv.
INFO: [Synth 8-3332] Sequential element (i_baseblox.i_baseblox_addsub/no_pipelining.the_addsub/i_lut6.i_lut6_addsub/i_q.i_simple.qreg/i_no_async_controls.output_reg[17]) is unused and will be removed from module c_addsub_v12_0_11_viv.
INFO: [Synth 8-3332] Sequential element (i_baseblox.i_baseblox_addsub/no_pipelining.the_addsub/i_lut6.i_lut6_addsub/i_q.i_simple.qreg/i_no_async_controls.output_reg[16]) is unused and will be removed from module c_addsub_v12_0_11_viv.
INFO: [Synth 8-3332] Sequential element (i_baseblox.i_baseblox_addsub/no_pipelining.the_addsub/i_lut6.i_lut6_addsub/i_q.i_simple.qreg/i_no_async_controls.output_reg[15]) is unused and will be removed from module c_addsub_v12_0_11_viv.
INFO: [Synth 8-3332] Sequential element (i_baseblox.i_baseblox_addsub/no_pipelining.the_addsub/i_lut6.i_lut6_addsub/i_q.i_simple.qreg/i_no_async_controls.output_reg[14]) is unused and will be removed from module c_addsub_v12_0_11_viv.
INFO: [Synth 8-3332] Sequential element (i_baseblox.i_baseblox_addsub/no_pipelining.the_addsub/i_lut6.i_lut6_addsub/i_q.i_simple.qreg/i_no_async_controls.output_reg[13]) is unused and will be removed from module c_addsub_v12_0_11_viv.
INFO: [Synth 8-3332] Sequential element (i_baseblox.i_baseblox_addsub/no_pipelining.the_addsub/i_lut6.i_lut6_addsub/i_q.i_simple.qreg/i_no_async_controls.output_reg[12]) is unused and will be removed from module c_addsub_v12_0_11_viv.
INFO: [Synth 8-3332] Sequential element (i_baseblox.i_baseblox_addsub/no_pipelining.the_addsub/i_lut6.i_lut6_addsub/i_q.i_simple.qreg/i_no_async_controls.output_reg[11]) is unused and will be removed from module c_addsub_v12_0_11_viv.
INFO: [Synth 8-3332] Sequential element (i_baseblox.i_baseblox_addsub/no_pipelining.the_addsub/i_lut6.i_lut6_addsub/i_q.i_simple.qreg/i_no_async_controls.output_reg[10]) is unused and will be removed from module c_addsub_v12_0_11_viv.
INFO: [Synth 8-3332] Sequential element (i_baseblox.i_baseblox_addsub/no_pipelining.the_addsub/i_lut6.i_lut6_addsub/i_q.i_simple.qreg/i_no_async_controls.output_reg[9]) is unused and will be removed from module c_addsub_v12_0_11_viv.
INFO: [Synth 8-3332] Sequential element (i_baseblox.i_baseblox_addsub/no_pipelining.the_addsub/i_lut6.i_lut6_addsub/i_q.i_simple.qreg/i_no_async_controls.output_reg[8]) is unused and will be removed from module c_addsub_v12_0_11_viv.
INFO: [Synth 8-3332] Sequential element (i_baseblox.i_baseblox_addsub/no_pipelining.the_addsub/i_lut6.i_lut6_addsub/i_q.i_simple.qreg/i_no_async_controls.output_reg[7]) is unused and will be removed from module c_addsub_v12_0_11_viv.
INFO: [Synth 8-3332] Sequential element (i_baseblox.i_baseblox_addsub/no_pipelining.the_addsub/i_lut6.i_lut6_addsub/i_q.i_simple.qreg/i_no_async_controls.output_reg[6]) is unused and will be removed from module c_addsub_v12_0_11_viv.
INFO: [Synth 8-3332] Sequential element (i_baseblox.i_baseblox_addsub/no_pipelining.the_addsub/i_lut6.i_lut6_addsub/i_q.i_simple.qreg/i_no_async_controls.output_reg[5]) is unused and will be removed from module c_addsub_v12_0_11_viv.
INFO: [Synth 8-3332] Sequential element (i_baseblox.i_baseblox_addsub/no_pipelining.the_addsub/i_lut6.i_lut6_addsub/i_q.i_simple.qreg/i_no_async_controls.output_reg[4]) is unused and will be removed from module c_addsub_v12_0_11_viv.
INFO: [Synth 8-3332] Sequential element (i_baseblox.i_baseblox_addsub/no_pipelining.the_addsub/i_lut6.i_lut6_addsub/i_q.i_simple.qreg/i_no_async_controls.output_reg[3]) is unused and will be removed from module c_addsub_v12_0_11_viv.
INFO: [Synth 8-3332] Sequential element (i_baseblox.i_baseblox_addsub/no_pipelining.the_addsub/i_lut6.i_lut6_addsub/i_q.i_simple.qreg/i_no_async_controls.output_reg[2]) is unused and will be removed from module c_addsub_v12_0_11_viv.
INFO: [Synth 8-3332] Sequential element (i_baseblox.i_baseblox_addsub/no_pipelining.the_addsub/i_lut6.i_lut6_addsub/i_q.i_simple.qreg/i_no_async_controls.output_reg[1]) is unused and will be removed from module c_addsub_v12_0_11_viv.
INFO: [Synth 8-3332] Sequential element (i_baseblox.i_baseblox_addsub/no_pipelining.the_addsub/i_lut6.i_lut6_addsub/i_q.i_simple.qreg/i_no_async_controls.output_reg[22]) is unused and will be removed from module c_addsub_v12_0_11_viv__parameterized1.
INFO: [Synth 8-3332] Sequential element (i_baseblox.i_baseblox_addsub/no_pipelining.the_addsub/i_lut6.i_lut6_addsub/i_q.i_simple.qreg/i_no_async_controls.output_reg[20]) is unused and will be removed from module c_addsub_v12_0_11_viv__parameterized1.
INFO: [Synth 8-3332] Sequential element (i_baseblox.i_baseblox_addsub/no_pipelining.the_addsub/i_lut6.i_lut6_addsub/i_q.i_simple.qreg/i_no_async_controls.output_reg[19]) is unused and will be removed from module c_addsub_v12_0_11_viv__parameterized1.
INFO: [Synth 8-3332] Sequential element (i_baseblox.i_baseblox_addsub/no_pipelining.the_addsub/i_lut6.i_lut6_addsub/i_q.i_simple.qreg/i_no_async_controls.output_reg[18]) is unused and will be removed from module c_addsub_v12_0_11_viv__parameterized1.
INFO: [Synth 8-3332] Sequential element (i_baseblox.i_baseblox_addsub/no_pipelining.the_addsub/i_lut6.i_lut6_addsub/i_q.i_simple.qreg/i_no_async_controls.output_reg[17]) is unused and will be removed from module c_addsub_v12_0_11_viv__parameterized1.
INFO: [Synth 8-3332] Sequential element (i_baseblox.i_baseblox_addsub/no_pipelining.the_addsub/i_lut6.i_lut6_addsub/i_q.i_simple.qreg/i_no_async_controls.output_reg[16]) is unused and will be removed from module c_addsub_v12_0_11_viv__parameterized1.
INFO: [Synth 8-3332] Sequential element (i_baseblox.i_baseblox_addsub/no_pipelining.the_addsub/i_lut6.i_lut6_addsub/i_q.i_simple.qreg/i_no_async_controls.output_reg[15]) is unused and will be removed from module c_addsub_v12_0_11_viv__parameterized1.
INFO: [Synth 8-3332] Sequential element (i_baseblox.i_baseblox_addsub/no_pipelining.the_addsub/i_lut6.i_lut6_addsub/i_q.i_simple.qreg/i_no_async_controls.output_reg[14]) is unused and will be removed from module c_addsub_v12_0_11_viv__parameterized1.
INFO: [Synth 8-3332] Sequential element (i_baseblox.i_baseblox_addsub/no_pipelining.the_addsub/i_lut6.i_lut6_addsub/i_q.i_simple.qreg/i_no_async_controls.output_reg[13]) is unused and will be removed from module c_addsub_v12_0_11_viv__parameterized1.
INFO: [Synth 8-3332] Sequential element (i_baseblox.i_baseblox_addsub/no_pipelining.the_addsub/i_lut6.i_lut6_addsub/i_q.i_simple.qreg/i_no_async_controls.output_reg[12]) is unused and will be removed from module c_addsub_v12_0_11_viv__parameterized1.
INFO: [Synth 8-3332] Sequential element (i_baseblox.i_baseblox_addsub/no_pipelining.the_addsub/i_lut6.i_lut6_addsub/i_q.i_simple.qreg/i_no_async_controls.output_reg[11]) is unused and will be removed from module c_addsub_v12_0_11_viv__parameterized1.
INFO: [Synth 8-3332] Sequential element (i_baseblox.i_baseblox_addsub/no_pipelining.the_addsub/i_lut6.i_lut6_addsub/i_q.i_simple.qreg/i_no_async_controls.output_reg[10]) is unused and will be removed from module c_addsub_v12_0_11_viv__parameterized1.
INFO: [Synth 8-3332] Sequential element (i_baseblox.i_baseblox_addsub/no_pipelining.the_addsub/i_lut6.i_lut6_addsub/i_q.i_simple.qreg/i_no_async_controls.output_reg[9]) is unused and will be removed from module c_addsub_v12_0_11_viv__parameterized1.
INFO: [Synth 8-3332] Sequential element (i_baseblox.i_baseblox_addsub/no_pipelining.the_addsub/i_lut6.i_lut6_addsub/i_q.i_simple.qreg/i_no_async_controls.output_reg[8]) is unused and will be removed from module c_addsub_v12_0_11_viv__parameterized1.
INFO: [Synth 8-3332] Sequential element (i_baseblox.i_baseblox_addsub/no_pipelining.the_addsub/i_lut6.i_lut6_addsub/i_q.i_simple.qreg/i_no_async_controls.output_reg[7]) is unused and will be removed from module c_addsub_v12_0_11_viv__parameterized1.
INFO: [Synth 8-3332] Sequential element (i_baseblox.i_baseblox_addsub/no_pipelining.the_addsub/i_lut6.i_lut6_addsub/i_q.i_simple.qreg/i_no_async_controls.output_reg[6]) is unused and will be removed from module c_addsub_v12_0_11_viv__parameterized1.
INFO: [Synth 8-3332] Sequential element (i_baseblox.i_baseblox_addsub/no_pipelining.the_addsub/i_lut6.i_lut6_addsub/i_q.i_simple.qreg/i_no_async_controls.output_reg[5]) is unused and will be removed from module c_addsub_v12_0_11_viv__parameterized1.
INFO: [Synth 8-3332] Sequential element (i_baseblox.i_baseblox_addsub/no_pipelining.the_addsub/i_lut6.i_lut6_addsub/i_q.i_simple.qreg/i_no_async_controls.output_reg[4]) is unused and will be removed from module c_addsub_v12_0_11_viv__parameterized1.
INFO: [Synth 8-3332] Sequential element (i_baseblox.i_baseblox_addsub/no_pipelining.the_addsub/i_lut6.i_lut6_addsub/i_q.i_simple.qreg/i_no_async_controls.output_reg[3]) is unused and will be removed from module c_addsub_v12_0_11_viv__parameterized1.
INFO: [Synth 8-3332] Sequential element (i_baseblox.i_baseblox_addsub/no_pipelining.the_addsub/i_lut6.i_lut6_addsub/i_q.i_simple.qreg/i_no_async_controls.output_reg[2]) is unused and will be removed from module c_addsub_v12_0_11_viv__parameterized1.
INFO: [Synth 8-3332] Sequential element (i_baseblox.i_baseblox_addsub/no_pipelining.the_addsub/i_lut6.i_lut6_addsub/i_q.i_simple.qreg/i_no_async_controls.output_reg[1]) is unused and will be removed from module c_addsub_v12_0_11_viv__parameterized1.
INFO: [Synth 8-3332] Sequential element (i_baseblox.i_baseblox_addsub/no_pipelining.the_addsub/i_lut6.i_lut6_addsub/i_q.i_simple.qreg/i_no_async_controls.output_reg[21]) is unused and will be removed from module c_addsub_v12_0_11_viv__parameterized3__1.
INFO: [Synth 8-3332] Sequential element (i_baseblox.i_baseblox_addsub/no_pipelining.the_addsub/i_lut6.i_lut6_addsub/i_q.i_simple.qreg/i_no_async_controls.output_reg[21]) is unused and will be removed from module c_addsub_v12_0_11_viv__parameterized3__2.
INFO: [Synth 8-3332] Sequential element (i_baseblox.i_baseblox_addsub/no_pipelining.the_addsub/i_lut6.i_lut6_addsub/i_q.i_simple.qreg/i_no_async_controls.output_reg[21]) is unused and will be removed from module c_addsub_v12_0_11_viv__parameterized3__3.
INFO: [Synth 8-3332] Sequential element (i_baseblox.i_baseblox_addsub/no_pipelining.the_addsub/i_lut6.i_lut6_addsub/i_q.i_simple.qreg/i_no_async_controls.output_reg[21]) is unused and will be removed from module c_addsub_v12_0_11_viv__parameterized3__4.
INFO: [Synth 8-3332] Sequential element (i_baseblox.i_baseblox_addsub/no_pipelining.the_addsub/i_lut6.i_lut6_addsub/i_q.i_simple.qreg/i_no_async_controls.output_reg[19]) is unused and will be removed from module c_addsub_v12_0_11_viv__parameterized3__4.
INFO: [Synth 8-3332] Sequential element (i_baseblox.i_baseblox_addsub/no_pipelining.the_addsub/i_lut6.i_lut6_addsub/i_q.i_simple.qreg/i_no_async_controls.output_reg[18]) is unused and will be removed from module c_addsub_v12_0_11_viv__parameterized3__4.
INFO: [Synth 8-3332] Sequential element (i_baseblox.i_baseblox_addsub/no_pipelining.the_addsub/i_lut6.i_lut6_addsub/i_q.i_simple.qreg/i_no_async_controls.output_reg[17]) is unused and will be removed from module c_addsub_v12_0_11_viv__parameterized3__4.
INFO: [Synth 8-3332] Sequential element (i_baseblox.i_baseblox_addsub/no_pipelining.the_addsub/i_lut6.i_lut6_addsub/i_q.i_simple.qreg/i_no_async_controls.output_reg[16]) is unused and will be removed from module c_addsub_v12_0_11_viv__parameterized3__4.
INFO: [Synth 8-3332] Sequential element (i_baseblox.i_baseblox_addsub/no_pipelining.the_addsub/i_lut6.i_lut6_addsub/i_q.i_simple.qreg/i_no_async_controls.output_reg[15]) is unused and will be removed from module c_addsub_v12_0_11_viv__parameterized3__4.
INFO: [Synth 8-3332] Sequential element (i_baseblox.i_baseblox_addsub/no_pipelining.the_addsub/i_lut6.i_lut6_addsub/i_q.i_simple.qreg/i_no_async_controls.output_reg[14]) is unused and will be removed from module c_addsub_v12_0_11_viv__parameterized3__4.
INFO: [Synth 8-3332] Sequential element (i_baseblox.i_baseblox_addsub/no_pipelining.the_addsub/i_lut6.i_lut6_addsub/i_q.i_simple.qreg/i_no_async_controls.output_reg[13]) is unused and will be removed from module c_addsub_v12_0_11_viv__parameterized3__4.
INFO: [Synth 8-3332] Sequential element (i_baseblox.i_baseblox_addsub/no_pipelining.the_addsub/i_lut6.i_lut6_addsub/i_q.i_simple.qreg/i_no_async_controls.output_reg[12]) is unused and will be removed from module c_addsub_v12_0_11_viv__parameterized3__4.
INFO: [Synth 8-3332] Sequential element (i_baseblox.i_baseblox_addsub/no_pipelining.the_addsub/i_lut6.i_lut6_addsub/i_q.i_simple.qreg/i_no_async_controls.output_reg[11]) is unused and will be removed from module c_addsub_v12_0_11_viv__parameterized3__4.
INFO: [Synth 8-3332] Sequential element (i_baseblox.i_baseblox_addsub/no_pipelining.the_addsub/i_lut6.i_lut6_addsub/i_q.i_simple.qreg/i_no_async_controls.output_reg[10]) is unused and will be removed from module c_addsub_v12_0_11_viv__parameterized3__4.
INFO: [Synth 8-3332] Sequential element (i_baseblox.i_baseblox_addsub/no_pipelining.the_addsub/i_lut6.i_lut6_addsub/i_q.i_simple.qreg/i_no_async_controls.output_reg[9]) is unused and will be removed from module c_addsub_v12_0_11_viv__parameterized3__4.
INFO: [Synth 8-3332] Sequential element (i_baseblox.i_baseblox_addsub/no_pipelining.the_addsub/i_lut6.i_lut6_addsub/i_q.i_simple.qreg/i_no_async_controls.output_reg[8]) is unused and will be removed from module c_addsub_v12_0_11_viv__parameterized3__4.
INFO: [Synth 8-3332] Sequential element (i_baseblox.i_baseblox_addsub/no_pipelining.the_addsub/i_lut6.i_lut6_addsub/i_q.i_simple.qreg/i_no_async_controls.output_reg[7]) is unused and will be removed from module c_addsub_v12_0_11_viv__parameterized3__4.
INFO: [Synth 8-3332] Sequential element (i_baseblox.i_baseblox_addsub/no_pipelining.the_addsub/i_lut6.i_lut6_addsub/i_q.i_simple.qreg/i_no_async_controls.output_reg[6]) is unused and will be removed from module c_addsub_v12_0_11_viv__parameterized3__4.
INFO: [Synth 8-3332] Sequential element (i_baseblox.i_baseblox_addsub/no_pipelining.the_addsub/i_lut6.i_lut6_addsub/i_q.i_simple.qreg/i_no_async_controls.output_reg[5]) is unused and will be removed from module c_addsub_v12_0_11_viv__parameterized3__4.
INFO: [Synth 8-3332] Sequential element (i_baseblox.i_baseblox_addsub/no_pipelining.the_addsub/i_lut6.i_lut6_addsub/i_q.i_simple.qreg/i_no_async_controls.output_reg[4]) is unused and will be removed from module c_addsub_v12_0_11_viv__parameterized3__4.
INFO: [Synth 8-3332] Sequential element (i_baseblox.i_baseblox_addsub/no_pipelining.the_addsub/i_lut6.i_lut6_addsub/i_q.i_simple.qreg/i_no_async_controls.output_reg[3]) is unused and will be removed from module c_addsub_v12_0_11_viv__parameterized3__4.
INFO: [Synth 8-3332] Sequential element (i_baseblox.i_baseblox_addsub/no_pipelining.the_addsub/i_lut6.i_lut6_addsub/i_q.i_simple.qreg/i_no_async_controls.output_reg[2]) is unused and will be removed from module c_addsub_v12_0_11_viv__parameterized3__4.
INFO: [Synth 8-3332] Sequential element (i_baseblox.i_baseblox_addsub/no_pipelining.the_addsub/i_lut6.i_lut6_addsub/i_q.i_simple.qreg/i_no_async_controls.output_reg[1]) is unused and will be removed from module c_addsub_v12_0_11_viv__parameterized3__4.
INFO: [Synth 8-3332] Sequential element (i_baseblox.i_baseblox_addsub/no_pipelining.the_addsub/i_lut6.i_lut6_addsub/i_q.i_simple.qreg/i_no_async_controls.output_reg[21]) is unused and will be removed from module c_addsub_v12_0_11_viv__parameterized3__5.
INFO: [Synth 8-3332] Sequential element (i_baseblox.i_baseblox_addsub/no_pipelining.the_addsub/i_lut6.i_lut6_addsub/i_q.i_simple.qreg/i_no_async_controls.output_reg[21]) is unused and will be removed from module c_addsub_v12_0_11_viv__parameterized3__6.
INFO: [Synth 8-3332] Sequential element (i_baseblox.i_baseblox_addsub/no_pipelining.the_addsub/i_lut6.i_lut6_addsub/i_q.i_simple.qreg/i_no_async_controls.output_reg[19]) is unused and will be removed from module c_addsub_v12_0_11_viv__parameterized3__6.
INFO: [Synth 8-3332] Sequential element (i_baseblox.i_baseblox_addsub/no_pipelining.the_addsub/i_lut6.i_lut6_addsub/i_q.i_simple.qreg/i_no_async_controls.output_reg[18]) is unused and will be removed from module c_addsub_v12_0_11_viv__parameterized3__6.
INFO: [Synth 8-3332] Sequential element (i_baseblox.i_baseblox_addsub/no_pipelining.the_addsub/i_lut6.i_lut6_addsub/i_q.i_simple.qreg/i_no_async_controls.output_reg[17]) is unused and will be removed from module c_addsub_v12_0_11_viv__parameterized3__6.
INFO: [Synth 8-3332] Sequential element (i_baseblox.i_baseblox_addsub/no_pipelining.the_addsub/i_lut6.i_lut6_addsub/i_q.i_simple.qreg/i_no_async_controls.output_reg[16]) is unused and will be removed from module c_addsub_v12_0_11_viv__parameterized3__6.
INFO: [Synth 8-3332] Sequential element (i_baseblox.i_baseblox_addsub/no_pipelining.the_addsub/i_lut6.i_lut6_addsub/i_q.i_simple.qreg/i_no_async_controls.output_reg[15]) is unused and will be removed from module c_addsub_v12_0_11_viv__parameterized3__6.
INFO: [Synth 8-3332] Sequential element (i_baseblox.i_baseblox_addsub/no_pipelining.the_addsub/i_lut6.i_lut6_addsub/i_q.i_simple.qreg/i_no_async_controls.output_reg[14]) is unused and will be removed from module c_addsub_v12_0_11_viv__parameterized3__6.
INFO: [Synth 8-3332] Sequential element (i_baseblox.i_baseblox_addsub/no_pipelining.the_addsub/i_lut6.i_lut6_addsub/i_q.i_simple.qreg/i_no_async_controls.output_reg[13]) is unused and will be removed from module c_addsub_v12_0_11_viv__parameterized3__6.
INFO: [Synth 8-3332] Sequential element (i_baseblox.i_baseblox_addsub/no_pipelining.the_addsub/i_lut6.i_lut6_addsub/i_q.i_simple.qreg/i_no_async_controls.output_reg[12]) is unused and will be removed from module c_addsub_v12_0_11_viv__parameterized3__6.
INFO: [Synth 8-3332] Sequential element (i_baseblox.i_baseblox_addsub/no_pipelining.the_addsub/i_lut6.i_lut6_addsub/i_q.i_simple.qreg/i_no_async_controls.output_reg[11]) is unused and will be removed from module c_addsub_v12_0_11_viv__parameterized3__6.
INFO: [Synth 8-3332] Sequential element (i_baseblox.i_baseblox_addsub/no_pipelining.the_addsub/i_lut6.i_lut6_addsub/i_q.i_simple.qreg/i_no_async_controls.output_reg[10]) is unused and will be removed from module c_addsub_v12_0_11_viv__parameterized3__6.
INFO: [Synth 8-3332] Sequential element (i_baseblox.i_baseblox_addsub/no_pipelining.the_addsub/i_lut6.i_lut6_addsub/i_q.i_simple.qreg/i_no_async_controls.output_reg[9]) is unused and will be removed from module c_addsub_v12_0_11_viv__parameterized3__6.
INFO: [Synth 8-3332] Sequential element (i_baseblox.i_baseblox_addsub/no_pipelining.the_addsub/i_lut6.i_lut6_addsub/i_q.i_simple.qreg/i_no_async_controls.output_reg[8]) is unused and will be removed from module c_addsub_v12_0_11_viv__parameterized3__6.
INFO: [Synth 8-3332] Sequential element (i_baseblox.i_baseblox_addsub/no_pipelining.the_addsub/i_lut6.i_lut6_addsub/i_q.i_simple.qreg/i_no_async_controls.output_reg[7]) is unused and will be removed from module c_addsub_v12_0_11_viv__parameterized3__6.
INFO: [Synth 8-3332] Sequential element (i_baseblox.i_baseblox_addsub/no_pipelining.the_addsub/i_lut6.i_lut6_addsub/i_q.i_simple.qreg/i_no_async_controls.output_reg[6]) is unused and will be removed from module c_addsub_v12_0_11_viv__parameterized3__6.
INFO: [Synth 8-3332] Sequential element (i_baseblox.i_baseblox_addsub/no_pipelining.the_addsub/i_lut6.i_lut6_addsub/i_q.i_simple.qreg/i_no_async_controls.output_reg[5]) is unused and will be removed from module c_addsub_v12_0_11_viv__parameterized3__6.
INFO: [Synth 8-3332] Sequential element (i_baseblox.i_baseblox_addsub/no_pipelining.the_addsub/i_lut6.i_lut6_addsub/i_q.i_simple.qreg/i_no_async_controls.output_reg[4]) is unused and will be removed from module c_addsub_v12_0_11_viv__parameterized3__6.
INFO: [Synth 8-3332] Sequential element (i_baseblox.i_baseblox_addsub/no_pipelining.the_addsub/i_lut6.i_lut6_addsub/i_q.i_simple.qreg/i_no_async_controls.output_reg[3]) is unused and will be removed from module c_addsub_v12_0_11_viv__parameterized3__6.
INFO: [Synth 8-3332] Sequential element (i_baseblox.i_baseblox_addsub/no_pipelining.the_addsub/i_lut6.i_lut6_addsub/i_q.i_simple.qreg/i_no_async_controls.output_reg[2]) is unused and will be removed from module c_addsub_v12_0_11_viv__parameterized3__6.
INFO: [Synth 8-3332] Sequential element (i_baseblox.i_baseblox_addsub/no_pipelining.the_addsub/i_lut6.i_lut6_addsub/i_q.i_simple.qreg/i_no_async_controls.output_reg[1]) is unused and will be removed from module c_addsub_v12_0_11_viv__parameterized3__6.
INFO: [Synth 8-3332] Sequential element (i_baseblox.i_baseblox_addsub/no_pipelining.the_addsub/i_lut6.i_lut6_addsub/i_q.i_simple.qreg/i_no_async_controls.output_reg[21]) is unused and will be removed from module c_addsub_v12_0_11_viv__parameterized3__7.
INFO: [Synth 8-3332] Sequential element (i_baseblox.i_baseblox_addsub/no_pipelining.the_addsub/i_lut6.i_lut6_addsub/i_q.i_simple.qreg/i_no_async_controls.output_reg[21]) is unused and will be removed from module c_addsub_v12_0_11_viv__parameterized3__8.
INFO: [Synth 8-3332] Sequential element (i_baseblox.i_baseblox_addsub/no_pipelining.the_addsub/i_lut6.i_lut6_addsub/i_q.i_simple.qreg/i_no_async_controls.output_reg[21]) is unused and will be removed from module c_addsub_v12_0_11_viv__parameterized3__10.
INFO: [Synth 8-3332] Sequential element (i_baseblox.i_baseblox_addsub/no_pipelining.the_addsub/i_lut6.i_lut6_addsub/i_q.i_simple.qreg/i_no_async_controls.output_reg[21]) is unused and will be removed from module c_addsub_v12_0_11_viv__parameterized3__11.
INFO: [Synth 8-3332] Sequential element (i_baseblox.i_baseblox_addsub/no_pipelining.the_addsub/i_lut6.i_lut6_addsub/i_q.i_simple.qreg/i_no_async_controls.output_reg[21]) is unused and will be removed from module c_addsub_v12_0_11_viv__parameterized3__12.
INFO: [Synth 8-3332] Sequential element (i_baseblox.i_baseblox_addsub/no_pipelining.the_addsub/i_lut6.i_lut6_addsub/i_q.i_simple.qreg/i_no_async_controls.output_reg[21]) is unused and will be removed from module c_addsub_v12_0_11_viv__parameterized3__13.
INFO: [Synth 8-3332] Sequential element (i_baseblox.i_baseblox_addsub/no_pipelining.the_addsub/i_lut6.i_lut6_addsub/i_q.i_simple.qreg/i_no_async_controls.output_reg[21]) is unused and will be removed from module c_addsub_v12_0_11_viv__parameterized3__14.
INFO: [Synth 8-3332] Sequential element (i_baseblox.i_baseblox_addsub/no_pipelining.the_addsub/i_lut6.i_lut6_addsub/i_q.i_simple.qreg/i_no_async_controls.output_reg[21]) is unused and will be removed from module c_addsub_v12_0_11_viv__parameterized3__15.
INFO: [Synth 8-3332] Sequential element (i_baseblox.i_baseblox_addsub/no_pipelining.the_addsub/i_lut6.i_lut6_addsub/i_q.i_simple.qreg/i_no_async_controls.output_reg[21]) is unused and will be removed from module c_addsub_v12_0_11_viv__parameterized3__16.
INFO: [Synth 8-3332] Sequential element (i_baseblox.i_baseblox_addsub/no_pipelining.the_addsub/i_lut6.i_lut6_addsub/i_q.i_simple.qreg/i_no_async_controls.output_reg[21]) is unused and will be removed from module c_addsub_v12_0_11_viv__parameterized3__17.
INFO: [Synth 8-3332] Sequential element (i_baseblox.i_baseblox_addsub/no_pipelining.the_addsub/i_lut6.i_lut6_addsub/i_q.i_simple.qreg/i_no_async_controls.output_reg[21]) is unused and will be removed from module c_addsub_v12_0_11_viv__parameterized3__18.
INFO: [Synth 8-3332] Sequential element (i_baseblox.i_baseblox_addsub/no_pipelining.the_addsub/i_lut6.i_lut6_addsub/i_q.i_simple.qreg/i_no_async_controls.output_reg[21]) is unused and will be removed from module c_addsub_v12_0_11_viv__parameterized3__19.
INFO: [Synth 8-3332] Sequential element (i_baseblox.i_baseblox_addsub/no_pipelining.the_addsub/i_lut6.i_lut6_addsub/i_q.i_simple.qreg/i_no_async_controls.output_reg[21]) is unused and will be removed from module c_addsub_v12_0_11_viv__parameterized3__20.
INFO: [Synth 8-3332] Sequential element (i_baseblox.i_baseblox_addsub/no_pipelining.the_addsub/i_lut6.i_lut6_addsub/i_q.i_simple.qreg/i_no_async_controls.output_reg[21]) is unused and will be removed from module c_addsub_v12_0_11_viv__parameterized3__21.
INFO: [Common 17-14] Message 'Synth 8-3332' appears 100 times and further instances of the messages will be disabled. Use the Tcl command set_msg_config to change the current settings.
---------------------------------------------------------------------------------
Finished Cross Boundary and Area Optimization : Time (s): cpu = 00:04:36 ; elapsed = 00:05:27 . Memory (MB): peak = 764.895 ; gain = 510.770
---------------------------------------------------------------------------------

Report RTL Partitions: 
+-+--------------+------------+----------+
| |RTL Partition |Replication |Instances |
+-+--------------+------------+----------+
+-+--------------+------------+----------+
---------------------------------------------------------------------------------
Start Applying XDC Timing Constraints
---------------------------------------------------------------------------------
---------------------------------------------------------------------------------
Finished Applying XDC Timing Constraints : Time (s): cpu = 00:05:32 ; elapsed = 00:06:31 . Memory (MB): peak = 764.895 ; gain = 510.770
---------------------------------------------------------------------------------
---------------------------------------------------------------------------------
Start Timing Optimization
---------------------------------------------------------------------------------
---------------------------------------------------------------------------------
Finished Timing Optimization : Time (s): cpu = 00:05:33 ; elapsed = 00:06:33 . Memory (MB): peak = 772.633 ; gain = 518.508
---------------------------------------------------------------------------------

Report RTL Partitions: 
+-+--------------+------------+----------+
| |RTL Partition |Replication |Instances |
+-+--------------+------------+----------+
+-+--------------+------------+----------+
---------------------------------------------------------------------------------
Start Technology Mapping
---------------------------------------------------------------------------------
---------------------------------------------------------------------------------
Finished Technology Mapping : Time (s): cpu = 00:05:40 ; elapsed = 00:06:40 . Memory (MB): peak = 784.750 ; gain = 530.625
---------------------------------------------------------------------------------

Report RTL Partitions: 
+-+--------------+------------+----------+
| |RTL Partition |Replication |Instances |
+-+--------------+------------+----------+
+-+--------------+------------+----------+
---------------------------------------------------------------------------------
Start IO Insertion
---------------------------------------------------------------------------------
---------------------------------------------------------------------------------
Start Flattening Before IO Insertion
---------------------------------------------------------------------------------
---------------------------------------------------------------------------------
Finished Flattening Before IO Insertion
---------------------------------------------------------------------------------
---------------------------------------------------------------------------------
Start Final Netlist Cleanup
---------------------------------------------------------------------------------
---------------------------------------------------------------------------------
Finished Final Netlist Cleanup
---------------------------------------------------------------------------------
---------------------------------------------------------------------------------
Finished IO Insertion : Time (s): cpu = 00:05:45 ; elapsed = 00:06:46 . Memory (MB): peak = 784.750 ; gain = 530.625
---------------------------------------------------------------------------------

Report Check Netlist: 
+------+------------------+-------+---------+-------+------------------+
|      |Item              |Errors |Warnings |Status |Description       |
+------+------------------+-------+---------+-------+------------------+
|1     |multi_driven_nets |      0|        0|Passed |Multi driven nets |
+------+------------------+-------+---------+-------+------------------+
---------------------------------------------------------------------------------
Start Renaming Generated Instances
---------------------------------------------------------------------------------
---------------------------------------------------------------------------------
Finished Renaming Generated Instances : Time (s): cpu = 00:05:46 ; elapsed = 00:06:47 . Memory (MB): peak = 784.750 ; gain = 530.625
---------------------------------------------------------------------------------

Report RTL Partitions: 
+-+--------------+------------+----------+
| |RTL Partition |Replication |Instances |
+-+--------------+------------+----------+
+-+--------------+------------+----------+
---------------------------------------------------------------------------------
Start Rebuilding User Hierarchy
---------------------------------------------------------------------------------
---------------------------------------------------------------------------------
Finished Rebuilding User Hierarchy : Time (s): cpu = 00:05:48 ; elapsed = 00:06:49 . Memory (MB): peak = 784.750 ; gain = 530.625
---------------------------------------------------------------------------------
---------------------------------------------------------------------------------
Start Renaming Generated Ports
---------------------------------------------------------------------------------
---------------------------------------------------------------------------------
Finished Renaming Generated Ports : Time (s): cpu = 00:05:48 ; elapsed = 00:06:49 . Memory (MB): peak = 784.750 ; gain = 530.625
---------------------------------------------------------------------------------
---------------------------------------------------------------------------------
Start Handling Custom Attributes
---------------------------------------------------------------------------------
---------------------------------------------------------------------------------
Finished Handling Custom Attributes : Time (s): cpu = 00:05:49 ; elapsed = 00:06:50 . Memory (MB): peak = 784.750 ; gain = 530.625
---------------------------------------------------------------------------------
---------------------------------------------------------------------------------
Start Renaming Generated Nets
---------------------------------------------------------------------------------
---------------------------------------------------------------------------------
Finished Renaming Generated Nets : Time (s): cpu = 00:05:49 ; elapsed = 00:06:50 . Memory (MB): peak = 784.750 ; gain = 530.625
---------------------------------------------------------------------------------
---------------------------------------------------------------------------------
Start Writing Synthesis Report
---------------------------------------------------------------------------------

Report BlackBoxes: 
+-+--------------+----------+
| |BlackBox name |Instances |
+-+--------------+----------+
+-+--------------+----------+

Report Cell Usage: 
+------+--------+------+
|      |Cell    |Count |
+------+--------+------+
|1     |LUT1    |    70|
|2     |LUT2    |   416|
|3     |LUT3    |   592|
|4     |LUT4    |    36|
|5     |LUT5    |     3|
|6     |LUT6    |    15|
|7     |MUXCY   |   971|
|8     |SRL16E  |     5|
|9     |SRLC32E |     1|
|10    |XORCY   |   917|
|11    |FDRE    |  1105|
+------+--------+------+
---------------------------------------------------------------------------------
Finished Writing Synthesis Report : Time (s): cpu = 00:05:49 ; elapsed = 00:06:50 . Memory (MB): peak = 784.750 ; gain = 530.625
---------------------------------------------------------------------------------
Synthesis finished with 0 errors, 0 critical warnings and 321 warnings.
Synthesis Optimization Runtime : Time (s): cpu = 00:02:12 ; elapsed = 00:05:43 . Memory (MB): peak = 784.750 ; gain = 207.645
Synthesis Optimization Complete : Time (s): cpu = 00:05:49 ; elapsed = 00:06:50 . Memory (MB): peak = 784.750 ; gain = 530.625
INFO: [Project 1-571] Translating synthesized netlist
INFO: [Netlist 29-17] Analyzing 1888 Unisim elements for replacement
INFO: [Netlist 29-28] Unisim Transformation completed in 0 CPU seconds
INFO: [Project 1-570] Preparing netlist for logic optimization
INFO: [Opt 31-138] Pushed 0 inverter(s) to 0 load pin(s).
INFO: [Project 1-111] Unisim Transformation Summary:
  A total of 265 instances were transformed.
  (MUXCY,XORCY) => CARRY4: 265 instances

INFO: [Common 17-83] Releasing license: Synthesis
167 Infos, 100 Warnings, 0 Critical Warnings and 0 Errors encountered.
synth_design completed successfully
synth_design: Time (s): cpu = 00:06:07 ; elapsed = 00:07:11 . Memory (MB): peak = 803.391 ; gain = 561.109
INFO: [Common 17-1381] The checkpoint 'E:/bildiri ve makaleler/kitap/fpga/uygulamalar/prj_bolum11_uyg2/prj_bolum11_uyg2.runs/cordic_SinCos_synth_1/Cordic_SinCos.dcp' has been generated.
write_checkpoint: Time (s): cpu = 00:00:07 ; elapsed = 00:00:06 . Memory (MB): peak = 803.391 ; gain = 0.000
write_vhdl: Time (s): cpu = 00:00:04 ; elapsed = 00:00:06 . Memory (MB): peak = 803.391 ; gain = 0.000
INFO: [Coretcl 2-1482] Added synthesis output to IP cache for IP e:/bildiri ve makaleler/kitap/fpga/uygulamalar/prj_bolum11_uyg2/prj_bolum11_uyg2.srcs/sources_1/ip/Cordic_SinCos/Cordic_SinCos.xci
INFO: [Coretcl 2-1174] Renamed 371 cell refs.
INFO: [Common 17-1381] The checkpoint 'E:/bildiri ve makaleler/kitap/fpga/uygulamalar/prj_bolum11_uyg2/prj_bolum11_uyg2.runs/cordic_SinCos_synth_1/Cordic_SinCos.dcp' has been generated.
write_checkpoint: Time (s): cpu = 00:00:08 ; elapsed = 00:00:08 . Memory (MB): peak = 803.391 ; gain = 0.000
INFO: [runtcl-4] Executing : report_utilization -file Cordic_SinCos_utilization_synth.rpt -pb Cordic_SinCos_utilization_synth.pb
report_utilization: Time (s): cpu = 00:00:00 ; elapsed = 00:00:00.291 . Memory (MB): peak = 803.391 ; gain = 0.000
write_vhdl: Time (s): cpu = 00:00:05 ; elapsed = 00:00:07 . Memory (MB): peak = 803.391 ; gain = 0.000
INFO: [Common 17-206] Exiting Vivado at Fri Aug 16 17:00:46 2019...
[Fri Aug 16 17:00:53 2019] Cordic_SinCos_synth_1 finished
wait_on_run: Time (s): cpu = 00:00:36 ; elapsed = 00:08:37 . Memory (MB): peak = 793.855 ; gain = 0.000
launch_simulation
INFO: [Vivado 12-5698] Checking validity of IPs in the design for the 'XSim' simulator...
INFO: [Vivado 12-5682] Launching behavioral simulation in 'E:/bildiri ve makaleler/kitap/fpga/uygulamalar/prj_bolum11_uyg2/prj_bolum11_uyg2.sim/sim_1/behav/xsim'
INFO: [Vivado 12-4795] Using compiled simulation libraries for IPs
INFO: [SIM-utils-51] Simulation object is 'sim_1'
INFO: [USF-XSim-7] Finding pre-compiled libraries...
INFO: [USF-XSim-11] File 'C:/Xilinx/Vivado/2017.4/data/xsim/ip/xsim_ip.ini' copied to run dir:'E:/bildiri ve makaleler/kitap/fpga/uygulamalar/prj_bolum11_uyg2/prj_bolum11_uyg2.sim/sim_1/behav/xsim'
INFO: [SIM-utils-54] Inspecting design source files for 'uyg112' in fileset 'sim_1'...
INFO: [USF-XSim-97] Finding global include files...
INFO: [USF-XSim-98] Fetching design files from 'sim_1'...
INFO: [USF-XSim-2] XSim::Compile design
INFO: [USF-XSim-61] Executing 'COMPILE and ANALYZE' step in 'E:/bildiri ve makaleler/kitap/fpga/uygulamalar/prj_bolum11_uyg2/prj_bolum11_uyg2.sim/sim_1/behav/xsim'
"xvlog --incr --relax -prj uyg112_vlog.prj"
INFO: [VRFC 10-2263] Analyzing Verilog file "E:/bildiri ve makaleler/kitap/fpga/uygulamalar/prj_bolum11_uyg2/prj_bolum11_uyg2.srcs/sources_1/ip/Cordic_SinCos/Cordic_SinCos_sim_netlist.v" into library xil_defaultlib
INFO: [VRFC 10-311] analyzing module Cordic_SinCos
INFO: [VRFC 10-311] analyzing module Cordic_SinCos_cordic_v6_0_13
INFO: [VRFC 10-311] analyzing module Cordic_SinCos_addsub
INFO: [VRFC 10-311] analyzing module Cordic_SinCos_addsub__parameterized1
INFO: [VRFC 10-311] analyzing module Cordic_SinCos_addsub__parameterized3
INFO: [VRFC 10-311] analyzing module Cordic_SinCos_addsub__parameterized3_0
INFO: [VRFC 10-311] analyzing module Cordic_SinCos_addsub__parameterized3_10
INFO: [VRFC 10-311] analyzing module Cordic_SinCos_addsub__parameterized3_108
INFO: [VRFC 10-311] analyzing module Cordic_SinCos_addsub__parameterized3_11
INFO: [VRFC 10-311] analyzing module Cordic_SinCos_addsub__parameterized3_113
INFO: [VRFC 10-311] analyzing module Cordic_SinCos_addsub__parameterized3_114
INFO: [VRFC 10-311] analyzing module Cordic_SinCos_addsub__parameterized3_12
INFO: [VRFC 10-311] analyzing module Cordic_SinCos_addsub__parameterized3_124
INFO: [VRFC 10-311] analyzing module Cordic_SinCos_addsub__parameterized3_129
INFO: [VRFC 10-311] analyzing module Cordic_SinCos_addsub__parameterized3_130
INFO: [VRFC 10-311] analyzing module Cordic_SinCos_addsub__parameterized3_140
INFO: [VRFC 10-311] analyzing module Cordic_SinCos_addsub__parameterized3_145
INFO: [VRFC 10-311] analyzing module Cordic_SinCos_addsub__parameterized3_146
INFO: [VRFC 10-311] analyzing module Cordic_SinCos_addsub__parameterized3_156
INFO: [VRFC 10-311] analyzing module Cordic_SinCos_addsub__parameterized3_161
INFO: [VRFC 10-311] analyzing module Cordic_SinCos_addsub__parameterized3_162
INFO: [VRFC 10-311] analyzing module Cordic_SinCos_addsub__parameterized3_17
INFO: [VRFC 10-311] analyzing module Cordic_SinCos_addsub__parameterized3_172
INFO: [VRFC 10-311] analyzing module Cordic_SinCos_addsub__parameterized3_177
INFO: [VRFC 10-311] analyzing module Cordic_SinCos_addsub__parameterized3_178
INFO: [VRFC 10-311] analyzing module Cordic_SinCos_addsub__parameterized3_18
INFO: [VRFC 10-311] analyzing module Cordic_SinCos_addsub__parameterized3_187
INFO: [VRFC 10-311] analyzing module Cordic_SinCos_addsub__parameterized3_188
INFO: [VRFC 10-311] analyzing module Cordic_SinCos_addsub__parameterized3_199
INFO: [VRFC 10-311] analyzing module Cordic_SinCos_addsub__parameterized3_204
INFO: [VRFC 10-311] analyzing module Cordic_SinCos_addsub__parameterized3_205
INFO: [VRFC 10-311] analyzing module Cordic_SinCos_addsub__parameterized3_216
INFO: [VRFC 10-311] analyzing module Cordic_SinCos_addsub__parameterized3_221
INFO: [VRFC 10-311] analyzing module Cordic_SinCos_addsub__parameterized3_222
INFO: [VRFC 10-311] analyzing module Cordic_SinCos_addsub__parameterized3_232
INFO: [VRFC 10-311] analyzing module Cordic_SinCos_addsub__parameterized3_237
INFO: [VRFC 10-311] analyzing module Cordic_SinCos_addsub__parameterized3_238
INFO: [VRFC 10-311] analyzing module Cordic_SinCos_addsub__parameterized3_248
INFO: [VRFC 10-311] analyzing module Cordic_SinCos_addsub__parameterized3_253
INFO: [VRFC 10-311] analyzing module Cordic_SinCos_addsub__parameterized3_254
INFO: [VRFC 10-311] analyzing module Cordic_SinCos_addsub__parameterized3_44
INFO: [VRFC 10-311] analyzing module Cordic_SinCos_addsub__parameterized3_49
INFO: [VRFC 10-311] analyzing module Cordic_SinCos_addsub__parameterized3_50
INFO: [VRFC 10-311] analyzing module Cordic_SinCos_addsub__parameterized3_60
INFO: [VRFC 10-311] analyzing module Cordic_SinCos_addsub__parameterized3_65
INFO: [VRFC 10-311] analyzing module Cordic_SinCos_addsub__parameterized3_66
INFO: [VRFC 10-311] analyzing module Cordic_SinCos_addsub__parameterized3_76
INFO: [VRFC 10-311] analyzing module Cordic_SinCos_addsub__parameterized3_81
INFO: [VRFC 10-311] analyzing module Cordic_SinCos_addsub__parameterized3_82
INFO: [VRFC 10-311] analyzing module Cordic_SinCos_addsub__parameterized3_9
INFO: [VRFC 10-311] analyzing module Cordic_SinCos_addsub__parameterized3_92
INFO: [VRFC 10-311] analyzing module Cordic_SinCos_addsub__parameterized3_97
INFO: [VRFC 10-311] analyzing module Cordic_SinCos_addsub__parameterized3_98
INFO: [VRFC 10-311] analyzing module Cordic_SinCos_c_addsub_v12_0_11_fabric_legacy
INFO: [VRFC 10-311] analyzing module Cordic_SinCos_c_addsub_v12_0_11_fabric_legacy__parameterized1
INFO: [VRFC 10-311] analyzing module Cordic_SinCos_c_addsub_v12_0_11_fabric_legacy__parameterized3
INFO: [VRFC 10-311] analyzing module Cordic_SinCos_c_addsub_v12_0_11_fabric_legacy__parameterized3_100
INFO: [VRFC 10-311] analyzing module Cordic_SinCos_c_addsub_v12_0_11_fabric_legacy__parameterized3_104
INFO: [VRFC 10-311] analyzing module Cordic_SinCos_c_addsub_v12_0_11_fabric_legacy__parameterized3_110
INFO: [VRFC 10-311] analyzing module Cordic_SinCos_c_addsub_v12_0_11_fabric_legacy__parameterized3_116
INFO: [VRFC 10-311] analyzing module Cordic_SinCos_c_addsub_v12_0_11_fabric_legacy__parameterized3_120
INFO: [VRFC 10-311] analyzing module Cordic_SinCos_c_addsub_v12_0_11_fabric_legacy__parameterized3_126
INFO: [VRFC 10-311] analyzing module Cordic_SinCos_c_addsub_v12_0_11_fabric_legacy__parameterized3_132
INFO: [VRFC 10-311] analyzing module Cordic_SinCos_c_addsub_v12_0_11_fabric_legacy__parameterized3_136
INFO: [VRFC 10-311] analyzing module Cordic_SinCos_c_addsub_v12_0_11_fabric_legacy__parameterized3_142
INFO: [VRFC 10-311] analyzing module Cordic_SinCos_c_addsub_v12_0_11_fabric_legacy__parameterized3_148
INFO: [VRFC 10-311] analyzing module Cordic_SinCos_c_addsub_v12_0_11_fabric_legacy__parameterized3_152
INFO: [VRFC 10-311] analyzing module Cordic_SinCos_c_addsub_v12_0_11_fabric_legacy__parameterized3_158
INFO: [VRFC 10-311] analyzing module Cordic_SinCos_c_addsub_v12_0_11_fabric_legacy__parameterized3_164
INFO: [VRFC 10-311] analyzing module Cordic_SinCos_c_addsub_v12_0_11_fabric_legacy__parameterized3_168
INFO: [VRFC 10-311] analyzing module Cordic_SinCos_c_addsub_v12_0_11_fabric_legacy__parameterized3_174
INFO: [VRFC 10-311] analyzing module Cordic_SinCos_c_addsub_v12_0_11_fabric_legacy__parameterized3_180
INFO: [VRFC 10-311] analyzing module Cordic_SinCos_c_addsub_v12_0_11_fabric_legacy__parameterized3_184
INFO: [VRFC 10-311] analyzing module Cordic_SinCos_c_addsub_v12_0_11_fabric_legacy__parameterized3_190
INFO: [VRFC 10-311] analyzing module Cordic_SinCos_c_addsub_v12_0_11_fabric_legacy__parameterized3_194
INFO: [VRFC 10-311] analyzing module Cordic_SinCos_c_addsub_v12_0_11_fabric_legacy__parameterized3_201
INFO: [VRFC 10-311] analyzing module Cordic_SinCos_c_addsub_v12_0_11_fabric_legacy__parameterized3_207
INFO: [VRFC 10-311] analyzing module Cordic_SinCos_c_addsub_v12_0_11_fabric_legacy__parameterized3_21
INFO: [VRFC 10-311] analyzing module Cordic_SinCos_c_addsub_v12_0_11_fabric_legacy__parameterized3_211
INFO: [VRFC 10-311] analyzing module Cordic_SinCos_c_addsub_v12_0_11_fabric_legacy__parameterized3_218
INFO: [VRFC 10-311] analyzing module Cordic_SinCos_c_addsub_v12_0_11_fabric_legacy__parameterized3_224
INFO: [VRFC 10-311] analyzing module Cordic_SinCos_c_addsub_v12_0_11_fabric_legacy__parameterized3_228
INFO: [VRFC 10-311] analyzing module Cordic_SinCos_c_addsub_v12_0_11_fabric_legacy__parameterized3_234
INFO: [VRFC 10-311] analyzing module Cordic_SinCos_c_addsub_v12_0_11_fabric_legacy__parameterized3_240
INFO: [VRFC 10-311] analyzing module Cordic_SinCos_c_addsub_v12_0_11_fabric_legacy__parameterized3_244
INFO: [VRFC 10-311] analyzing module Cordic_SinCos_c_addsub_v12_0_11_fabric_legacy__parameterized3_25
INFO: [VRFC 10-311] analyzing module Cordic_SinCos_c_addsub_v12_0_11_fabric_legacy__parameterized3_250
INFO: [VRFC 10-311] analyzing module Cordic_SinCos_c_addsub_v12_0_11_fabric_legacy__parameterized3_256
INFO: [VRFC 10-311] analyzing module Cordic_SinCos_c_addsub_v12_0_11_fabric_legacy__parameterized3_260
INFO: [VRFC 10-311] analyzing module Cordic_SinCos_c_addsub_v12_0_11_fabric_legacy__parameterized3_29
INFO: [VRFC 10-311] analyzing module Cordic_SinCos_c_addsub_v12_0_11_fabric_legacy__parameterized3_33
INFO: [VRFC 10-311] analyzing module Cordic_SinCos_c_addsub_v12_0_11_fabric_legacy__parameterized3_37
INFO: [VRFC 10-311] analyzing module Cordic_SinCos_c_addsub_v12_0_11_fabric_legacy__parameterized3_41
INFO: [VRFC 10-311] analyzing module Cordic_SinCos_c_addsub_v12_0_11_fabric_legacy__parameterized3_46
INFO: [VRFC 10-311] analyzing module Cordic_SinCos_c_addsub_v12_0_11_fabric_legacy__parameterized3_5
INFO: [VRFC 10-311] analyzing module Cordic_SinCos_c_addsub_v12_0_11_fabric_legacy__parameterized3_52
INFO: [VRFC 10-311] analyzing module Cordic_SinCos_c_addsub_v12_0_11_fabric_legacy__parameterized3_56
INFO: [VRFC 10-311] analyzing module Cordic_SinCos_c_addsub_v12_0_11_fabric_legacy__parameterized3_62
INFO: [VRFC 10-311] analyzing module Cordic_SinCos_c_addsub_v12_0_11_fabric_legacy__parameterized3_68
INFO: [VRFC 10-311] analyzing module Cordic_SinCos_c_addsub_v12_0_11_fabric_legacy__parameterized3_72
INFO: [VRFC 10-311] analyzing module Cordic_SinCos_c_addsub_v12_0_11_fabric_legacy__parameterized3_78
INFO: [VRFC 10-311] analyzing module Cordic_SinCos_c_addsub_v12_0_11_fabric_legacy__parameterized3_84
INFO: [VRFC 10-311] analyzing module Cordic_SinCos_c_addsub_v12_0_11_fabric_legacy__parameterized3_88
INFO: [VRFC 10-311] analyzing module Cordic_SinCos_c_addsub_v12_0_11_fabric_legacy__parameterized3_94
INFO: [VRFC 10-311] analyzing module Cordic_SinCos_c_addsub_v12_0_11_legacy
INFO: [VRFC 10-311] analyzing module Cordic_SinCos_c_addsub_v12_0_11_legacy__parameterized1
INFO: [VRFC 10-311] analyzing module Cordic_SinCos_c_addsub_v12_0_11_legacy__parameterized3
INFO: [VRFC 10-311] analyzing module Cordic_SinCos_c_addsub_v12_0_11_legacy__parameterized3_103
INFO: [VRFC 10-311] analyzing module Cordic_SinCos_c_addsub_v12_0_11_legacy__parameterized3_109
INFO: [VRFC 10-311] analyzing module Cordic_SinCos_c_addsub_v12_0_11_legacy__parameterized3_115
INFO: [VRFC 10-311] analyzing module Cordic_SinCos_c_addsub_v12_0_11_legacy__parameterized3_119
INFO: [VRFC 10-311] analyzing module Cordic_SinCos_c_addsub_v12_0_11_legacy__parameterized3_125
INFO: [VRFC 10-311] analyzing module Cordic_SinCos_c_addsub_v12_0_11_legacy__parameterized3_131
INFO: [VRFC 10-311] analyzing module Cordic_SinCos_c_addsub_v12_0_11_legacy__parameterized3_135
INFO: [VRFC 10-311] analyzing module Cordic_SinCos_c_addsub_v12_0_11_legacy__parameterized3_141
INFO: [VRFC 10-311] analyzing module Cordic_SinCos_c_addsub_v12_0_11_legacy__parameterized3_147
INFO: [VRFC 10-311] analyzing module Cordic_SinCos_c_addsub_v12_0_11_legacy__parameterized3_151
INFO: [VRFC 10-311] analyzing module Cordic_SinCos_c_addsub_v12_0_11_legacy__parameterized3_157
INFO: [VRFC 10-311] analyzing module Cordic_SinCos_c_addsub_v12_0_11_legacy__parameterized3_163
INFO: [VRFC 10-311] analyzing module Cordic_SinCos_c_addsub_v12_0_11_legacy__parameterized3_167
INFO: [VRFC 10-311] analyzing module Cordic_SinCos_c_addsub_v12_0_11_legacy__parameterized3_173
INFO: [VRFC 10-311] analyzing module Cordic_SinCos_c_addsub_v12_0_11_legacy__parameterized3_179
INFO: [VRFC 10-311] analyzing module Cordic_SinCos_c_addsub_v12_0_11_legacy__parameterized3_183
INFO: [VRFC 10-311] analyzing module Cordic_SinCos_c_addsub_v12_0_11_legacy__parameterized3_189
INFO: [VRFC 10-311] analyzing module Cordic_SinCos_c_addsub_v12_0_11_legacy__parameterized3_193
INFO: [VRFC 10-311] analyzing module Cordic_SinCos_c_addsub_v12_0_11_legacy__parameterized3_20
INFO: [VRFC 10-311] analyzing module Cordic_SinCos_c_addsub_v12_0_11_legacy__parameterized3_200
INFO: [VRFC 10-311] analyzing module Cordic_SinCos_c_addsub_v12_0_11_legacy__parameterized3_206
INFO: [VRFC 10-311] analyzing module Cordic_SinCos_c_addsub_v12_0_11_legacy__parameterized3_210
INFO: [VRFC 10-311] analyzing module Cordic_SinCos_c_addsub_v12_0_11_legacy__parameterized3_217
INFO: [VRFC 10-311] analyzing module Cordic_SinCos_c_addsub_v12_0_11_legacy__parameterized3_223
INFO: [VRFC 10-311] analyzing module Cordic_SinCos_c_addsub_v12_0_11_legacy__parameterized3_227
INFO: [VRFC 10-311] analyzing module Cordic_SinCos_c_addsub_v12_0_11_legacy__parameterized3_233
INFO: [VRFC 10-311] analyzing module Cordic_SinCos_c_addsub_v12_0_11_legacy__parameterized3_239
INFO: [VRFC 10-311] analyzing module Cordic_SinCos_c_addsub_v12_0_11_legacy__parameterized3_24
INFO: [VRFC 10-311] analyzing module Cordic_SinCos_c_addsub_v12_0_11_legacy__parameterized3_243
INFO: [VRFC 10-311] analyzing module Cordic_SinCos_c_addsub_v12_0_11_legacy__parameterized3_249
INFO: [VRFC 10-311] analyzing module Cordic_SinCos_c_addsub_v12_0_11_legacy__parameterized3_255
INFO: [VRFC 10-311] analyzing module Cordic_SinCos_c_addsub_v12_0_11_legacy__parameterized3_259
INFO: [VRFC 10-311] analyzing module Cordic_SinCos_c_addsub_v12_0_11_legacy__parameterized3_28
INFO: [VRFC 10-311] analyzing module Cordic_SinCos_c_addsub_v12_0_11_legacy__parameterized3_32
INFO: [VRFC 10-311] analyzing module Cordic_SinCos_c_addsub_v12_0_11_legacy__parameterized3_36
INFO: [VRFC 10-311] analyzing module Cordic_SinCos_c_addsub_v12_0_11_legacy__parameterized3_4
INFO: [VRFC 10-311] analyzing module Cordic_SinCos_c_addsub_v12_0_11_legacy__parameterized3_40
INFO: [VRFC 10-311] analyzing module Cordic_SinCos_c_addsub_v12_0_11_legacy__parameterized3_45
INFO: [VRFC 10-311] analyzing module Cordic_SinCos_c_addsub_v12_0_11_legacy__parameterized3_51
INFO: [VRFC 10-311] analyzing module Cordic_SinCos_c_addsub_v12_0_11_legacy__parameterized3_55
INFO: [VRFC 10-311] analyzing module Cordic_SinCos_c_addsub_v12_0_11_legacy__parameterized3_61
INFO: [VRFC 10-311] analyzing module Cordic_SinCos_c_addsub_v12_0_11_legacy__parameterized3_67
INFO: [VRFC 10-311] analyzing module Cordic_SinCos_c_addsub_v12_0_11_legacy__parameterized3_71
INFO: [VRFC 10-311] analyzing module Cordic_SinCos_c_addsub_v12_0_11_legacy__parameterized3_77
INFO: [VRFC 10-311] analyzing module Cordic_SinCos_c_addsub_v12_0_11_legacy__parameterized3_83
INFO: [VRFC 10-311] analyzing module Cordic_SinCos_c_addsub_v12_0_11_legacy__parameterized3_87
INFO: [VRFC 10-311] analyzing module Cordic_SinCos_c_addsub_v12_0_11_legacy__parameterized3_93
INFO: [VRFC 10-311] analyzing module Cordic_SinCos_c_addsub_v12_0_11_legacy__parameterized3_99
INFO: [VRFC 10-311] analyzing module Cordic_SinCos_c_addsub_v12_0_11_lut6_legacy
INFO: [VRFC 10-311] analyzing module Cordic_SinCos_c_addsub_v12_0_11_lut6_legacy__parameterized1
INFO: [VRFC 10-311] analyzing module Cordic_SinCos_c_addsub_v12_0_11_lut6_legacy__parameterized3
INFO: [VRFC 10-311] analyzing module Cordic_SinCos_c_addsub_v12_0_11_lut6_legacy__parameterized3_101
INFO: [VRFC 10-311] analyzing module Cordic_SinCos_c_addsub_v12_0_11_lut6_legacy__parameterized3_105
INFO: [VRFC 10-311] analyzing module Cordic_SinCos_c_addsub_v12_0_11_lut6_legacy__parameterized3_111
INFO: [VRFC 10-311] analyzing module Cordic_SinCos_c_addsub_v12_0_11_lut6_legacy__parameterized3_117
INFO: [VRFC 10-311] analyzing module Cordic_SinCos_c_addsub_v12_0_11_lut6_legacy__parameterized3_121
INFO: [VRFC 10-311] analyzing module Cordic_SinCos_c_addsub_v12_0_11_lut6_legacy__parameterized3_127
INFO: [VRFC 10-311] analyzing module Cordic_SinCos_c_addsub_v12_0_11_lut6_legacy__parameterized3_133
INFO: [VRFC 10-311] analyzing module Cordic_SinCos_c_addsub_v12_0_11_lut6_legacy__parameterized3_137
INFO: [VRFC 10-311] analyzing module Cordic_SinCos_c_addsub_v12_0_11_lut6_legacy__parameterized3_143
INFO: [VRFC 10-311] analyzing module Cordic_SinCos_c_addsub_v12_0_11_lut6_legacy__parameterized3_149
INFO: [VRFC 10-311] analyzing module Cordic_SinCos_c_addsub_v12_0_11_lut6_legacy__parameterized3_153
INFO: [VRFC 10-311] analyzing module Cordic_SinCos_c_addsub_v12_0_11_lut6_legacy__parameterized3_159
INFO: [VRFC 10-311] analyzing module Cordic_SinCos_c_addsub_v12_0_11_lut6_legacy__parameterized3_165
INFO: [VRFC 10-311] analyzing module Cordic_SinCos_c_addsub_v12_0_11_lut6_legacy__parameterized3_169
INFO: [VRFC 10-311] analyzing module Cordic_SinCos_c_addsub_v12_0_11_lut6_legacy__parameterized3_175
INFO: [VRFC 10-311] analyzing module Cordic_SinCos_c_addsub_v12_0_11_lut6_legacy__parameterized3_181
INFO: [VRFC 10-311] analyzing module Cordic_SinCos_c_addsub_v12_0_11_lut6_legacy__parameterized3_185
INFO: [VRFC 10-311] analyzing module Cordic_SinCos_c_addsub_v12_0_11_lut6_legacy__parameterized3_191
INFO: [VRFC 10-311] analyzing module Cordic_SinCos_c_addsub_v12_0_11_lut6_legacy__parameterized3_195
INFO: [VRFC 10-311] analyzing module Cordic_SinCos_c_addsub_v12_0_11_lut6_legacy__parameterized3_202
INFO: [VRFC 10-311] analyzing module Cordic_SinCos_c_addsub_v12_0_11_lut6_legacy__parameterized3_208
INFO: [VRFC 10-311] analyzing module Cordic_SinCos_c_addsub_v12_0_11_lut6_legacy__parameterized3_212
INFO: [VRFC 10-311] analyzing module Cordic_SinCos_c_addsub_v12_0_11_lut6_legacy__parameterized3_219
INFO: [VRFC 10-311] analyzing module Cordic_SinCos_c_addsub_v12_0_11_lut6_legacy__parameterized3_22
INFO: [VRFC 10-311] analyzing module Cordic_SinCos_c_addsub_v12_0_11_lut6_legacy__parameterized3_225
INFO: [VRFC 10-311] analyzing module Cordic_SinCos_c_addsub_v12_0_11_lut6_legacy__parameterized3_229
INFO: [VRFC 10-311] analyzing module Cordic_SinCos_c_addsub_v12_0_11_lut6_legacy__parameterized3_235
INFO: [VRFC 10-311] analyzing module Cordic_SinCos_c_addsub_v12_0_11_lut6_legacy__parameterized3_241
INFO: [VRFC 10-311] analyzing module Cordic_SinCos_c_addsub_v12_0_11_lut6_legacy__parameterized3_245
INFO: [VRFC 10-311] analyzing module Cordic_SinCos_c_addsub_v12_0_11_lut6_legacy__parameterized3_251
INFO: [VRFC 10-311] analyzing module Cordic_SinCos_c_addsub_v12_0_11_lut6_legacy__parameterized3_257
INFO: [VRFC 10-311] analyzing module Cordic_SinCos_c_addsub_v12_0_11_lut6_legacy__parameterized3_26
INFO: [VRFC 10-311] analyzing module Cordic_SinCos_c_addsub_v12_0_11_lut6_legacy__parameterized3_261
INFO: [VRFC 10-311] analyzing module Cordic_SinCos_c_addsub_v12_0_11_lut6_legacy__parameterized3_30
INFO: [VRFC 10-311] analyzing module Cordic_SinCos_c_addsub_v12_0_11_lut6_legacy__parameterized3_34
INFO: [VRFC 10-311] analyzing module Cordic_SinCos_c_addsub_v12_0_11_lut6_legacy__parameterized3_38
INFO: [VRFC 10-311] analyzing module Cordic_SinCos_c_addsub_v12_0_11_lut6_legacy__parameterized3_42
INFO: [VRFC 10-311] analyzing module Cordic_SinCos_c_addsub_v12_0_11_lut6_legacy__parameterized3_47
INFO: [VRFC 10-311] analyzing module Cordic_SinCos_c_addsub_v12_0_11_lut6_legacy__parameterized3_53
INFO: [VRFC 10-311] analyzing module Cordic_SinCos_c_addsub_v12_0_11_lut6_legacy__parameterized3_57
INFO: [VRFC 10-311] analyzing module Cordic_SinCos_c_addsub_v12_0_11_lut6_legacy__parameterized3_6
INFO: [VRFC 10-311] analyzing module Cordic_SinCos_c_addsub_v12_0_11_lut6_legacy__parameterized3_63
INFO: [VRFC 10-311] analyzing module Cordic_SinCos_c_addsub_v12_0_11_lut6_legacy__parameterized3_69
INFO: [VRFC 10-311] analyzing module Cordic_SinCos_c_addsub_v12_0_11_lut6_legacy__parameterized3_73
INFO: [VRFC 10-311] analyzing module Cordic_SinCos_c_addsub_v12_0_11_lut6_legacy__parameterized3_79
INFO: [VRFC 10-311] analyzing module Cordic_SinCos_c_addsub_v12_0_11_lut6_legacy__parameterized3_85
INFO: [VRFC 10-311] analyzing module Cordic_SinCos_c_addsub_v12_0_11_lut6_legacy__parameterized3_89
INFO: [VRFC 10-311] analyzing module Cordic_SinCos_c_addsub_v12_0_11_lut6_legacy__parameterized3_95
INFO: [VRFC 10-311] analyzing module Cordic_SinCos_c_addsub_v12_0_11_viv
INFO: [VRFC 10-311] analyzing module Cordic_SinCos_c_addsub_v12_0_11_viv__parameterized1
INFO: [VRFC 10-311] analyzing module Cordic_SinCos_c_addsub_v12_0_11_viv__parameterized3
INFO: [VRFC 10-311] analyzing module Cordic_SinCos_c_addsub_v12_0_11_viv__parameterized3__1
INFO: [VRFC 10-311] analyzing module Cordic_SinCos_c_addsub_v12_0_11_viv__parameterized3__10
INFO: [VRFC 10-311] analyzing module Cordic_SinCos_c_addsub_v12_0_11_viv__parameterized3__11
INFO: [VRFC 10-311] analyzing module Cordic_SinCos_c_addsub_v12_0_11_viv__parameterized3__12
INFO: [VRFC 10-311] analyzing module Cordic_SinCos_c_addsub_v12_0_11_viv__parameterized3__13
INFO: [VRFC 10-311] analyzing module Cordic_SinCos_c_addsub_v12_0_11_viv__parameterized3__14
INFO: [VRFC 10-311] analyzing module Cordic_SinCos_c_addsub_v12_0_11_viv__parameterized3__15
INFO: [VRFC 10-311] analyzing module Cordic_SinCos_c_addsub_v12_0_11_viv__parameterized3__16
INFO: [VRFC 10-311] analyzing module Cordic_SinCos_c_addsub_v12_0_11_viv__parameterized3__17
INFO: [VRFC 10-311] analyzing module Cordic_SinCos_c_addsub_v12_0_11_viv__parameterized3__18
INFO: [VRFC 10-311] analyzing module Cordic_SinCos_c_addsub_v12_0_11_viv__parameterized3__19
INFO: [VRFC 10-311] analyzing module Cordic_SinCos_c_addsub_v12_0_11_viv__parameterized3__2
INFO: [VRFC 10-311] analyzing module Cordic_SinCos_c_addsub_v12_0_11_viv__parameterized3__20
INFO: [VRFC 10-311] analyzing module Cordic_SinCos_c_addsub_v12_0_11_viv__parameterized3__21
INFO: [VRFC 10-311] analyzing module Cordic_SinCos_c_addsub_v12_0_11_viv__parameterized3__22
INFO: [VRFC 10-311] analyzing module Cordic_SinCos_c_addsub_v12_0_11_viv__parameterized3__23
INFO: [VRFC 10-311] analyzing module Cordic_SinCos_c_addsub_v12_0_11_viv__parameterized3__24
INFO: [VRFC 10-311] analyzing module Cordic_SinCos_c_addsub_v12_0_11_viv__parameterized3__25
INFO: [VRFC 10-311] analyzing module Cordic_SinCos_c_addsub_v12_0_11_viv__parameterized3__26
INFO: [VRFC 10-311] analyzing module Cordic_SinCos_c_addsub_v12_0_11_viv__parameterized3__27
INFO: [VRFC 10-311] analyzing module Cordic_SinCos_c_addsub_v12_0_11_viv__parameterized3__28
INFO: [VRFC 10-311] analyzing module Cordic_SinCos_c_addsub_v12_0_11_viv__parameterized3__29
INFO: [VRFC 10-311] analyzing module Cordic_SinCos_c_addsub_v12_0_11_viv__parameterized3__3
INFO: [VRFC 10-311] analyzing module Cordic_SinCos_c_addsub_v12_0_11_viv__parameterized3__30
INFO: [VRFC 10-311] analyzing module Cordic_SinCos_c_addsub_v12_0_11_viv__parameterized3__31
INFO: [VRFC 10-311] analyzing module Cordic_SinCos_c_addsub_v12_0_11_viv__parameterized3__32
INFO: [VRFC 10-311] analyzing module Cordic_SinCos_c_addsub_v12_0_11_viv__parameterized3__33
INFO: [VRFC 10-311] analyzing module Cordic_SinCos_c_addsub_v12_0_11_viv__parameterized3__34
INFO: [VRFC 10-311] analyzing module Cordic_SinCos_c_addsub_v12_0_11_viv__parameterized3__35
INFO: [VRFC 10-311] analyzing module Cordic_SinCos_c_addsub_v12_0_11_viv__parameterized3__36
INFO: [VRFC 10-311] analyzing module Cordic_SinCos_c_addsub_v12_0_11_viv__parameterized3__37
INFO: [VRFC 10-311] analyzing module Cordic_SinCos_c_addsub_v12_0_11_viv__parameterized3__38
INFO: [VRFC 10-311] analyzing module Cordic_SinCos_c_addsub_v12_0_11_viv__parameterized3__39
INFO: [VRFC 10-311] analyzing module Cordic_SinCos_c_addsub_v12_0_11_viv__parameterized3__4
INFO: [VRFC 10-311] analyzing module Cordic_SinCos_c_addsub_v12_0_11_viv__parameterized3__40
INFO: [VRFC 10-311] analyzing module Cordic_SinCos_c_addsub_v12_0_11_viv__parameterized3__41
INFO: [VRFC 10-311] analyzing module Cordic_SinCos_c_addsub_v12_0_11_viv__parameterized3__42
INFO: [VRFC 10-311] analyzing module Cordic_SinCos_c_addsub_v12_0_11_viv__parameterized3__43
INFO: [VRFC 10-311] analyzing module Cordic_SinCos_c_addsub_v12_0_11_viv__parameterized3__44
INFO: [VRFC 10-311] analyzing module Cordic_SinCos_c_addsub_v12_0_11_viv__parameterized3__45
INFO: [VRFC 10-311] analyzing module Cordic_SinCos_c_addsub_v12_0_11_viv__parameterized3__46
INFO: [VRFC 10-311] analyzing module Cordic_SinCos_c_addsub_v12_0_11_viv__parameterized3__47
INFO: [VRFC 10-311] analyzing module Cordic_SinCos_c_addsub_v12_0_11_viv__parameterized3__48
INFO: [VRFC 10-311] analyzing module Cordic_SinCos_c_addsub_v12_0_11_viv__parameterized3__49
INFO: [VRFC 10-311] analyzing module Cordic_SinCos_c_addsub_v12_0_11_viv__parameterized3__5
INFO: [VRFC 10-311] analyzing module Cordic_SinCos_c_addsub_v12_0_11_viv__parameterized3__6
INFO: [VRFC 10-311] analyzing module Cordic_SinCos_c_addsub_v12_0_11_viv__parameterized3__7
INFO: [VRFC 10-311] analyzing module Cordic_SinCos_c_addsub_v12_0_11_viv__parameterized3__8
INFO: [VRFC 10-311] analyzing module Cordic_SinCos_c_reg_fd_v12_0_4_viv
INFO: [VRFC 10-311] analyzing module Cordic_SinCos_c_reg_fd_v12_0_4_viv_19
INFO: [VRFC 10-311] analyzing module Cordic_SinCos_c_reg_fd_v12_0_4_viv__parameterized2
INFO: [VRFC 10-311] analyzing module Cordic_SinCos_c_reg_fd_v12_0_4_viv__parameterized2_102
INFO: [VRFC 10-311] analyzing module Cordic_SinCos_c_reg_fd_v12_0_4_viv__parameterized2_106
INFO: [VRFC 10-311] analyzing module Cordic_SinCos_c_reg_fd_v12_0_4_viv__parameterized2_112
INFO: [VRFC 10-311] analyzing module Cordic_SinCos_c_reg_fd_v12_0_4_viv__parameterized2_118
INFO: [VRFC 10-311] analyzing module Cordic_SinCos_c_reg_fd_v12_0_4_viv__parameterized2_122
INFO: [VRFC 10-311] analyzing module Cordic_SinCos_c_reg_fd_v12_0_4_viv__parameterized2_128
INFO: [VRFC 10-311] analyzing module Cordic_SinCos_c_reg_fd_v12_0_4_viv__parameterized2_134
INFO: [VRFC 10-311] analyzing module Cordic_SinCos_c_reg_fd_v12_0_4_viv__parameterized2_138
INFO: [VRFC 10-311] analyzing module Cordic_SinCos_c_reg_fd_v12_0_4_viv__parameterized2_144
INFO: [VRFC 10-311] analyzing module Cordic_SinCos_c_reg_fd_v12_0_4_viv__parameterized2_150
INFO: [VRFC 10-311] analyzing module Cordic_SinCos_c_reg_fd_v12_0_4_viv__parameterized2_154
INFO: [VRFC 10-311] analyzing module Cordic_SinCos_c_reg_fd_v12_0_4_viv__parameterized2_160
INFO: [VRFC 10-311] analyzing module Cordic_SinCos_c_reg_fd_v12_0_4_viv__parameterized2_166
INFO: [VRFC 10-311] analyzing module Cordic_SinCos_c_reg_fd_v12_0_4_viv__parameterized2_170
INFO: [VRFC 10-311] analyzing module Cordic_SinCos_c_reg_fd_v12_0_4_viv__parameterized2_176
INFO: [VRFC 10-311] analyzing module Cordic_SinCos_c_reg_fd_v12_0_4_viv__parameterized2_182
INFO: [VRFC 10-311] analyzing module Cordic_SinCos_c_reg_fd_v12_0_4_viv__parameterized2_186
INFO: [VRFC 10-311] analyzing module Cordic_SinCos_c_reg_fd_v12_0_4_viv__parameterized2_192
INFO: [VRFC 10-311] analyzing module Cordic_SinCos_c_reg_fd_v12_0_4_viv__parameterized2_196
INFO: [VRFC 10-311] analyzing module Cordic_SinCos_c_reg_fd_v12_0_4_viv__parameterized2_203
INFO: [VRFC 10-311] analyzing module Cordic_SinCos_c_reg_fd_v12_0_4_viv__parameterized2_209
INFO: [VRFC 10-311] analyzing module Cordic_SinCos_c_reg_fd_v12_0_4_viv__parameterized2_213
INFO: [VRFC 10-311] analyzing module Cordic_SinCos_c_reg_fd_v12_0_4_viv__parameterized2_220
INFO: [VRFC 10-311] analyzing module Cordic_SinCos_c_reg_fd_v12_0_4_viv__parameterized2_226
INFO: [VRFC 10-311] analyzing module Cordic_SinCos_c_reg_fd_v12_0_4_viv__parameterized2_23
INFO: [VRFC 10-311] analyzing module Cordic_SinCos_c_reg_fd_v12_0_4_viv__parameterized2_230
INFO: [VRFC 10-311] analyzing module Cordic_SinCos_c_reg_fd_v12_0_4_viv__parameterized2_236
INFO: [VRFC 10-311] analyzing module Cordic_SinCos_c_reg_fd_v12_0_4_viv__parameterized2_242
INFO: [VRFC 10-311] analyzing module Cordic_SinCos_c_reg_fd_v12_0_4_viv__parameterized2_246
INFO: [VRFC 10-311] analyzing module Cordic_SinCos_c_reg_fd_v12_0_4_viv__parameterized2_252
INFO: [VRFC 10-311] analyzing module Cordic_SinCos_c_reg_fd_v12_0_4_viv__parameterized2_258
INFO: [VRFC 10-311] analyzing module Cordic_SinCos_c_reg_fd_v12_0_4_viv__parameterized2_262
INFO: [VRFC 10-311] analyzing module Cordic_SinCos_c_reg_fd_v12_0_4_viv__parameterized2_27
INFO: [VRFC 10-311] analyzing module Cordic_SinCos_c_reg_fd_v12_0_4_viv__parameterized2_31
INFO: [VRFC 10-311] analyzing module Cordic_SinCos_c_reg_fd_v12_0_4_viv__parameterized2_35
INFO: [VRFC 10-311] analyzing module Cordic_SinCos_c_reg_fd_v12_0_4_viv__parameterized2_39
INFO: [VRFC 10-311] analyzing module Cordic_SinCos_c_reg_fd_v12_0_4_viv__parameterized2_43
INFO: [VRFC 10-311] analyzing module Cordic_SinCos_c_reg_fd_v12_0_4_viv__parameterized2_48
INFO: [VRFC 10-311] analyzing module Cordic_SinCos_c_reg_fd_v12_0_4_viv__parameterized2_54
INFO: [VRFC 10-311] analyzing module Cordic_SinCos_c_reg_fd_v12_0_4_viv__parameterized2_58
INFO: [VRFC 10-311] analyzing module Cordic_SinCos_c_reg_fd_v12_0_4_viv__parameterized2_64
INFO: [VRFC 10-311] analyzing module Cordic_SinCos_c_reg_fd_v12_0_4_viv__parameterized2_7
INFO: [VRFC 10-311] analyzing module Cordic_SinCos_c_reg_fd_v12_0_4_viv__parameterized2_70
INFO: [VRFC 10-311] analyzing module Cordic_SinCos_c_reg_fd_v12_0_4_viv__parameterized2_74
INFO: [VRFC 10-311] analyzing module Cordic_SinCos_c_reg_fd_v12_0_4_viv__parameterized2_80
INFO: [VRFC 10-311] analyzing module Cordic_SinCos_c_reg_fd_v12_0_4_viv__parameterized2_86
INFO: [VRFC 10-311] analyzing module Cordic_SinCos_c_reg_fd_v12_0_4_viv__parameterized2_90
INFO: [VRFC 10-311] analyzing module Cordic_SinCos_c_reg_fd_v12_0_4_viv__parameterized2_96
INFO: [VRFC 10-311] analyzing module Cordic_SinCos_cordic_ctrl_slice_par
INFO: [VRFC 10-311] analyzing module Cordic_SinCos_cordic_ctrl_slice_par_197
INFO: [VRFC 10-311] analyzing module Cordic_SinCos_cordic_dat_acc_slice_par
INFO: [VRFC 10-311] analyzing module Cordic_SinCos_cordic_dat_acc_slice_par__parameterized1
INFO: [VRFC 10-311] analyzing module Cordic_SinCos_cordic_dat_acc_slice_par__parameterized11
INFO: [VRFC 10-311] analyzing module Cordic_SinCos_cordic_dat_acc_slice_par__parameterized13
INFO: [VRFC 10-311] analyzing module Cordic_SinCos_cordic_dat_acc_slice_par__parameterized15
INFO: [VRFC 10-311] analyzing module Cordic_SinCos_cordic_dat_acc_slice_par__parameterized17
INFO: [VRFC 10-311] analyzing module Cordic_SinCos_cordic_dat_acc_slice_par__parameterized19
INFO: [VRFC 10-311] analyzing module Cordic_SinCos_cordic_dat_acc_slice_par__parameterized21
INFO: [VRFC 10-311] analyzing module Cordic_SinCos_cordic_dat_acc_slice_par__parameterized23
INFO: [VRFC 10-311] analyzing module Cordic_SinCos_cordic_dat_acc_slice_par__parameterized25
INFO: [VRFC 10-311] analyzing module Cordic_SinCos_cordic_dat_acc_slice_par__parameterized3
INFO: [VRFC 10-311] analyzing module Cordic_SinCos_cordic_dat_acc_slice_par__parameterized5
INFO: [VRFC 10-311] analyzing module Cordic_SinCos_cordic_dat_acc_slice_par__parameterized7
INFO: [VRFC 10-311] analyzing module Cordic_SinCos_cordic_dat_acc_slice_par__parameterized9
INFO: [VRFC 10-311] analyzing module Cordic_SinCos_cordic_eng
INFO: [VRFC 10-311] analyzing module Cordic_SinCos_cordic_eng_slice_par
INFO: [VRFC 10-311] analyzing module Cordic_SinCos_cordic_eng_slice_par__parameterized1
INFO: [VRFC 10-311] analyzing module Cordic_SinCos_cordic_eng_slice_par__parameterized11
INFO: [VRFC 10-311] analyzing module Cordic_SinCos_cordic_eng_slice_par__parameterized13
INFO: [VRFC 10-311] analyzing module Cordic_SinCos_cordic_eng_slice_par__parameterized15
INFO: [VRFC 10-311] analyzing module Cordic_SinCos_cordic_eng_slice_par__parameterized17
INFO: [VRFC 10-311] analyzing module Cordic_SinCos_cordic_eng_slice_par__parameterized19
INFO: [VRFC 10-311] analyzing module Cordic_SinCos_cordic_eng_slice_par__parameterized21
INFO: [VRFC 10-311] analyzing module Cordic_SinCos_cordic_eng_slice_par__parameterized23
INFO: [VRFC 10-311] analyzing module Cordic_SinCos_cordic_eng_slice_par__parameterized25
INFO: [VRFC 10-311] analyzing module Cordic_SinCos_cordic_eng_slice_par__parameterized3
INFO: [VRFC 10-311] analyzing module Cordic_SinCos_cordic_eng_slice_par__parameterized5
INFO: [VRFC 10-311] analyzing module Cordic_SinCos_cordic_eng_slice_par__parameterized7
INFO: [VRFC 10-311] analyzing module Cordic_SinCos_cordic_eng_slice_par__parameterized9
INFO: [VRFC 10-311] analyzing module Cordic_SinCos_cordic_inp_config
INFO: [VRFC 10-311] analyzing module Cordic_SinCos_cordic_out_config
INFO: [VRFC 10-311] analyzing module Cordic_SinCos_cordic_pha_acc_slice_par
INFO: [VRFC 10-311] analyzing module Cordic_SinCos_cordic_pha_acc_slice_par_107
INFO: [VRFC 10-311] analyzing module Cordic_SinCos_cordic_pha_acc_slice_par_123
INFO: [VRFC 10-311] analyzing module Cordic_SinCos_cordic_pha_acc_slice_par_139
INFO: [VRFC 10-311] analyzing module Cordic_SinCos_cordic_pha_acc_slice_par_155
INFO: [VRFC 10-311] analyzing module Cordic_SinCos_cordic_pha_acc_slice_par_171
INFO: [VRFC 10-311] analyzing module Cordic_SinCos_cordic_pha_acc_slice_par_198
INFO: [VRFC 10-311] analyzing module Cordic_SinCos_cordic_pha_acc_slice_par_215
INFO: [VRFC 10-311] analyzing module Cordic_SinCos_cordic_pha_acc_slice_par_231
INFO: [VRFC 10-311] analyzing module Cordic_SinCos_cordic_pha_acc_slice_par_247
INFO: [VRFC 10-311] analyzing module Cordic_SinCos_cordic_pha_acc_slice_par_59
INFO: [VRFC 10-311] analyzing module Cordic_SinCos_cordic_pha_acc_slice_par_75
INFO: [VRFC 10-311] analyzing module Cordic_SinCos_cordic_pha_acc_slice_par_91
INFO: [VRFC 10-311] analyzing module Cordic_SinCos_cordic_round
INFO: [VRFC 10-311] analyzing module Cordic_SinCos_cordic_round_2
INFO: [VRFC 10-311] analyzing module Cordic_SinCos_cordic_v6_0_13_synth
INFO: [VRFC 10-311] analyzing module Cordic_SinCos_cordic_v6_0_13_viv
INFO: [VRFC 10-311] analyzing module Cordic_SinCos_delay
INFO: [VRFC 10-311] analyzing module Cordic_SinCos_delay_1
INFO: [VRFC 10-311] analyzing module Cordic_SinCos_delay_13
INFO: [VRFC 10-311] analyzing module Cordic_SinCos_delay_14
INFO: [VRFC 10-311] analyzing module Cordic_SinCos_delay_15
INFO: [VRFC 10-311] analyzing module Cordic_SinCos_delay_16
INFO: [VRFC 10-311] analyzing module Cordic_SinCos_delay__parameterized4
INFO: [VRFC 10-311] analyzing module Cordic_SinCos_delay__parameterized4_214
INFO: [VRFC 10-311] analyzing module Cordic_SinCos_delay__parameterized8
INFO: [VRFC 10-311] analyzing module Cordic_SinCos_delay__parameterized8_3
INFO: [VRFC 10-311] analyzing module Cordic_SinCos_delay_bit
INFO: [VRFC 10-311] analyzing module Cordic_SinCos_delay_bit_8
INFO: [VRFC 10-311] analyzing module Cordic_SinCos_delay_bit__parameterized1
INFO: [VRFC 10-311] analyzing module Cordic_SinCos_xbip_pipe_v3_0_4_viv
INFO: [VRFC 10-311] analyzing module glbl
"xvhdl --incr --relax -prj uyg112_vhdl.prj"
INFO: [VRFC 10-163] Analyzing VHDL file "E:/bildiri ve makaleler/kitap/fpga/uygulamalar/prj_bolum11_uyg2/prj_bolum11_uyg2.srcs/sources_1/new/uyg112.vhd" into library xil_defaultlib
INFO: [VRFC 10-307] analyzing entity uyg112
run_program: Time (s): cpu = 00:00:07 ; elapsed = 00:01:18 . Memory (MB): peak = 796.824 ; gain = 2.969
INFO: [USF-XSim-69] 'compile' step finished in '77' seconds
INFO: [USF-XSim-3] XSim::Elaborate design
INFO: [USF-XSim-61] Executing 'ELABORATE' step in 'E:/bildiri ve makaleler/kitap/fpga/uygulamalar/prj_bolum11_uyg2/prj_bolum11_uyg2.sim/sim_1/behav/xsim'
Vivado Simulator 2017.4
Copyright 1986-1999, 2001-2016 Xilinx, Inc. All Rights Reserved.
Running: C:/Xilinx/Vivado/2017.4/bin/unwrapped/win64.o/xelab.exe -wto efac4a7bc3b74b6c8352961903307cd0 --incr --debug typical --relax --mt 2 -L xil_defaultlib -L unisims_ver -L unimacro_ver -L secureip -L xpm --snapshot uyg112_behav xil_defaultlib.uyg112 xil_defaultlib.glbl -log elaborate.log 
Using 2 slave threads.
Starting static elaboration
Completed static elaboration
Starting simulation data flow analysis
Completed simulation data flow analysis
Time Resolution for simulation is 1ps
Compiling package std.standard
Compiling package std.textio
Compiling package ieee.std_logic_1164
Compiling package ieee.numeric_std
Compiling package cordic_v6_0_13.cordic_v6_0_13_viv_comp
Compiling package xbip_utils_v3_0_8.xbip_utils_v3_0_8_pkg
Compiling package xbip_pipe_v3_0_4.xbip_pipe_v3_0_4_viv_comp
Compiling package axi_utils_v2_0_4.axi_utils_v2_0_4_pkg
Compiling package ieee.math_real
Compiling package axi_utils_v2_0_4.global_util_pkg
Compiling package axi_utils_v2_0_4.axi_utils_comps
Compiling package mult_gen_v12_0_13.mult_gen_v12_0_13_pkg
Compiling package ieee.std_logic_arith
Compiling package ieee.std_logic_signed
Compiling package cordic_v6_0_13.cordic_pack
Compiling package cordic_v6_0_13.cordic_hdl_comps
Compiling package c_addsub_v12_0_11.c_addsub_v12_0_11_viv_comp
Compiling package xbip_addsub_v3_0_4.xbip_addsub_v3_0_4_viv_comp
Compiling package c_addsub_v12_0_11.c_addsub_v12_0_11_pkg
Compiling package c_addsub_v12_0_11.c_addsub_v12_0_11_pkg_legacy
Compiling package c_reg_fd_v12_0_4.c_reg_fd_v12_0_4_viv_comp
Compiling package unisim.vcomponents
Compiling module xil_defaultlib.glbl
Compiling architecture synth of entity xbip_pipe_v3_0_4.xbip_pipe_v3_0_4_viv [\xbip_pipe_v3_0_4_viv(c_latency=...]
Compiling architecture struct_all of entity cordic_v6_0_13.delay [\delay(delay_len=0,family="artix...]
Compiling architecture synth of entity cordic_v6_0_13.cordic_inp_config [\cordic_inp_config(p_xdevicefami...]
Compiling architecture structural of entity c_reg_fd_v12_0_4.c_reg_fd_v12_0_4_viv [\c_reg_fd_v12_0_4_viv(c_width=21...]
Compiling architecture muxcy_v of entity unisim.MUXCY [muxcy_default]
Compiling architecture xorcy_v of entity unisim.XORCY [xorcy_default]
Compiling architecture rtl of entity c_addsub_v12_0_11.c_addsub_v12_0_11_lut6_legacy [\c_addsub_v12_0_11_lut6_legacy(c...]
Compiling architecture synth of entity c_addsub_v12_0_11.c_addsub_v12_0_11_fabric_legacy [\c_addsub_v12_0_11_fabric_legacy...]
Compiling architecture synth of entity c_addsub_v12_0_11.c_addsub_v12_0_11_legacy [\c_addsub_v12_0_11_legacy(c_fami...]
Compiling architecture synth of entity c_addsub_v12_0_11.c_addsub_v12_0_11_viv [\c_addsub_v12_0_11_viv(c_xdevice...]
Compiling architecture synth of entity cordic_v6_0_13.addsub [\addsub(family="artix7",add_mode...]
Compiling architecture synth of entity cordic_v6_0_13.cordic_dat_acc_slice_par [\cordic_dat_acc_slice_par(p_xdev...]
Compiling architecture synth of entity cordic_v6_0_13.cordic_pha_acc_slice_par [\cordic_pha_acc_slice_par(p_xdev...]
Compiling architecture struct_all of entity cordic_v6_0_13.delay [\delay(delay_len=1,family="artix...]
Compiling architecture struct_all of entity cordic_v6_0_13.delay_bit [\delay_bit(delay_len=1,family="a...]
Compiling architecture synth of entity cordic_v6_0_13.cordic_ctrl_slice_par [\cordic_ctrl_slice_par(p_xdevice...]
Compiling architecture synth of entity cordic_v6_0_13.cordic_eng_slice_par [\cordic_eng_slice_par(p_xdevicef...]
Compiling architecture synth of entity cordic_v6_0_13.cordic_dat_acc_slice_par [\cordic_dat_acc_slice_par(p_xdev...]
Compiling architecture synth of entity cordic_v6_0_13.cordic_eng_slice_par [\cordic_eng_slice_par(p_xdevicef...]
Compiling architecture synth of entity cordic_v6_0_13.cordic_dat_acc_slice_par [\cordic_dat_acc_slice_par(p_xdev...]
Compiling architecture synth of entity cordic_v6_0_13.cordic_eng_slice_par [\cordic_eng_slice_par(p_xdevicef...]
Compiling architecture synth of entity cordic_v6_0_13.cordic_dat_acc_slice_par [\cordic_dat_acc_slice_par(p_xdev...]
Compiling architecture synth of entity cordic_v6_0_13.cordic_eng_slice_par [\cordic_eng_slice_par(p_xdevicef...]
Compiling architecture synth of entity cordic_v6_0_13.cordic_dat_acc_slice_par [\cordic_dat_acc_slice_par(p_xdev...]
Compiling architecture synth of entity cordic_v6_0_13.cordic_eng_slice_par [\cordic_eng_slice_par(p_xdevicef...]
Compiling architecture synth of entity cordic_v6_0_13.cordic_dat_acc_slice_par [\cordic_dat_acc_slice_par(p_xdev...]
Compiling architecture synth of entity cordic_v6_0_13.cordic_eng_slice_par [\cordic_eng_slice_par(p_xdevicef...]
Compiling architecture synth of entity cordic_v6_0_13.cordic_dat_acc_slice_par [\cordic_dat_acc_slice_par(p_xdev...]
Compiling architecture synth of entity cordic_v6_0_13.cordic_eng_slice_par [\cordic_eng_slice_par(p_xdevicef...]
Compiling architecture synth of entity cordic_v6_0_13.cordic_dat_acc_slice_par [\cordic_dat_acc_slice_par(p_xdev...]
Compiling architecture synth of entity cordic_v6_0_13.cordic_eng_slice_par [\cordic_eng_slice_par(p_xdevicef...]
Compiling architecture synth of entity cordic_v6_0_13.cordic_dat_acc_slice_par [\cordic_dat_acc_slice_par(p_xdev...]
Compiling architecture synth of entity cordic_v6_0_13.cordic_eng_slice_par [\cordic_eng_slice_par(p_xdevicef...]
Compiling architecture synth of entity cordic_v6_0_13.cordic_dat_acc_slice_par [\cordic_dat_acc_slice_par(p_xdev...]
Compiling architecture synth of entity cordic_v6_0_13.cordic_eng_slice_par [\cordic_eng_slice_par(p_xdevicef...]
Compiling architecture synth of entity cordic_v6_0_13.cordic_dat_acc_slice_par [\cordic_dat_acc_slice_par(p_xdev...]
Compiling architecture synth of entity cordic_v6_0_13.cordic_eng_slice_par [\cordic_eng_slice_par(p_xdevicef...]
Compiling architecture synth of entity cordic_v6_0_13.cordic_dat_acc_slice_par [\cordic_dat_acc_slice_par(p_xdev...]
Compiling architecture synth of entity cordic_v6_0_13.cordic_eng_slice_par [\cordic_eng_slice_par(p_xdevicef...]
Compiling architecture synth of entity cordic_v6_0_13.cordic_dat_acc_slice_par [\cordic_dat_acc_slice_par(p_xdev...]
Compiling architecture synth of entity cordic_v6_0_13.cordic_eng_slice_par [\cordic_eng_slice_par(p_xdevicef...]
Compiling architecture synth of entity cordic_v6_0_13.cordic_dat_acc_slice_par [\cordic_dat_acc_slice_par(p_xdev...]
Compiling architecture synth of entity cordic_v6_0_13.cordic_eng_slice_par [\cordic_eng_slice_par(p_xdevicef...]
Compiling architecture synth of entity cordic_v6_0_13.cordic_dat_acc_slice_par [\cordic_dat_acc_slice_par(p_xdev...]
Compiling architecture synth of entity cordic_v6_0_13.cordic_eng_slice_par [\cordic_eng_slice_par(p_xdevicef...]
Compiling architecture synth of entity cordic_v6_0_13.cordic_dat_acc_slice_par [\cordic_dat_acc_slice_par(p_xdev...]
Compiling architecture synth of entity cordic_v6_0_13.cordic_eng_slice_par [\cordic_eng_slice_par(p_xdevicef...]
Compiling architecture synth of entity cordic_v6_0_13.cordic_eng [\cordic_eng(p_xdevicefamily="art...]
Compiling architecture struct_all of entity cordic_v6_0_13.delay [\delay(delay_len=1,family="artix...]
Compiling architecture synth of entity cordic_v6_0_13.cordic_round [\cordic_round(p_xdevicefamily="a...]
Compiling architecture struct_all of entity cordic_v6_0_13.delay_bit [\delay_bit(delay_len=0,family="a...]
Compiling architecture synth of entity cordic_v6_0_13.cordic_out_config [\cordic_out_config(p_xdevicefami...]
Compiling architecture synth of entity cordic_v6_0_13.cordic_v6_0_13_synth [\cordic_v6_0_13_synth(c_architec...]
Compiling architecture synth of entity cordic_v6_0_13.cordic_v6_0_13_viv [\cordic_v6_0_13_viv(c_architectu...]
Compiling architecture xilinx of entity cordic_v6_0_13.cordic_v6_0_13 [\cordic_v6_0_13(c_architecture=2...]
Compiling architecture cordic_sincos_arch of entity xil_defaultlib.cordic_SinCos [cordic_sincos_default]
Compiling architecture behavioral of entity xil_defaultlib.uyg112
Built simulation snapshot uyg112_behav
run_program: Time (s): cpu = 00:00:02 ; elapsed = 00:00:49 . Memory (MB): peak = 796.824 ; gain = 0.000
INFO: [USF-XSim-69] 'elaborate' step finished in '49' seconds
INFO: [USF-XSim-4] XSim::Simulate design
INFO: [USF-XSim-61] Executing 'SIMULATE' step in 'E:/bildiri ve makaleler/kitap/fpga/uygulamalar/prj_bolum11_uyg2/prj_bolum11_uyg2.sim/sim_1/behav/xsim'
INFO: [USF-XSim-98] *** Running xsim
   with args "uyg112_behav -key {Behavioral:sim_1:Functional:uyg112} -tclbatch {uyg112.tcl} -log {simulate.log}"
INFO: [USF-XSim-8] Loading simulator feature
Vivado Simulator 2017.4
Time resolution is 1 ps
source uyg112.tcl
# set curr_wave [current_wave_config]
# if { [string length $curr_wave] == 0 } {
#   if { [llength [get_objects]] > 0} {
#     add_wave /
#     set_property needs_save false [current_wave_config]
#   } else {
#      send_msg_id Add_Wave-1 WARNING "No top level signals found. Simulator will start without a wave window. If you want to open a wave window go to 'File->New Waveform Configuration' or type 'create_wave_config' in the TCL console."
#   }
# }
# run 1000ns
xsim: Time (s): cpu = 00:00:16 ; elapsed = 00:00:15 . Memory (MB): peak = 810.641 ; gain = 13.816
INFO: [USF-XSim-96] XSim completed. Design snapshot 'uyg112_behav' loaded.
INFO: [USF-XSim-97] XSim simulation ran for 1000ns
launch_simulation: Time (s): cpu = 00:00:31 ; elapsed = 00:02:30 . Memory (MB): peak = 810.641 ; gain = 16.785
add_force {/uyg112/clk} -radix hex {0 0ns} {1 50000ps} -repeat_every 100000ps
add_force {/uyg112/cor_value_in} -radix bin {1101011001000000 0ns}
run 500 ns
run 500 ns
run 500 ns
run 500 ns
close_sim
INFO: [Simtcl 6-16] Simulation closed
export_ip_user_files -of_objects  [get_files {{e:/bildiri ve makaleler/kitap/fpga/uygulamalar/prj_bolum11_uyg2/prj_bolum11_uyg2.srcs/sources_1/ip/Cordic_SinCos/Cordic_SinCos.xci}}] -no_script -reset -force -quiet
remove_files  -fileset Cordic_SinCos {{e:/bildiri ve makaleler/kitap/fpga/uygulamalar/prj_bolum11_uyg2/prj_bolum11_uyg2.srcs/sources_1/ip/Cordic_SinCos/Cordic_SinCos.xci}}
INFO: [Project 1-386] Moving file 'e:/bildiri ve makaleler/kitap/fpga/uygulamalar/prj_bolum11_uyg2/prj_bolum11_uyg2.srcs/sources_1/ip/Cordic_SinCos/Cordic_SinCos.xci' from fileset 'Cordic_SinCos' to fileset 'sources_1'.
remove_files: Time (s): cpu = 00:00:06 ; elapsed = 00:00:07 . Memory (MB): peak = 835.523 ; gain = 0.000
file delete -force {e:/bildiri ve makaleler/kitap/fpga/uygulamalar/prj_bolum11_uyg2/prj_bolum11_uyg2.srcs/sources_1/ip/Cordic_SinCos}
update_compile_order -fileset sources_1
launch_simulation
INFO: [Vivado 12-5698] Checking validity of IPs in the design for the 'XSim' simulator...
INFO: [Vivado 12-5682] Launching behavioral simulation in 'E:/bildiri ve makaleler/kitap/fpga/uygulamalar/prj_bolum11_uyg2/prj_bolum11_uyg2.sim/sim_1/behav/xsim'
INFO: [Vivado 12-4795] Using compiled simulation libraries for IPs
INFO: [SIM-utils-51] Simulation object is 'sim_1'
INFO: [USF-XSim-7] Finding pre-compiled libraries...
INFO: [USF-XSim-11] File 'C:/Xilinx/Vivado/2017.4/data/xsim/ip/xsim_ip.ini' copied to run dir:'E:/bildiri ve makaleler/kitap/fpga/uygulamalar/prj_bolum11_uyg2/prj_bolum11_uyg2.sim/sim_1/behav/xsim'
INFO: [SIM-utils-54] Inspecting design source files for 'uyg112' in fileset 'sim_1'...
INFO: [USF-XSim-97] Finding global include files...
INFO: [USF-XSim-98] Fetching design files from 'sim_1'...
INFO: [USF-XSim-2] XSim::Compile design
INFO: [USF-XSim-61] Executing 'COMPILE and ANALYZE' step in 'E:/bildiri ve makaleler/kitap/fpga/uygulamalar/prj_bolum11_uyg2/prj_bolum11_uyg2.sim/sim_1/behav/xsim'
"xvhdl --incr --relax -prj uyg112_vhdl.prj"
INFO: [VRFC 10-163] Analyzing VHDL file "E:/bildiri ve makaleler/kitap/fpga/uygulamalar/prj_bolum11_uyg2/prj_bolum11_uyg2.srcs/sources_1/new/uyg112.vhd" into library xil_defaultlib
INFO: [VRFC 10-307] analyzing entity uyg112
run_program: Time (s): cpu = 00:00:01 ; elapsed = 00:00:05 . Memory (MB): peak = 835.523 ; gain = 0.000
INFO: [USF-XSim-69] 'compile' step finished in '6' seconds
INFO: [USF-XSim-3] XSim::Elaborate design
INFO: [USF-XSim-61] Executing 'ELABORATE' step in 'E:/bildiri ve makaleler/kitap/fpga/uygulamalar/prj_bolum11_uyg2/prj_bolum11_uyg2.sim/sim_1/behav/xsim'
Vivado Simulator 2017.4
Copyright 1986-1999, 2001-2016 Xilinx, Inc. All Rights Reserved.
Running: C:/Xilinx/Vivado/2017.4/bin/unwrapped/win64.o/xelab.exe -wto efac4a7bc3b74b6c8352961903307cd0 --incr --debug typical --relax --mt 2 -L xbip_utils_v3_0_8 -L c_reg_fd_v12_0_4 -L xbip_dsp48_wrapper_v3_0_4 -L xbip_pipe_v3_0_4 -L xbip_dsp48_addsub_v3_0_4 -L xbip_addsub_v3_0_4 -L c_addsub_v12_0_11 -L xbip_bram18k_v3_0_4 -L mult_gen_v12_0_13 -L axi_utils_v2_0_4 -L cordic_v6_0_13 -L xil_defaultlib -L secureip -L xpm --snapshot uyg112_behav xil_defaultlib.uyg112 -log elaborate.log 
Using 2 slave threads.
Starting static elaboration
Completed static elaboration
Starting simulation data flow analysis
Completed simulation data flow analysis
Time Resolution for simulation is 1ps
Compiling package std.standard
Compiling package std.textio
Compiling package ieee.std_logic_1164
Compiling package ieee.numeric_std
Compiling package cordic_v6_0_13.cordic_v6_0_13_viv_comp
Compiling package xbip_utils_v3_0_8.xbip_utils_v3_0_8_pkg
Compiling package xbip_pipe_v3_0_4.xbip_pipe_v3_0_4_viv_comp
Compiling package axi_utils_v2_0_4.axi_utils_v2_0_4_pkg
Compiling package ieee.math_real
Compiling package axi_utils_v2_0_4.global_util_pkg
Compiling package axi_utils_v2_0_4.axi_utils_comps
Compiling package mult_gen_v12_0_13.mult_gen_v12_0_13_pkg
Compiling package ieee.std_logic_arith
Compiling package ieee.std_logic_signed
Compiling package cordic_v6_0_13.cordic_pack
Compiling package cordic_v6_0_13.cordic_hdl_comps
Compiling package c_addsub_v12_0_11.c_addsub_v12_0_11_viv_comp
Compiling package xbip_addsub_v3_0_4.xbip_addsub_v3_0_4_viv_comp
Compiling package c_addsub_v12_0_11.c_addsub_v12_0_11_pkg
Compiling package c_addsub_v12_0_11.c_addsub_v12_0_11_pkg_legacy
Compiling package c_reg_fd_v12_0_4.c_reg_fd_v12_0_4_viv_comp
Compiling package unisim.vcomponents
Compiling architecture synth of entity xbip_pipe_v3_0_4.xbip_pipe_v3_0_4_viv [\xbip_pipe_v3_0_4_viv(c_latency=...]
Compiling architecture structural of entity c_reg_fd_v12_0_4.c_reg_fd_v12_0_4_viv [\c_reg_fd_v12_0_4_viv(c_width=21...]
Compiling architecture muxcy_v of entity unisim.MUXCY [muxcy_default]
Compiling architecture xorcy_v of entity unisim.XORCY [xorcy_default]
Compiling architecture rtl of entity c_addsub_v12_0_11.c_addsub_v12_0_11_lut6_legacy [\c_addsub_v12_0_11_lut6_legacy(c...]
Compiling architecture synth of entity c_addsub_v12_0_11.c_addsub_v12_0_11_fabric_legacy [\c_addsub_v12_0_11_fabric_legacy...]
Compiling architecture synth of entity c_addsub_v12_0_11.c_addsub_v12_0_11_legacy [\c_addsub_v12_0_11_legacy(c_fami...]
Compiling architecture synth of entity c_addsub_v12_0_11.c_addsub_v12_0_11_viv [\c_addsub_v12_0_11_viv(c_xdevice...]
Compiling architecture synth of entity cordic_v6_0_13.addsub [\addsub(family="artix7",add_mode...]
Compiling architecture struct_all of entity cordic_v6_0_13.delay [\delay(delay_len=1,family="artix...]
Compiling architecture struct_all of entity cordic_v6_0_13.delay [\delay(delay_len=1,family="artix...]
Compiling architecture struct_all of entity cordic_v6_0_13.delay_bit [\delay_bit(delay_len=2,family="a...]
Compiling architecture synth of entity cordic_v6_0_13.cordic_inp_config [\cordic_inp_config(p_xdevicefami...]
Compiling architecture synth of entity cordic_v6_0_13.cordic_dat_acc_slice_par [\cordic_dat_acc_slice_par(p_xdev...]
Compiling architecture synth of entity cordic_v6_0_13.cordic_pha_acc_slice_par [\cordic_pha_acc_slice_par(p_xdev...]
Compiling architecture struct_all of entity cordic_v6_0_13.delay [\delay(delay_len=1,family="artix...]
Compiling architecture struct_all of entity cordic_v6_0_13.delay_bit [\delay_bit(delay_len=1,family="a...]
Compiling architecture synth of entity cordic_v6_0_13.cordic_ctrl_slice_par [\cordic_ctrl_slice_par(p_xdevice...]
Compiling architecture synth of entity cordic_v6_0_13.cordic_eng_slice_par [\cordic_eng_slice_par(p_xdevicef...]
Compiling architecture synth of entity cordic_v6_0_13.cordic_dat_acc_slice_par [\cordic_dat_acc_slice_par(p_xdev...]
Compiling architecture synth of entity cordic_v6_0_13.cordic_eng_slice_par [\cordic_eng_slice_par(p_xdevicef...]
Compiling architecture synth of entity cordic_v6_0_13.cordic_dat_acc_slice_par [\cordic_dat_acc_slice_par(p_xdev...]
Compiling architecture synth of entity cordic_v6_0_13.cordic_eng_slice_par [\cordic_eng_slice_par(p_xdevicef...]
Compiling architecture synth of entity cordic_v6_0_13.cordic_dat_acc_slice_par [\cordic_dat_acc_slice_par(p_xdev...]
Compiling architecture synth of entity cordic_v6_0_13.cordic_eng_slice_par [\cordic_eng_slice_par(p_xdevicef...]
Compiling architecture synth of entity cordic_v6_0_13.cordic_dat_acc_slice_par [\cordic_dat_acc_slice_par(p_xdev...]
Compiling architecture synth of entity cordic_v6_0_13.cordic_eng_slice_par [\cordic_eng_slice_par(p_xdevicef...]
Compiling architecture synth of entity cordic_v6_0_13.cordic_dat_acc_slice_par [\cordic_dat_acc_slice_par(p_xdev...]
Compiling architecture synth of entity cordic_v6_0_13.cordic_eng_slice_par [\cordic_eng_slice_par(p_xdevicef...]
Compiling architecture synth of entity cordic_v6_0_13.cordic_dat_acc_slice_par [\cordic_dat_acc_slice_par(p_xdev...]
Compiling architecture synth of entity cordic_v6_0_13.cordic_eng_slice_par [\cordic_eng_slice_par(p_xdevicef...]
Compiling architecture synth of entity cordic_v6_0_13.cordic_dat_acc_slice_par [\cordic_dat_acc_slice_par(p_xdev...]
Compiling architecture synth of entity cordic_v6_0_13.cordic_eng_slice_par [\cordic_eng_slice_par(p_xdevicef...]
Compiling architecture synth of entity cordic_v6_0_13.cordic_dat_acc_slice_par [\cordic_dat_acc_slice_par(p_xdev...]
Compiling architecture synth of entity cordic_v6_0_13.cordic_eng_slice_par [\cordic_eng_slice_par(p_xdevicef...]
Compiling architecture synth of entity cordic_v6_0_13.cordic_dat_acc_slice_par [\cordic_dat_acc_slice_par(p_xdev...]
Compiling architecture synth of entity cordic_v6_0_13.cordic_eng_slice_par [\cordic_eng_slice_par(p_xdevicef...]
Compiling architecture synth of entity cordic_v6_0_13.cordic_dat_acc_slice_par [\cordic_dat_acc_slice_par(p_xdev...]
Compiling architecture synth of entity cordic_v6_0_13.cordic_eng_slice_par [\cordic_eng_slice_par(p_xdevicef...]
Compiling architecture synth of entity cordic_v6_0_13.cordic_dat_acc_slice_par [\cordic_dat_acc_slice_par(p_xdev...]
Compiling architecture synth of entity cordic_v6_0_13.cordic_eng_slice_par [\cordic_eng_slice_par(p_xdevicef...]
Compiling architecture synth of entity cordic_v6_0_13.cordic_dat_acc_slice_par [\cordic_dat_acc_slice_par(p_xdev...]
Compiling architecture synth of entity cordic_v6_0_13.cordic_eng_slice_par [\cordic_eng_slice_par(p_xdevicef...]
Compiling architecture synth of entity cordic_v6_0_13.cordic_dat_acc_slice_par [\cordic_dat_acc_slice_par(p_xdev...]
Compiling architecture synth of entity cordic_v6_0_13.cordic_eng_slice_par [\cordic_eng_slice_par(p_xdevicef...]
Compiling architecture synth of entity cordic_v6_0_13.cordic_eng [\cordic_eng(p_xdevicefamily="art...]
Compiling architecture struct_all of entity cordic_v6_0_13.delay [\delay(delay_len=0,family="artix...]
Compiling architecture struct_all of entity cordic_v6_0_13.delay [\delay(delay_len=1,family="artix...]
Compiling architecture synth of entity cordic_v6_0_13.cordic_round [\cordic_round(p_xdevicefamily="a...]
Compiling architecture struct_all of entity cordic_v6_0_13.delay_bit [\delay_bit(delay_len=0,family="a...]
Compiling architecture synth of entity cordic_v6_0_13.cordic_out_config [\cordic_out_config(p_xdevicefami...]
Compiling architecture synth of entity cordic_v6_0_13.cordic_v6_0_13_synth [\cordic_v6_0_13_synth(c_architec...]
Compiling architecture synth of entity cordic_v6_0_13.cordic_v6_0_13_viv [\cordic_v6_0_13_viv(c_architectu...]
Compiling architecture xilinx of entity cordic_v6_0_13.cordic_v6_0_13 [\cordic_v6_0_13(c_architecture=2...]
Compiling architecture cordic_0_arch of entity xil_defaultlib.cordic_0 [cordic_0_default]
Compiling architecture behavioral of entity xil_defaultlib.uyg112
Built simulation snapshot uyg112_behav
run_program: Time (s): cpu = 00:00:02 ; elapsed = 00:00:34 . Memory (MB): peak = 835.523 ; gain = 0.000
INFO: [USF-XSim-69] 'elaborate' step finished in '34' seconds
INFO: [USF-XSim-4] XSim::Simulate design
INFO: [USF-XSim-61] Executing 'SIMULATE' step in 'E:/bildiri ve makaleler/kitap/fpga/uygulamalar/prj_bolum11_uyg2/prj_bolum11_uyg2.sim/sim_1/behav/xsim'
INFO: [USF-XSim-98] *** Running xsim
   with args "uyg112_behav -key {Behavioral:sim_1:Functional:uyg112} -tclbatch {uyg112.tcl} -log {simulate.log}"
INFO: [USF-XSim-8] Loading simulator feature
Vivado Simulator 2017.4
Time resolution is 1 ps
source uyg112.tcl
# set curr_wave [current_wave_config]
# if { [string length $curr_wave] == 0 } {
#   if { [llength [get_objects]] > 0} {
#     add_wave /
#     set_property needs_save false [current_wave_config]
#   } else {
#      send_msg_id Add_Wave-1 WARNING "No top level signals found. Simulator will start without a wave window. If you want to open a wave window go to 'File->New Waveform Configuration' or type 'create_wave_config' in the TCL console."
#   }
# }
# run 1000ns
xsim: Time (s): cpu = 00:00:11 ; elapsed = 00:00:06 . Memory (MB): peak = 835.523 ; gain = 0.000
INFO: [USF-XSim-96] XSim completed. Design snapshot 'uyg112_behav' loaded.
INFO: [USF-XSim-97] XSim simulation ran for 1000ns
launch_simulation: Time (s): cpu = 00:00:19 ; elapsed = 00:00:50 . Memory (MB): peak = 835.523 ; gain = 0.000
add_force {/uyg112/cor_value_in} -radix bin {1101011001000000 0ns}
add_force {/uyg112/clk} -radix hex {0 0ns} {1 50000ps} -repeat_every 100000ps
run 500 ns
run 500 ns
run 500 ns
run 500 ns
close_sim
INFO: [Simtcl 6-16] Simulation closed
synth_design -rtl -name rtl_1
Command: synth_design -rtl -name rtl_1
Starting synth_design
Using part: xc7a100tcsg324-1
Top: uyg112
---------------------------------------------------------------------------------
Starting RTL Elaboration : Time (s): cpu = 00:00:40 ; elapsed = 00:00:39 . Memory (MB): peak = 920.090 ; gain = 70.566
---------------------------------------------------------------------------------
INFO: [Synth 8-638] synthesizing module 'uyg112' [E:/bildiri ve makaleler/kitap/fpga/uygulamalar/prj_bolum11_uyg2/prj_bolum11_uyg2.srcs/sources_1/new/uyg112.vhd:17]
INFO: [Synth 8-3491] module 'cordic_0' declared at 'E:/bildiri ve makaleler/kitap/fpga/uygulamalar/prj_bolum11_uyg2/.Xil/Vivado-5968-dell-Bilgisayar/realtime/cordic_0_stub.vhdl:5' bound to instance 'TRIGONOMETRI_SINCOS' of component 'Cordic_0' [E:/bildiri ve makaleler/kitap/fpga/uygulamalar/prj_bolum11_uyg2/prj_bolum11_uyg2.srcs/sources_1/new/uyg112.vhd:52]
INFO: [Synth 8-638] synthesizing module 'cordic_0' [E:/bildiri ve makaleler/kitap/fpga/uygulamalar/prj_bolum11_uyg2/.Xil/Vivado-5968-dell-Bilgisayar/realtime/cordic_0_stub.vhdl:16]
WARNING: [Synth 8-6014] Unused sequential element sayici_reg was removed.  [E:/bildiri ve makaleler/kitap/fpga/uygulamalar/prj_bolum11_uyg2/prj_bolum11_uyg2.srcs/sources_1/new/uyg112.vhd:41]
WARNING: [Synth 8-6014] Unused sequential element cor_valid_in_reg was removed.  [E:/bildiri ve makaleler/kitap/fpga/uygulamalar/prj_bolum11_uyg2/prj_bolum11_uyg2.srcs/sources_1/new/uyg112.vhd:42]
WARNING: [Synth 8-3848] Net cor_value_in in module/entity uyg112 does not have driver. [E:/bildiri ve makaleler/kitap/fpga/uygulamalar/prj_bolum11_uyg2/prj_bolum11_uyg2.srcs/sources_1/new/uyg112.vhd:34]
INFO: [Synth 8-256] done synthesizing module 'uyg112' (1#1) [E:/bildiri ve makaleler/kitap/fpga/uygulamalar/prj_bolum11_uyg2/prj_bolum11_uyg2.srcs/sources_1/new/uyg112.vhd:17]
WARNING: [Synth 8-3331] design uyg112 has unconnected port rst
---------------------------------------------------------------------------------
Finished RTL Elaboration : Time (s): cpu = 00:00:47 ; elapsed = 00:00:46 . Memory (MB): peak = 956.598 ; gain = 107.074
---------------------------------------------------------------------------------

Report Check Netlist: 
+------+------------------+-------+---------+-------+------------------+
|      |Item              |Errors |Warnings |Status |Description       |
+------+------------------+-------+---------+-------+------------------+
|1     |multi_driven_nets |      0|        0|Passed |Multi driven nets |
+------+------------------+-------+---------+-------+------------------+
---------------------------------------------------------------------------------
Finished RTL Optimization Phase 1 : Time (s): cpu = 00:00:48 ; elapsed = 00:00:48 . Memory (MB): peak = 956.598 ; gain = 107.074
---------------------------------------------------------------------------------
INFO: [Project 1-454] Reading design checkpoint 'e:/bildiri ve makaleler/kitap/fpga/uygulamalar/prj_bolum11_uyg2/prj_bolum11_uyg2.srcs/sources_1/ip/cordic_0/cordic_0.dcp' for cell 'TRIGONOMETRI_SINCOS'
INFO: [Netlist 29-17] Analyzing 261 Unisim elements for replacement
INFO: [Netlist 29-28] Unisim Transformation completed in 0 CPU seconds
INFO: [Project 1-479] Netlist was created with Vivado 2017.4
INFO: [Device 21-403] Loading part xc7a100tcsg324-1
INFO: [Project 1-570] Preparing netlist for logic optimization
INFO: [Opt 31-140] Inserted 1 IBUFs to IO ports without IO buffers.
INFO: [Opt 31-141] Inserted 32 OBUFs to IO ports without IO buffers.

Processing XDC Constraints
Initializing timing engine
Completed Processing XDC Constraints

INFO: [Opt 31-138] Pushed 0 inverter(s) to 0 load pin(s).
INFO: [Project 1-111] Unisim Transformation Summary:
No Unisim elements were transformed.

RTL Elaboration Complete:  : Time (s): cpu = 00:02:45 ; elapsed = 00:03:06 . Memory (MB): peak = 1333.918 ; gain = 484.395
14 Infos, 4 Warnings, 0 Critical Warnings and 0 Errors encountered.
synth_design completed successfully
synth_design: Time (s): cpu = 00:02:45 ; elapsed = 00:03:09 . Memory (MB): peak = 1333.918 ; gain = 484.395
close_project
create_project prj_bolum11_uyg4 {E:/bildiri ve makaleler/kitap/fpga/uygulamalar/prj_bolum11_uyg4} -part xc7a100tcsg324-1
INFO: [IP_Flow 19-234] Refreshing IP repositories
INFO: [IP_Flow 19-1704] No user IP repositories specified
INFO: [IP_Flow 19-2313] Loaded Vivado IP repository 'C:/Xilinx/Vivado/2017.4/data/ip'.
create_project: Time (s): cpu = 00:00:19 ; elapsed = 00:00:30 . Memory (MB): peak = 1359.188 ; gain = 0.000
file mkdir E:/bildiri ve makaleler/kitap/fpga/uygulamalar/prj_bolum11_uyg4/prj_bolum11_uyg4.srcs/sources_1/new
set_property target_language VHDL [current_project]
file mkdir E:/bildiri ve makaleler/kitap/fpga/uygulamalar/prj_bolum11_uyg4/prj_bolum11_uyg4.srcs/sources_1/new
file mkdir E:/bildiri ve makaleler/kitap/fpga/uygulamalar/prj_bolum11_uyg4/prj_bolum11_uyg4.srcs/sources_1/new
file mkdir {E:/bildiri ve makaleler/kitap/fpga/uygulamalar/prj_bolum11_uyg4/prj_bolum11_uyg4.srcs/sources_1/new}
close [ open {E:/bildiri ve makaleler/kitap/fpga/uygulamalar/prj_bolum11_uyg4/prj_bolum11_uyg4.srcs/sources_1/new/uyg114.vhd} w ]
add_files {{E:/bildiri ve makaleler/kitap/fpga/uygulamalar/prj_bolum11_uyg4/prj_bolum11_uyg4.srcs/sources_1/new/uyg114.vhd}}
update_compile_order -fileset sources_1
create_ip -name floating_point -vendor xilinx.com -library ip -version 7.1 -module_name floating_divide -dir {e:/bildiri ve makaleler/kitap/fpga/uygulamalar/prj_bolum11_uyg4/prj_bolum11_uyg4.srcs/sources_1/ip}
create_ip: Time (s): cpu = 00:00:11 ; elapsed = 00:00:12 . Memory (MB): peak = 1359.188 ; gain = 0.000
set_property -dict [list CONFIG.Component_Name {floating_divide} CONFIG.Operation_Type {Divide} CONFIG.A_Precision_Type {Single} CONFIG.C_A_Exponent_Width {8} CONFIG.C_A_Fraction_Width {24} CONFIG.Result_Precision_Type {Single} CONFIG.C_Result_Exponent_Width {8} CONFIG.C_Result_Fraction_Width {24} CONFIG.C_Mult_Usage {No_Usage} CONFIG.C_Latency {29} CONFIG.C_Rate {1}] [get_ips floating_divide]
WARNING: [Vivado 12-3523] Attempt to change 'Component_Name' from 'floating_divide' to 'floating_divide' is not allowed and is ignored.
generate_target {instantiation_template} [get_files {{e:/bildiri ve makaleler/kitap/fpga/uygulamalar/prj_bolum11_uyg4/prj_bolum11_uyg4.srcs/sources_1/ip/floating_divide/floating_divide.xci}}]
INFO: [IP_Flow 19-1686] Generating 'Instantiation Template' target for IP 'floating_divide'...
update_compile_order -fileset sources_1
update_compile_order -fileset sources_1
generate_target all [get_files {e:/bildiri ve makaleler/kitap/fpga/uygulamalar/prj_bolum11_uyg4/prj_bolum11_uyg4.srcs/sources_1/ip/floating_divide/floating_divide.xci}]
WARNING: [Vivado 12-818] No files matched 'e:/bildiri'
WARNING: [Vivado 12-818] No files matched 've'
WARNING: [Vivado 12-818] No files matched 'makaleler/kitap/fpga/uygulamalar/prj_bolum11_uyg4/prj_bolum11_uyg4.srcs/sources_1/ip/floating_divide/floating_divide.xci'
export_ip_user_files -of_objects [get_files {e:/bildiri ve makaleler/kitap/fpga/uygulamalar/prj_bolum11_uyg4/prj_bolum11_uyg4.srcs/sources_1/ip/floating_divide/floating_divide.xci}] -no_script -sync -force -quiet
WARNING: [Vivado 12-818] No files matched 'e:/bildiri'
WARNING: [Vivado 12-818] No files matched 've'
WARNING: [Vivado 12-818] No files matched 'makaleler/kitap/fpga/uygulamalar/prj_bolum11_uyg4/prj_bolum11_uyg4.srcs/sources_1/ip/floating_divide/floating_divide.xci'
export_simulation -of_objects [get_files {{e:/bildiri ve makaleler/kitap/fpga/uygulamalar/prj_bolum11_uyg4/prj_bolum11_uyg4.srcs/sources_1/ip/floating_divide/floating_divide.xci}}] -directory {E:/bildiri ve makaleler/kitap/fpga/uygulamalar/prj_bolum11_uyg4/prj_bolum11_uyg4.ip_user_files/sim_scripts} -ip_user_files_dir {E:/bildiri ve makaleler/kitap/fpga/uygulamalar/prj_bolum11_uyg4/prj_bolum11_uyg4.ip_user_files} -ipstatic_source_dir {E:/bildiri ve makaleler/kitap/fpga/uygulamalar/prj_bolum11_uyg4/prj_bolum11_uyg4.ip_user_files/ipstatic} -lib_map_path [list {modelsim=E:/bildiri ve makaleler/kitap/fpga/uygulamalar/prj_bolum11_uyg4/prj_bolum11_uyg4.cache/compile_simlib/modelsim} {questa=E:/bildiri ve makaleler/kitap/fpga/uygulamalar/prj_bolum11_uyg4/prj_bolum11_uyg4.cache/compile_simlib/questa} {riviera=E:/bildiri ve makaleler/kitap/fpga/uygulamalar/prj_bolum11_uyg4/prj_bolum11_uyg4.cache/compile_simlib/riviera} {activehdl=E:/bildiri ve makaleler/kitap/fpga/uygulamalar/prj_bolum11_uyg4/prj_bolum11_uyg4.cache/compile_simlib/activehdl}] -use_ip_compiled_libs -force -quiet
create_fileset -blockset floating_divide
set_property top floating_divide [get_fileset floating_divide]
move_files -fileset [get_fileset floating_divide] [get_files -of_objects [get_fileset sources_1] {{e:/bildiri ve makaleler/kitap/fpga/uygulamalar/prj_bolum11_uyg4/prj_bolum11_uyg4.srcs/sources_1/ip/floating_divide/floating_divide.xci}}]
launch_run floating_divide_synth_1
INFO: [IP_Flow 19-1686] Generating 'Synthesis' target for IP 'floating_divide'...
[Sat Aug 17 11:59:09 2019] Launched floating_divide_synth_1...
Run output will be captured here: E:/bildiri ve makaleler/kitap/fpga/uygulamalar/prj_bolum11_uyg4/prj_bolum11_uyg4.runs/floating_divide_synth_1/runme.log
launch_runs: Time (s): cpu = 00:00:01 ; elapsed = 00:00:07 . Memory (MB): peak = 1359.188 ; gain = 0.000
wait_on_run floating_divide_synth_1

[Sat Aug 17 11:59:10 2019] Waiting for floating_divide_synth_1 to finish...
[Sat Aug 17 11:59:16 2019] Waiting for floating_divide_synth_1 to finish...
[Sat Aug 17 11:59:21 2019] Waiting for floating_divide_synth_1 to finish...
[Sat Aug 17 11:59:27 2019] Waiting for floating_divide_synth_1 to finish...
[Sat Aug 17 11:59:38 2019] Waiting for floating_divide_synth_1 to finish...
[Sat Aug 17 11:59:49 2019] Waiting for floating_divide_synth_1 to finish...
[Sat Aug 17 12:00:00 2019] Waiting for floating_divide_synth_1 to finish...
[Sat Aug 17 12:00:10 2019] Waiting for floating_divide_synth_1 to finish...
[Sat Aug 17 12:00:32 2019] Waiting for floating_divide_synth_1 to finish...
[Sat Aug 17 12:00:53 2019] Waiting for floating_divide_synth_1 to finish...
[Sat Aug 17 12:01:15 2019] Waiting for floating_divide_synth_1 to finish...
[Sat Aug 17 12:01:37 2019] Waiting for floating_divide_synth_1 to finish...
[Sat Aug 17 12:02:22 2019] Waiting for floating_divide_synth_1 to finish...
[Sat Aug 17 12:03:07 2019] Waiting for floating_divide_synth_1 to finish...
[Sat Aug 17 12:03:47 2019] Waiting for floating_divide_synth_1 to finish...
[Sat Aug 17 12:04:27 2019] Waiting for floating_divide_synth_1 to finish...

*** Running vivado
    with args -log floating_divide.vds -m64 -product Vivado -mode batch -messageDb vivado.pb -notrace -source floating_divide.tcl


****** Vivado v2017.4 (64-bit)
  **** SW Build 2086221 on Fri Dec 15 20:55:39 MST 2017
  **** IP Build 2085800 on Fri Dec 15 22:25:07 MST 2017
    ** Copyright 1986-2017 Xilinx, Inc. All Rights Reserved.

source floating_divide.tcl -notrace
Command: synth_design -top floating_divide -part xc7a100tcsg324-1 -mode out_of_context
Starting synth_design
Attempting to get a license for feature 'Synthesis' and/or device 'xc7a100t'
INFO: [Common 17-349] Got license for feature 'Synthesis' and/or device 'xc7a100t'
INFO: Launching helper process for spawning children vivado processes
INFO: Helper process launched with PID 3128 
---------------------------------------------------------------------------------
Starting RTL Elaboration : Time (s): cpu = 00:00:44 ; elapsed = 00:00:49 . Memory (MB): peak = 348.723 ; gain = 94.195
---------------------------------------------------------------------------------
INFO: [Synth 8-638] synthesizing module 'floating_divide' [e:/bildiri ve makaleler/kitap/fpga/uygulamalar/prj_bolum11_uyg4/prj_bolum11_uyg4.srcs/sources_1/ip/floating_divide/synth/floating_divide.vhd:74]
	Parameter C_XDEVICEFAMILY bound to: artix7 - type: string 
	Parameter C_HAS_ADD bound to: 0 - type: integer 
	Parameter C_HAS_SUBTRACT bound to: 0 - type: integer 
	Parameter C_HAS_MULTIPLY bound to: 0 - type: integer 
	Parameter C_HAS_DIVIDE bound to: 1 - type: integer 
	Parameter C_HAS_SQRT bound to: 0 - type: integer 
	Parameter C_HAS_COMPARE bound to: 0 - type: integer 
	Parameter C_HAS_FIX_TO_FLT bound to: 0 - type: integer 
	Parameter C_HAS_FLT_TO_FIX bound to: 0 - type: integer 
	Parameter C_HAS_FLT_TO_FLT bound to: 0 - type: integer 
	Parameter C_HAS_RECIP bound to: 0 - type: integer 
	Parameter C_HAS_RECIP_SQRT bound to: 0 - type: integer 
	Parameter C_HAS_ABSOLUTE bound to: 0 - type: integer 
	Parameter C_HAS_LOGARITHM bound to: 0 - type: integer 
	Parameter C_HAS_EXPONENTIAL bound to: 0 - type: integer 
	Parameter C_HAS_FMA bound to: 0 - type: integer 
	Parameter C_HAS_FMS bound to: 0 - type: integer 
	Parameter C_HAS_ACCUMULATOR_A bound to: 0 - type: integer 
	Parameter C_HAS_ACCUMULATOR_S bound to: 0 - type: integer 
	Parameter C_A_WIDTH bound to: 32 - type: integer 
	Parameter C_A_FRACTION_WIDTH bound to: 24 - type: integer 
	Parameter C_B_WIDTH bound to: 32 - type: integer 
	Parameter C_B_FRACTION_WIDTH bound to: 24 - type: integer 
	Parameter C_C_WIDTH bound to: 32 - type: integer 
	Parameter C_C_FRACTION_WIDTH bound to: 24 - type: integer 
	Parameter C_RESULT_WIDTH bound to: 32 - type: integer 
	Parameter C_RESULT_FRACTION_WIDTH bound to: 24 - type: integer 
	Parameter C_COMPARE_OPERATION bound to: 8 - type: integer 
	Parameter C_LATENCY bound to: 29 - type: integer 
	Parameter C_OPTIMIZATION bound to: 1 - type: integer 
	Parameter C_MULT_USAGE bound to: 0 - type: integer 
	Parameter C_BRAM_USAGE bound to: 0 - type: integer 
	Parameter C_RATE bound to: 1 - type: integer 
	Parameter C_ACCUM_INPUT_MSB bound to: 32 - type: integer 
	Parameter C_ACCUM_MSB bound to: 32 - type: integer 
	Parameter C_ACCUM_LSB bound to: -31 - type: integer 
	Parameter C_HAS_UNDERFLOW bound to: 0 - type: integer 
	Parameter C_HAS_OVERFLOW bound to: 0 - type: integer 
	Parameter C_HAS_INVALID_OP bound to: 0 - type: integer 
	Parameter C_HAS_DIVIDE_BY_ZERO bound to: 0 - type: integer 
	Parameter C_HAS_ACCUM_OVERFLOW bound to: 0 - type: integer 
	Parameter C_HAS_ACCUM_INPUT_OVERFLOW bound to: 0 - type: integer 
	Parameter C_HAS_ACLKEN bound to: 0 - type: integer 
	Parameter C_HAS_ARESETN bound to: 0 - type: integer 
	Parameter C_THROTTLE_SCHEME bound to: 1 - type: integer 
	Parameter C_HAS_A_TUSER bound to: 0 - type: integer 
	Parameter C_HAS_A_TLAST bound to: 0 - type: integer 
	Parameter C_HAS_B bound to: 1 - type: integer 
	Parameter C_HAS_B_TUSER bound to: 0 - type: integer 
	Parameter C_HAS_B_TLAST bound to: 0 - type: integer 
	Parameter C_HAS_C bound to: 0 - type: integer 
	Parameter C_HAS_C_TUSER bound to: 0 - type: integer 
	Parameter C_HAS_C_TLAST bound to: 0 - type: integer 
	Parameter C_HAS_OPERATION bound to: 0 - type: integer 
	Parameter C_HAS_OPERATION_TUSER bound to: 0 - type: integer 
	Parameter C_HAS_OPERATION_TLAST bound to: 0 - type: integer 
	Parameter C_HAS_RESULT_TUSER bound to: 0 - type: integer 
	Parameter C_HAS_RESULT_TLAST bound to: 0 - type: integer 
	Parameter C_TLAST_RESOLUTION bound to: 0 - type: integer 
	Parameter C_A_TDATA_WIDTH bound to: 32 - type: integer 
	Parameter C_A_TUSER_WIDTH bound to: 1 - type: integer 
	Parameter C_B_TDATA_WIDTH bound to: 32 - type: integer 
	Parameter C_B_TUSER_WIDTH bound to: 1 - type: integer 
	Parameter C_C_TDATA_WIDTH bound to: 32 - type: integer 
	Parameter C_C_TUSER_WIDTH bound to: 1 - type: integer 
	Parameter C_OPERATION_TDATA_WIDTH bound to: 8 - type: integer 
	Parameter C_OPERATION_TUSER_WIDTH bound to: 1 - type: integer 
	Parameter C_RESULT_TDATA_WIDTH bound to: 32 - type: integer 
	Parameter C_RESULT_TUSER_WIDTH bound to: 1 - type: integer 
	Parameter C_FIXED_DATA_UNSIGNED bound to: 0 - type: integer 
INFO: [Synth 8-3491] module 'floating_point_v7_1_5' declared at 'e:/bildiri ve makaleler/kitap/fpga/uygulamalar/prj_bolum11_uyg4/prj_bolum11_uyg4.srcs/sources_1/ip/floating_divide/hdl/floating_point_v7_1_vh_rfs.vhd:91604' bound to instance 'U0' of component 'floating_point_v7_1_5' [e:/bildiri ve makaleler/kitap/fpga/uygulamalar/prj_bolum11_uyg4/prj_bolum11_uyg4.srcs/sources_1/ip/floating_divide/synth/floating_divide.vhd:206]
INFO: [Synth 8-256] done synthesizing module 'floating_divide' (15#1) [e:/bildiri ve makaleler/kitap/fpga/uygulamalar/prj_bolum11_uyg4/prj_bolum11_uyg4.srcs/sources_1/ip/floating_divide/synth/floating_divide.vhd:74]
WARNING: [Synth 8-3331] design xbip_pipe_v3_0_4_viv__parameterized11 has unconnected port SCLR
WARNING: [Synth 8-3331] design xbip_pipe_v3_0_4_viv__parameterized11 has unconnected port SSET
WARNING: [Synth 8-3331] design xbip_pipe_v3_0_4_viv__parameterized11 has unconnected port SINIT
WARNING: [Synth 8-3331] design flt_dec_op_lat has unconnected port DEC_OP_STATE[11]
WARNING: [Synth 8-3331] design flt_dec_op_lat has unconnected port DEC_OP_STATE[10]
WARNING: [Synth 8-3331] design flt_dec_op_lat has unconnected port DEC_OP_STATE[9]
WARNING: [Synth 8-3331] design flt_dec_op_lat has unconnected port DEC_OP_STATE[8]
WARNING: [Synth 8-3331] design xbip_pipe_v3_0_4_viv__parameterized51 has unconnected port CLK
WARNING: [Synth 8-3331] design xbip_pipe_v3_0_4_viv__parameterized51 has unconnected port CE
WARNING: [Synth 8-3331] design xbip_pipe_v3_0_4_viv__parameterized51 has unconnected port SCLR
WARNING: [Synth 8-3331] design xbip_pipe_v3_0_4_viv__parameterized51 has unconnected port SSET
WARNING: [Synth 8-3331] design xbip_pipe_v3_0_4_viv__parameterized51 has unconnected port SINIT
WARNING: [Synth 8-3331] design carry_chain__parameterized3 has unconnected port B[7]
WARNING: [Synth 8-3331] design xbip_pipe_v3_0_4_viv__parameterized5 has unconnected port CLK
WARNING: [Synth 8-3331] design xbip_pipe_v3_0_4_viv__parameterized5 has unconnected port CE
WARNING: [Synth 8-3331] design xbip_pipe_v3_0_4_viv__parameterized5 has unconnected port SCLR
WARNING: [Synth 8-3331] design xbip_pipe_v3_0_4_viv__parameterized5 has unconnected port SSET
WARNING: [Synth 8-3331] design xbip_pipe_v3_0_4_viv__parameterized5 has unconnected port SINIT
WARNING: [Synth 8-3331] design xbip_pipe_v3_0_4_viv__parameterized59 has unconnected port SCLR
WARNING: [Synth 8-3331] design xbip_pipe_v3_0_4_viv__parameterized59 has unconnected port SSET
WARNING: [Synth 8-3331] design xbip_pipe_v3_0_4_viv__parameterized59 has unconnected port SINIT
WARNING: [Synth 8-3331] design xbip_pipe_v3_0_4_viv__parameterized57 has unconnected port SCLR
WARNING: [Synth 8-3331] design xbip_pipe_v3_0_4_viv__parameterized57 has unconnected port SSET
WARNING: [Synth 8-3331] design xbip_pipe_v3_0_4_viv__parameterized57 has unconnected port SINIT
WARNING: [Synth 8-3331] design xbip_pipe_v3_0_4_viv__parameterized55 has unconnected port CLK
WARNING: [Synth 8-3331] design xbip_pipe_v3_0_4_viv__parameterized55 has unconnected port CE
WARNING: [Synth 8-3331] design xbip_pipe_v3_0_4_viv__parameterized55 has unconnected port SCLR
WARNING: [Synth 8-3331] design xbip_pipe_v3_0_4_viv__parameterized55 has unconnected port SSET
WARNING: [Synth 8-3331] design xbip_pipe_v3_0_4_viv__parameterized55 has unconnected port SINIT
WARNING: [Synth 8-3331] design xbip_pipe_v3_0_4_viv__parameterized49 has unconnected port SCLR
WARNING: [Synth 8-3331] design xbip_pipe_v3_0_4_viv__parameterized49 has unconnected port SSET
WARNING: [Synth 8-3331] design xbip_pipe_v3_0_4_viv__parameterized49 has unconnected port SINIT
WARNING: [Synth 8-3331] design xbip_pipe_v3_0_4_viv__parameterized47 has unconnected port CLK
WARNING: [Synth 8-3331] design xbip_pipe_v3_0_4_viv__parameterized47 has unconnected port CE
WARNING: [Synth 8-3331] design xbip_pipe_v3_0_4_viv__parameterized47 has unconnected port SCLR
WARNING: [Synth 8-3331] design xbip_pipe_v3_0_4_viv__parameterized47 has unconnected port SSET
WARNING: [Synth 8-3331] design xbip_pipe_v3_0_4_viv__parameterized47 has unconnected port SINIT
WARNING: [Synth 8-3331] design xbip_pipe_v3_0_4_viv__parameterized45 has unconnected port CLK
WARNING: [Synth 8-3331] design xbip_pipe_v3_0_4_viv__parameterized45 has unconnected port CE
WARNING: [Synth 8-3331] design xbip_pipe_v3_0_4_viv__parameterized45 has unconnected port SCLR
WARNING: [Synth 8-3331] design xbip_pipe_v3_0_4_viv__parameterized45 has unconnected port SSET
WARNING: [Synth 8-3331] design xbip_pipe_v3_0_4_viv__parameterized45 has unconnected port SINIT
WARNING: [Synth 8-3331] design flt_round_bit has unconnected port NORMALIZE[1]
WARNING: [Synth 8-3331] design flt_round_bit has unconnected port FIXED_POINT
WARNING: [Synth 8-3331] design flt_round_bit has unconnected port FIX_MANT_SIGN
WARNING: [Synth 8-3331] design flt_round_bit has unconnected port SIGN
WARNING: [Synth 8-3331] design xbip_pipe_v3_0_4_viv__parameterized53 has unconnected port CLK
WARNING: [Synth 8-3331] design xbip_pipe_v3_0_4_viv__parameterized53 has unconnected port CE
WARNING: [Synth 8-3331] design xbip_pipe_v3_0_4_viv__parameterized53 has unconnected port SCLR
WARNING: [Synth 8-3331] design xbip_pipe_v3_0_4_viv__parameterized53 has unconnected port SSET
WARNING: [Synth 8-3331] design xbip_pipe_v3_0_4_viv__parameterized53 has unconnected port SINIT
WARNING: [Synth 8-3331] design xbip_pipe_v3_0_4_viv__parameterized43 has unconnected port CLK
WARNING: [Synth 8-3331] design xbip_pipe_v3_0_4_viv__parameterized43 has unconnected port CE
WARNING: [Synth 8-3331] design xbip_pipe_v3_0_4_viv__parameterized43 has unconnected port SCLR
WARNING: [Synth 8-3331] design xbip_pipe_v3_0_4_viv__parameterized43 has unconnected port SSET
WARNING: [Synth 8-3331] design xbip_pipe_v3_0_4_viv__parameterized43 has unconnected port SINIT
WARNING: [Synth 8-3331] design xbip_pipe_v3_0_4_viv__parameterized41 has unconnected port CLK
WARNING: [Synth 8-3331] design xbip_pipe_v3_0_4_viv__parameterized41 has unconnected port CE
WARNING: [Synth 8-3331] design xbip_pipe_v3_0_4_viv__parameterized41 has unconnected port SCLR
WARNING: [Synth 8-3331] design xbip_pipe_v3_0_4_viv__parameterized41 has unconnected port SSET
WARNING: [Synth 8-3331] design xbip_pipe_v3_0_4_viv__parameterized41 has unconnected port SINIT
WARNING: [Synth 8-3331] design xbip_pipe_v3_0_4_viv__parameterized39 has unconnected port SCLR
WARNING: [Synth 8-3331] design xbip_pipe_v3_0_4_viv__parameterized39 has unconnected port SSET
WARNING: [Synth 8-3331] design xbip_pipe_v3_0_4_viv__parameterized39 has unconnected port SINIT
WARNING: [Synth 8-3331] design xbip_pipe_v3_0_4_viv__parameterized37 has unconnected port SCLR
WARNING: [Synth 8-3331] design xbip_pipe_v3_0_4_viv__parameterized37 has unconnected port SSET
WARNING: [Synth 8-3331] design xbip_pipe_v3_0_4_viv__parameterized37 has unconnected port SINIT
WARNING: [Synth 8-3331] design xbip_pipe_v3_0_4_viv__parameterized35 has unconnected port SCLR
WARNING: [Synth 8-3331] design xbip_pipe_v3_0_4_viv__parameterized35 has unconnected port SSET
WARNING: [Synth 8-3331] design xbip_pipe_v3_0_4_viv__parameterized35 has unconnected port SINIT
WARNING: [Synth 8-3331] design xbip_pipe_v3_0_4_viv__parameterized33 has unconnected port SCLR
WARNING: [Synth 8-3331] design xbip_pipe_v3_0_4_viv__parameterized33 has unconnected port SSET
WARNING: [Synth 8-3331] design xbip_pipe_v3_0_4_viv__parameterized33 has unconnected port SINIT
WARNING: [Synth 8-3331] design xbip_pipe_v3_0_4_viv__parameterized31 has unconnected port SCLR
WARNING: [Synth 8-3331] design xbip_pipe_v3_0_4_viv__parameterized31 has unconnected port SSET
WARNING: [Synth 8-3331] design xbip_pipe_v3_0_4_viv__parameterized31 has unconnected port SINIT
WARNING: [Synth 8-3331] design xbip_pipe_v3_0_4_viv__parameterized29 has unconnected port SCLR
WARNING: [Synth 8-3331] design xbip_pipe_v3_0_4_viv__parameterized29 has unconnected port SSET
WARNING: [Synth 8-3331] design xbip_pipe_v3_0_4_viv__parameterized29 has unconnected port SINIT
WARNING: [Synth 8-3331] design xbip_pipe_v3_0_4_viv__parameterized27 has unconnected port SCLR
WARNING: [Synth 8-3331] design xbip_pipe_v3_0_4_viv__parameterized27 has unconnected port SSET
WARNING: [Synth 8-3331] design xbip_pipe_v3_0_4_viv__parameterized27 has unconnected port SINIT
WARNING: [Synth 8-3331] design xbip_pipe_v3_0_4_viv__parameterized25 has unconnected port SCLR
WARNING: [Synth 8-3331] design xbip_pipe_v3_0_4_viv__parameterized25 has unconnected port SSET
WARNING: [Synth 8-3331] design xbip_pipe_v3_0_4_viv__parameterized25 has unconnected port SINIT
WARNING: [Synth 8-3331] design xbip_pipe_v3_0_4_viv__parameterized23 has unconnected port SCLR
WARNING: [Synth 8-3331] design xbip_pipe_v3_0_4_viv__parameterized23 has unconnected port SSET
WARNING: [Synth 8-3331] design xbip_pipe_v3_0_4_viv__parameterized23 has unconnected port SINIT
WARNING: [Synth 8-3331] design xbip_pipe_v3_0_4_viv__parameterized21 has unconnected port SCLR
WARNING: [Synth 8-3331] design xbip_pipe_v3_0_4_viv__parameterized21 has unconnected port SSET
WARNING: [Synth 8-3331] design xbip_pipe_v3_0_4_viv__parameterized21 has unconnected port SINIT
WARNING: [Synth 8-3331] design xbip_pipe_v3_0_4_viv__parameterized19 has unconnected port SCLR
WARNING: [Synth 8-3331] design xbip_pipe_v3_0_4_viv__parameterized19 has unconnected port SSET
WARNING: [Synth 8-3331] design xbip_pipe_v3_0_4_viv__parameterized19 has unconnected port SINIT
WARNING: [Synth 8-3331] design xbip_pipe_v3_0_4_viv__parameterized17 has unconnected port SCLR
WARNING: [Synth 8-3331] design xbip_pipe_v3_0_4_viv__parameterized17 has unconnected port SSET
WARNING: [Synth 8-3331] design xbip_pipe_v3_0_4_viv__parameterized17 has unconnected port SINIT
WARNING: [Synth 8-3331] design special_detect has unconnected port A[31]
WARNING: [Synth 8-3331] design xbip_pipe_v3_0_4_viv__parameterized15 has unconnected port SCLR
WARNING: [Synth 8-3331] design xbip_pipe_v3_0_4_viv__parameterized15 has unconnected port SSET
INFO: [Common 17-14] Message 'Synth 8-3331' appears 100 times and further instances of the messages will be disabled. Use the Tcl command set_msg_config to change the current settings.
---------------------------------------------------------------------------------
Finished RTL Elaboration : Time (s): cpu = 00:01:13 ; elapsed = 00:01:22 . Memory (MB): peak = 451.840 ; gain = 197.313
---------------------------------------------------------------------------------

Report Check Netlist: 
+------+------------------+-------+---------+-------+------------------+
|      |Item              |Errors |Warnings |Status |Description       |
+------+------------------+-------+---------+-------+------------------+
|1     |multi_driven_nets |      0|        0|Passed |Multi driven nets |
+------+------------------+-------+---------+-------+------------------+
---------------------------------------------------------------------------------
Finished RTL Optimization Phase 1 : Time (s): cpu = 00:01:14 ; elapsed = 00:01:26 . Memory (MB): peak = 451.840 ; gain = 197.313
---------------------------------------------------------------------------------
INFO: [Netlist 29-17] Analyzing 1342 Unisim elements for replacement
INFO: [Netlist 29-28] Unisim Transformation completed in 1 CPU seconds
INFO: [Device 21-403] Loading part xc7a100tcsg324-1
INFO: [Project 1-570] Preparing netlist for logic optimization

Processing XDC Constraints
Initializing timing engine
Parsing XDC File [e:/bildiri ve makaleler/kitap/fpga/uygulamalar/prj_bolum11_uyg4/prj_bolum11_uyg4.srcs/sources_1/ip/floating_divide/floating_divide_ooc.xdc] for cell 'U0'
Finished Parsing XDC File [e:/bildiri ve makaleler/kitap/fpga/uygulamalar/prj_bolum11_uyg4/prj_bolum11_uyg4.srcs/sources_1/ip/floating_divide/floating_divide_ooc.xdc] for cell 'U0'
Parsing XDC File [E:/bildiri ve makaleler/kitap/fpga/uygulamalar/prj_bolum11_uyg4/prj_bolum11_uyg4.runs/floating_divide_synth_1/dont_touch.xdc]
Finished Parsing XDC File [E:/bildiri ve makaleler/kitap/fpga/uygulamalar/prj_bolum11_uyg4/prj_bolum11_uyg4.runs/floating_divide_synth_1/dont_touch.xdc]
Completed Processing XDC Constraints

INFO: [Project 1-111] Unisim Transformation Summary:
  A total of 1 instances were transformed.
  FDE => FDRE: 1 instances

Constraint Validation Runtime : Time (s): cpu = 00:00:01 ; elapsed = 00:00:00.373 . Memory (MB): peak = 765.754 ; gain = 0.938
---------------------------------------------------------------------------------
Finished Constraint Validation : Time (s): cpu = 00:02:37 ; elapsed = 00:03:18 . Memory (MB): peak = 765.754 ; gain = 511.227
---------------------------------------------------------------------------------
---------------------------------------------------------------------------------
Start Loading Part and Timing Information
---------------------------------------------------------------------------------
Loading part: xc7a100tcsg324-1
---------------------------------------------------------------------------------
Finished Loading Part and Timing Information : Time (s): cpu = 00:02:37 ; elapsed = 00:03:19 . Memory (MB): peak = 765.754 ; gain = 511.227
---------------------------------------------------------------------------------
---------------------------------------------------------------------------------
Start Applying 'set_property' XDC Constraints
---------------------------------------------------------------------------------
Applied set_property DONT_TOUCH = true for U0. (constraint file  {E:/bildiri ve makaleler/kitap/fpga/uygulamalar/prj_bolum11_uyg4/prj_bolum11_uyg4.runs/floating_divide_synth_1/dont_touch.xdc}, line 9).
---------------------------------------------------------------------------------
Finished applying 'set_property' XDC Constraints : Time (s): cpu = 00:02:37 ; elapsed = 00:03:20 . Memory (MB): peak = 765.754 ; gain = 511.227
---------------------------------------------------------------------------------
INFO: [Synth 8-5546] ROM "exp_all_one_ip" won't be mapped to RAM because it is too sparse
INFO: [Synth 8-5546] ROM "exp_all_zero_ip" won't be mapped to RAM because it is too sparse
INFO: [Synth 8-5545] ROM "chunk_is_zero_ip" won't be mapped to RAM because address size (36) is larger than maximum supported(25)
INFO: [Synth 8-5546] ROM "flow_sig" won't be mapped to RAM because it is too sparse
INFO: [Synth 8-5546] ROM "flow_sig" won't be mapped to RAM because it is too sparse
INFO: [Synth 8-5546] ROM "flow_sig" won't be mapped to RAM because it is too sparse
INFO: [Synth 8-5546] ROM "flow_sig" won't be mapped to RAM because it is too sparse
INFO: [Synth 8-5544] ROM "state_det" won't be mapped to Block RAM because address size (1) smaller than threshold (5)
INFO: [Synth 8-5544] ROM "state_det" won't be mapped to Block RAM because address size (1) smaller than threshold (5)
INFO: [Synth 8-5544] ROM "state_int_up" won't be mapped to Block RAM because address size (1) smaller than threshold (5)
---------------------------------------------------------------------------------
Finished RTL Optimization Phase 2 : Time (s): cpu = 00:02:43 ; elapsed = 00:03:28 . Memory (MB): peak = 765.754 ; gain = 511.227
---------------------------------------------------------------------------------
INFO: [Synth 8-223] decloning instance 'U0/i_synth/DELAY_ACCUM_OVERFLOW' (delay__parameterized22) to 'U0/i_synth/DELAY_ACCUM_INPUT_OVERFLOW'
INFO: [Synth 8-223] decloning instance 'U0/i_synth/DIV_OP.SPD.OP/ROUND/EXTRA_LSB_BIT_DEL' (delay__parameterized22) to 'U0/i_synth/DIV_OP.SPD.OP/ROUND/EXTRA_LSB_RND1_DEL'
INFO: [Synth 8-223] decloning instance 'U0/i_synth/DIV_OP.SPD.OP/ROUND/EXP_INC_DELAY' (delay__parameterized22) to 'U0/i_synth/DIV_OP.SPD.OP/ROUND/EXP_INC_RND1_DELAY'
INFO: [Synth 8-223] decloning instance 'U0/i_synth/DIV_OP.SPD.OP/ROUND/NORMALIZE_DEL' (delay__parameterized26) to 'U0/i_synth/DIV_OP.SPD.OP/ROUND/NORMALIZE_RND1_DEL'

Report RTL Partitions: 
+-+--------------+------------+----------+
| |RTL Partition |Replication |Instances |
+-+--------------+------------+----------+
+-+--------------+------------+----------+
---------------------------------------------------------------------------------
Start RTL Component Statistics 
---------------------------------------------------------------------------------
---------------------------------------------------------------------------------
Finished RTL Component Statistics 
---------------------------------------------------------------------------------
---------------------------------------------------------------------------------
Start RTL Hierarchical Component Statistics 
---------------------------------------------------------------------------------
---------------------------------------------------------------------------------
Finished RTL Hierarchical Component Statistics
---------------------------------------------------------------------------------
---------------------------------------------------------------------------------
Start Part Resource Summary
---------------------------------------------------------------------------------
Part Resources:
DSPs: 240 (col length:80)
BRAMs: 270 (col length: RAMB18 80 RAMB36 40)
---------------------------------------------------------------------------------
Finished Part Resource Summary
---------------------------------------------------------------------------------
---------------------------------------------------------------------------------
Start Cross Boundary and Area Optimization
---------------------------------------------------------------------------------
INFO: [Synth 8-5546] ROM "COND_DET_A/exp_all_one_ip" won't be mapped to RAM because it is too sparse
INFO: [Synth 8-5546] ROM "COND_DET_A/exp_all_zero_ip" won't be mapped to RAM because it is too sparse
INFO: [Synth 8-5546] ROM "COND_DET_B/exp_all_one_ip" won't be mapped to RAM because it is too sparse
INFO: [Synth 8-5546] ROM "COND_DET_B/exp_all_zero_ip" won't be mapped to RAM because it is too sparse
INFO: [Synth 8-5546] ROM "flow_sig" won't be mapped to RAM because it is too sparse
INFO: [Synth 8-5546] ROM "flow_sig" won't be mapped to RAM because it is too sparse
INFO: [Synth 8-3886] merging instance 'U0/i_synth/DIV_OP.SPD.OP/MANT_DIV/MSB_DEL/i_pipe/opt_has_pipe.first_q_reg[0]' (FDE) to 'U0/i_synth/DIV_OP.SPD.OP/MANT_DIV/RT[1].Q_DEL/i_pipe/opt_has_pipe.first_q_reg[0]'
INFO: [Synth 8-3886] merging instance 'U0/i_synth/DIV_OP.SPD.OP/EXP/NORMALIZE_UP_DEL/i_pipe/opt_has_pipe.first_q_reg[0]' (FDE) to 'U0/i_synth/DIV_OP.SPD.OP/MANT_DIV/RT[2].Q_DEL/i_pipe/opt_has_pipe.first_q_reg[1]'
INFO: [Synth 8-3886] merging instance 'U0/i_synth/DIV_OP.SPD.OP/EXP/STATE_DEC_DELAY/i_pipe/opt_has_pipe.first_q_reg[8]' (FDE) to 'U0/i_synth/DIV_OP.SPD.OP/EXP/STATE_DEC_DELAY/i_pipe/opt_has_pipe.first_q_reg[4]'
INFO: [Synth 8-3886] merging instance 'U0/i_synth/DIV_OP.SPD.OP/EXP/STATE_DEC_DELAY/i_pipe/opt_has_pipe.first_q_reg[10]' (FDE) to 'U0/i_synth/DIV_OP.SPD.OP/EXP/STATE_DEC_DELAY/i_pipe/opt_has_pipe.first_q_reg[4]'
INFO: [Synth 8-3886] merging instance 'U0/i_synth/DIV_OP.SPD.OP/EXP/STATE_DEC_DELAY/i_pipe/opt_has_pipe.first_q_reg[9]' (FDE) to 'U0/i_synth/DIV_OP.SPD.OP/EXP/STATE_DEC_DELAY/i_pipe/opt_has_pipe.first_q_reg[5]'
INFO: [Synth 8-3886] merging instance 'U0/i_synth/DIV_OP.SPD.OP/EXP/STATE_DEC_DELAY/i_pipe/opt_has_pipe.first_q_reg[11]' (FDE) to 'U0/i_synth/DIV_OP.SPD.OP/EXP/STATE_DEC_DELAY/i_pipe/opt_has_pipe.first_q_reg[5]'
INFO: [Synth 8-3333] propagating constant 0 across sequential element (U0/i_synth/\DIV_OP.SPD.OP/ROUND/EXP_IN_DELAY.EXP_OFF_OP_DEL/i_pipe/opt_has_pipe.first_q_reg[0] )
INFO: [Synth 8-3333] propagating constant 0 across sequential element (U0/i_synth/\DIV_OP.SPD.OP/ROUND/EXP_IN_DELAY.EXP_OFF_OP_DEL/i_pipe/opt_has_pipe.first_q_reg[7] )
INFO: [Synth 8-3333] propagating constant 0 across sequential element (U0/i_synth/\DIV_OP.SPD.OP/EXP/STATE_DEC_DELAY/i_pipe/opt_has_pipe.first_q_reg[6] )
INFO: [Synth 8-3333] propagating constant 0 across sequential element (U0/i_synth/\DIV_OP.SPD.OP/EXP/STATE_DEC_DELAY/i_pipe/opt_has_pipe.first_q_reg[7] )
INFO: [Synth 8-3332] Sequential element (DIV_OP.SPD.OP/EXP/SIGN_RND_DEL/i_pipe/opt_has_pipe.i_pipe[2].pipe_reg[2][0]) is unused and will be removed from module floating_point_v7_1_5_viv.
INFO: [Synth 8-3332] Sequential element (DIV_OP.SPD.OP/EXP/SIGN_RND_DEL/i_pipe/opt_has_pipe.i_pipe[3].pipe_reg[3][0]) is unused and will be removed from module floating_point_v7_1_5_viv.
INFO: [Synth 8-3332] Sequential element (DIV_OP.SPD.OP/EXP/SIGN_RND_DEL/i_pipe/opt_has_pipe.i_pipe[4].pipe_reg[4][0]) is unused and will be removed from module floating_point_v7_1_5_viv.
INFO: [Synth 8-3332] Sequential element (DIV_OP.SPD.OP/EXP/SIGN_RND_DEL/i_pipe/opt_has_pipe.i_pipe[5].pipe_reg[5][0]) is unused and will be removed from module floating_point_v7_1_5_viv.
INFO: [Synth 8-3332] Sequential element (DIV_OP.SPD.OP/EXP/SIGN_RND_DEL/i_pipe/opt_has_pipe.i_pipe[6].pipe_reg[6][0]) is unused and will be removed from module floating_point_v7_1_5_viv.
INFO: [Synth 8-3332] Sequential element (DIV_OP.SPD.OP/EXP/SIGN_RND_DEL/i_pipe/opt_has_pipe.i_pipe[7].pipe_reg[7][0]) is unused and will be removed from module floating_point_v7_1_5_viv.
INFO: [Synth 8-3332] Sequential element (DIV_OP.SPD.OP/EXP/SIGN_RND_DEL/i_pipe/opt_has_pipe.i_pipe[8].pipe_reg[8][0]) is unused and will be removed from module floating_point_v7_1_5_viv.
INFO: [Synth 8-3332] Sequential element (DIV_OP.SPD.OP/EXP/SIGN_RND_DEL/i_pipe/opt_has_pipe.i_pipe[9].pipe_reg[9][0]) is unused and will be removed from module floating_point_v7_1_5_viv.
INFO: [Synth 8-3332] Sequential element (DIV_OP.SPD.OP/EXP/SIGN_RND_DEL/i_pipe/opt_has_pipe.i_pipe[10].pipe_reg[10][0]) is unused and will be removed from module floating_point_v7_1_5_viv.
INFO: [Synth 8-3332] Sequential element (DIV_OP.SPD.OP/EXP/SIGN_RND_DEL/i_pipe/opt_has_pipe.i_pipe[11].pipe_reg[11][0]) is unused and will be removed from module floating_point_v7_1_5_viv.
INFO: [Synth 8-3332] Sequential element (DIV_OP.SPD.OP/EXP/SIGN_RND_DEL/i_pipe/opt_has_pipe.i_pipe[12].pipe_reg[12][0]) is unused and will be removed from module floating_point_v7_1_5_viv.
INFO: [Synth 8-3332] Sequential element (DIV_OP.SPD.OP/EXP/SIGN_RND_DEL/i_pipe/opt_has_pipe.i_pipe[13].pipe_reg[13][0]) is unused and will be removed from module floating_point_v7_1_5_viv.
INFO: [Synth 8-3332] Sequential element (DIV_OP.SPD.OP/EXP/SIGN_RND_DEL/i_pipe/opt_has_pipe.i_pipe[14].pipe_reg[14][0]) is unused and will be removed from module floating_point_v7_1_5_viv.
INFO: [Synth 8-3332] Sequential element (DIV_OP.SPD.OP/EXP/SIGN_RND_DEL/i_pipe/opt_has_pipe.i_pipe[15].pipe_reg[15][0]) is unused and will be removed from module floating_point_v7_1_5_viv.
INFO: [Synth 8-3332] Sequential element (DIV_OP.SPD.OP/EXP/SIGN_RND_DEL/i_pipe/opt_has_pipe.i_pipe[16].pipe_reg[16][0]) is unused and will be removed from module floating_point_v7_1_5_viv.
INFO: [Synth 8-3332] Sequential element (DIV_OP.SPD.OP/EXP/SIGN_RND_DEL/i_pipe/opt_has_pipe.i_pipe[17].pipe_reg[17][0]) is unused and will be removed from module floating_point_v7_1_5_viv.
INFO: [Synth 8-3332] Sequential element (DIV_OP.SPD.OP/EXP/SIGN_RND_DEL/i_pipe/opt_has_pipe.i_pipe[18].pipe_reg[18][0]) is unused and will be removed from module floating_point_v7_1_5_viv.
INFO: [Synth 8-3332] Sequential element (DIV_OP.SPD.OP/EXP/SIGN_RND_DEL/i_pipe/opt_has_pipe.i_pipe[19].pipe_reg[19][0]) is unused and will be removed from module floating_point_v7_1_5_viv.
INFO: [Synth 8-3332] Sequential element (DIV_OP.SPD.OP/EXP/SIGN_RND_DEL/i_pipe/opt_has_pipe.i_pipe[20].pipe_reg[20][0]) is unused and will be removed from module floating_point_v7_1_5_viv.
INFO: [Synth 8-3332] Sequential element (DIV_OP.SPD.OP/EXP/SIGN_RND_DEL/i_pipe/opt_has_pipe.i_pipe[21].pipe_reg[21][0]) is unused and will be removed from module floating_point_v7_1_5_viv.
INFO: [Synth 8-3332] Sequential element (DIV_OP.SPD.OP/EXP/SIGN_RND_DEL/i_pipe/opt_has_pipe.i_pipe[22].pipe_reg[22][0]) is unused and will be removed from module floating_point_v7_1_5_viv.
INFO: [Synth 8-3332] Sequential element (DIV_OP.SPD.OP/EXP/SIGN_RND_DEL/i_pipe/opt_has_pipe.i_pipe[23].pipe_reg[23][0]) is unused and will be removed from module floating_point_v7_1_5_viv.
INFO: [Synth 8-3332] Sequential element (DIV_OP.SPD.OP/EXP/SIGN_RND_DEL/i_pipe/opt_has_pipe.i_pipe[24].pipe_reg[24][0]) is unused and will be removed from module floating_point_v7_1_5_viv.
INFO: [Synth 8-3332] Sequential element (DIV_OP.SPD.OP/EXP/SIGN_RND_DEL/i_pipe/opt_has_pipe.i_pipe[25].pipe_reg[25][0]) is unused and will be removed from module floating_point_v7_1_5_viv.
INFO: [Synth 8-3332] Sequential element (DIV_OP.SPD.OP/EXP/INV_OP_DEL/i_pipe/opt_has_pipe.i_pipe[2].pipe_reg[2][0]) is unused and will be removed from module floating_point_v7_1_5_viv.
INFO: [Synth 8-3332] Sequential element (DIV_OP.SPD.OP/EXP/INV_OP_DEL/i_pipe/opt_has_pipe.i_pipe[3].pipe_reg[3][0]) is unused and will be removed from module floating_point_v7_1_5_viv.
INFO: [Synth 8-3332] Sequential element (DIV_OP.SPD.OP/EXP/INV_OP_DEL/i_pipe/opt_has_pipe.i_pipe[4].pipe_reg[4][0]) is unused and will be removed from module floating_point_v7_1_5_viv.
INFO: [Synth 8-3332] Sequential element (DIV_OP.SPD.OP/EXP/INV_OP_DEL/i_pipe/opt_has_pipe.i_pipe[5].pipe_reg[5][0]) is unused and will be removed from module floating_point_v7_1_5_viv.
INFO: [Synth 8-3332] Sequential element (DIV_OP.SPD.OP/EXP/INV_OP_DEL/i_pipe/opt_has_pipe.i_pipe[6].pipe_reg[6][0]) is unused and will be removed from module floating_point_v7_1_5_viv.
INFO: [Synth 8-3332] Sequential element (DIV_OP.SPD.OP/EXP/INV_OP_DEL/i_pipe/opt_has_pipe.i_pipe[7].pipe_reg[7][0]) is unused and will be removed from module floating_point_v7_1_5_viv.
INFO: [Synth 8-3332] Sequential element (DIV_OP.SPD.OP/EXP/INV_OP_DEL/i_pipe/opt_has_pipe.i_pipe[8].pipe_reg[8][0]) is unused and will be removed from module floating_point_v7_1_5_viv.
INFO: [Synth 8-3332] Sequential element (DIV_OP.SPD.OP/EXP/INV_OP_DEL/i_pipe/opt_has_pipe.i_pipe[9].pipe_reg[9][0]) is unused and will be removed from module floating_point_v7_1_5_viv.
INFO: [Synth 8-3332] Sequential element (DIV_OP.SPD.OP/EXP/INV_OP_DEL/i_pipe/opt_has_pipe.i_pipe[10].pipe_reg[10][0]) is unused and will be removed from module floating_point_v7_1_5_viv.
INFO: [Synth 8-3332] Sequential element (DIV_OP.SPD.OP/EXP/INV_OP_DEL/i_pipe/opt_has_pipe.i_pipe[11].pipe_reg[11][0]) is unused and will be removed from module floating_point_v7_1_5_viv.
INFO: [Synth 8-3332] Sequential element (DIV_OP.SPD.OP/EXP/INV_OP_DEL/i_pipe/opt_has_pipe.i_pipe[12].pipe_reg[12][0]) is unused and will be removed from module floating_point_v7_1_5_viv.
INFO: [Synth 8-3332] Sequential element (DIV_OP.SPD.OP/EXP/INV_OP_DEL/i_pipe/opt_has_pipe.i_pipe[13].pipe_reg[13][0]) is unused and will be removed from module floating_point_v7_1_5_viv.
INFO: [Synth 8-3332] Sequential element (DIV_OP.SPD.OP/EXP/INV_OP_DEL/i_pipe/opt_has_pipe.i_pipe[14].pipe_reg[14][0]) is unused and will be removed from module floating_point_v7_1_5_viv.
INFO: [Synth 8-3332] Sequential element (DIV_OP.SPD.OP/EXP/INV_OP_DEL/i_pipe/opt_has_pipe.i_pipe[15].pipe_reg[15][0]) is unused and will be removed from module floating_point_v7_1_5_viv.
INFO: [Synth 8-3332] Sequential element (DIV_OP.SPD.OP/EXP/INV_OP_DEL/i_pipe/opt_has_pipe.i_pipe[16].pipe_reg[16][0]) is unused and will be removed from module floating_point_v7_1_5_viv.
INFO: [Synth 8-3332] Sequential element (DIV_OP.SPD.OP/EXP/INV_OP_DEL/i_pipe/opt_has_pipe.i_pipe[17].pipe_reg[17][0]) is unused and will be removed from module floating_point_v7_1_5_viv.
INFO: [Synth 8-3332] Sequential element (DIV_OP.SPD.OP/EXP/INV_OP_DEL/i_pipe/opt_has_pipe.i_pipe[18].pipe_reg[18][0]) is unused and will be removed from module floating_point_v7_1_5_viv.
INFO: [Synth 8-3332] Sequential element (DIV_OP.SPD.OP/EXP/INV_OP_DEL/i_pipe/opt_has_pipe.i_pipe[19].pipe_reg[19][0]) is unused and will be removed from module floating_point_v7_1_5_viv.
INFO: [Synth 8-3332] Sequential element (DIV_OP.SPD.OP/EXP/INV_OP_DEL/i_pipe/opt_has_pipe.i_pipe[20].pipe_reg[20][0]) is unused and will be removed from module floating_point_v7_1_5_viv.
INFO: [Synth 8-3332] Sequential element (DIV_OP.SPD.OP/EXP/INV_OP_DEL/i_pipe/opt_has_pipe.i_pipe[21].pipe_reg[21][0]) is unused and will be removed from module floating_point_v7_1_5_viv.
INFO: [Synth 8-3332] Sequential element (DIV_OP.SPD.OP/EXP/INV_OP_DEL/i_pipe/opt_has_pipe.i_pipe[22].pipe_reg[22][0]) is unused and will be removed from module floating_point_v7_1_5_viv.
INFO: [Synth 8-3332] Sequential element (DIV_OP.SPD.OP/EXP/INV_OP_DEL/i_pipe/opt_has_pipe.i_pipe[23].pipe_reg[23][0]) is unused and will be removed from module floating_point_v7_1_5_viv.
INFO: [Synth 8-3332] Sequential element (DIV_OP.SPD.OP/EXP/INV_OP_DEL/i_pipe/opt_has_pipe.i_pipe[24].pipe_reg[24][0]) is unused and will be removed from module floating_point_v7_1_5_viv.
INFO: [Synth 8-3332] Sequential element (DIV_OP.SPD.OP/EXP/INV_OP_DEL/i_pipe/opt_has_pipe.i_pipe[25].pipe_reg[25][0]) is unused and will be removed from module floating_point_v7_1_5_viv.
INFO: [Synth 8-3332] Sequential element (DIV_OP.SPD.OP/EXP/INV_OP_DEL/i_pipe/opt_has_pipe.i_pipe[26].pipe_reg[26][0]) is unused and will be removed from module floating_point_v7_1_5_viv.
INFO: [Synth 8-3332] Sequential element (DIV_OP.SPD.OP/EXP/DIV_BY_ZERO_DEL/i_pipe/opt_has_pipe.i_pipe[2].pipe_reg[2][0]) is unused and will be removed from module floating_point_v7_1_5_viv.
INFO: [Synth 8-3332] Sequential element (DIV_OP.SPD.OP/EXP/DIV_BY_ZERO_DEL/i_pipe/opt_has_pipe.i_pipe[3].pipe_reg[3][0]) is unused and will be removed from module floating_point_v7_1_5_viv.
INFO: [Synth 8-3332] Sequential element (DIV_OP.SPD.OP/EXP/DIV_BY_ZERO_DEL/i_pipe/opt_has_pipe.i_pipe[4].pipe_reg[4][0]) is unused and will be removed from module floating_point_v7_1_5_viv.
INFO: [Synth 8-3332] Sequential element (DIV_OP.SPD.OP/EXP/DIV_BY_ZERO_DEL/i_pipe/opt_has_pipe.i_pipe[5].pipe_reg[5][0]) is unused and will be removed from module floating_point_v7_1_5_viv.
INFO: [Synth 8-3332] Sequential element (DIV_OP.SPD.OP/EXP/DIV_BY_ZERO_DEL/i_pipe/opt_has_pipe.i_pipe[6].pipe_reg[6][0]) is unused and will be removed from module floating_point_v7_1_5_viv.
INFO: [Synth 8-3332] Sequential element (DIV_OP.SPD.OP/EXP/DIV_BY_ZERO_DEL/i_pipe/opt_has_pipe.i_pipe[7].pipe_reg[7][0]) is unused and will be removed from module floating_point_v7_1_5_viv.
INFO: [Synth 8-3332] Sequential element (DIV_OP.SPD.OP/EXP/DIV_BY_ZERO_DEL/i_pipe/opt_has_pipe.i_pipe[8].pipe_reg[8][0]) is unused and will be removed from module floating_point_v7_1_5_viv.
INFO: [Synth 8-3332] Sequential element (DIV_OP.SPD.OP/EXP/DIV_BY_ZERO_DEL/i_pipe/opt_has_pipe.i_pipe[9].pipe_reg[9][0]) is unused and will be removed from module floating_point_v7_1_5_viv.
INFO: [Synth 8-3332] Sequential element (DIV_OP.SPD.OP/EXP/DIV_BY_ZERO_DEL/i_pipe/opt_has_pipe.i_pipe[10].pipe_reg[10][0]) is unused and will be removed from module floating_point_v7_1_5_viv.
INFO: [Synth 8-3332] Sequential element (DIV_OP.SPD.OP/EXP/DIV_BY_ZERO_DEL/i_pipe/opt_has_pipe.i_pipe[11].pipe_reg[11][0]) is unused and will be removed from module floating_point_v7_1_5_viv.
INFO: [Synth 8-3332] Sequential element (DIV_OP.SPD.OP/EXP/DIV_BY_ZERO_DEL/i_pipe/opt_has_pipe.i_pipe[12].pipe_reg[12][0]) is unused and will be removed from module floating_point_v7_1_5_viv.
INFO: [Synth 8-3332] Sequential element (DIV_OP.SPD.OP/EXP/DIV_BY_ZERO_DEL/i_pipe/opt_has_pipe.i_pipe[13].pipe_reg[13][0]) is unused and will be removed from module floating_point_v7_1_5_viv.
INFO: [Synth 8-3332] Sequential element (DIV_OP.SPD.OP/EXP/DIV_BY_ZERO_DEL/i_pipe/opt_has_pipe.i_pipe[14].pipe_reg[14][0]) is unused and will be removed from module floating_point_v7_1_5_viv.
INFO: [Synth 8-3332] Sequential element (DIV_OP.SPD.OP/EXP/DIV_BY_ZERO_DEL/i_pipe/opt_has_pipe.i_pipe[15].pipe_reg[15][0]) is unused and will be removed from module floating_point_v7_1_5_viv.
INFO: [Synth 8-3332] Sequential element (DIV_OP.SPD.OP/EXP/DIV_BY_ZERO_DEL/i_pipe/opt_has_pipe.i_pipe[16].pipe_reg[16][0]) is unused and will be removed from module floating_point_v7_1_5_viv.
INFO: [Synth 8-3332] Sequential element (DIV_OP.SPD.OP/EXP/DIV_BY_ZERO_DEL/i_pipe/opt_has_pipe.i_pipe[17].pipe_reg[17][0]) is unused and will be removed from module floating_point_v7_1_5_viv.
INFO: [Synth 8-3332] Sequential element (DIV_OP.SPD.OP/EXP/DIV_BY_ZERO_DEL/i_pipe/opt_has_pipe.i_pipe[18].pipe_reg[18][0]) is unused and will be removed from module floating_point_v7_1_5_viv.
INFO: [Synth 8-3332] Sequential element (DIV_OP.SPD.OP/EXP/DIV_BY_ZERO_DEL/i_pipe/opt_has_pipe.i_pipe[19].pipe_reg[19][0]) is unused and will be removed from module floating_point_v7_1_5_viv.
INFO: [Synth 8-3332] Sequential element (DIV_OP.SPD.OP/EXP/DIV_BY_ZERO_DEL/i_pipe/opt_has_pipe.i_pipe[20].pipe_reg[20][0]) is unused and will be removed from module floating_point_v7_1_5_viv.
INFO: [Synth 8-3332] Sequential element (DIV_OP.SPD.OP/EXP/DIV_BY_ZERO_DEL/i_pipe/opt_has_pipe.i_pipe[21].pipe_reg[21][0]) is unused and will be removed from module floating_point_v7_1_5_viv.
INFO: [Synth 8-3332] Sequential element (DIV_OP.SPD.OP/EXP/DIV_BY_ZERO_DEL/i_pipe/opt_has_pipe.i_pipe[22].pipe_reg[22][0]) is unused and will be removed from module floating_point_v7_1_5_viv.
INFO: [Synth 8-3332] Sequential element (DIV_OP.SPD.OP/EXP/DIV_BY_ZERO_DEL/i_pipe/opt_has_pipe.i_pipe[23].pipe_reg[23][0]) is unused and will be removed from module floating_point_v7_1_5_viv.
INFO: [Synth 8-3332] Sequential element (DIV_OP.SPD.OP/EXP/DIV_BY_ZERO_DEL/i_pipe/opt_has_pipe.i_pipe[24].pipe_reg[24][0]) is unused and will be removed from module floating_point_v7_1_5_viv.
INFO: [Synth 8-3332] Sequential element (DIV_OP.SPD.OP/EXP/DIV_BY_ZERO_DEL/i_pipe/opt_has_pipe.i_pipe[25].pipe_reg[25][0]) is unused and will be removed from module floating_point_v7_1_5_viv.
INFO: [Synth 8-3332] Sequential element (DIV_OP.SPD.OP/EXP/DIV_BY_ZERO_DEL/i_pipe/opt_has_pipe.i_pipe[26].pipe_reg[26][0]) is unused and will be removed from module floating_point_v7_1_5_viv.
INFO: [Synth 8-3332] Sequential element (DIV_OP.SPD.OP/EXP/FLOW_UP_DEL/i_pipe/opt_has_pipe.i_pipe[2].pipe_reg[2][3]) is unused and will be removed from module floating_point_v7_1_5_viv.
INFO: [Synth 8-3332] Sequential element (DIV_OP.SPD.OP/EXP/FLOW_UP_DEL/i_pipe/opt_has_pipe.i_pipe[2].pipe_reg[2][2]) is unused and will be removed from module floating_point_v7_1_5_viv.
INFO: [Synth 8-3332] Sequential element (DIV_OP.SPD.OP/EXP/FLOW_UP_DEL/i_pipe/opt_has_pipe.i_pipe[2].pipe_reg[2][1]) is unused and will be removed from module floating_point_v7_1_5_viv.
INFO: [Synth 8-3332] Sequential element (DIV_OP.SPD.OP/EXP/FLOW_UP_DEL/i_pipe/opt_has_pipe.i_pipe[2].pipe_reg[2][0]) is unused and will be removed from module floating_point_v7_1_5_viv.
INFO: [Synth 8-3332] Sequential element (DIV_OP.SPD.OP/EXP/FLOW_UP_DEL/i_pipe/opt_has_pipe.i_pipe[3].pipe_reg[3][3]) is unused and will be removed from module floating_point_v7_1_5_viv.
INFO: [Synth 8-3332] Sequential element (DIV_OP.SPD.OP/EXP/FLOW_UP_DEL/i_pipe/opt_has_pipe.i_pipe[3].pipe_reg[3][2]) is unused and will be removed from module floating_point_v7_1_5_viv.
INFO: [Synth 8-3332] Sequential element (DIV_OP.SPD.OP/EXP/FLOW_UP_DEL/i_pipe/opt_has_pipe.i_pipe[3].pipe_reg[3][1]) is unused and will be removed from module floating_point_v7_1_5_viv.
INFO: [Synth 8-3332] Sequential element (DIV_OP.SPD.OP/EXP/FLOW_UP_DEL/i_pipe/opt_has_pipe.i_pipe[3].pipe_reg[3][0]) is unused and will be removed from module floating_point_v7_1_5_viv.
INFO: [Synth 8-3332] Sequential element (DIV_OP.SPD.OP/EXP/FLOW_UP_DEL/i_pipe/opt_has_pipe.i_pipe[4].pipe_reg[4][3]) is unused and will be removed from module floating_point_v7_1_5_viv.
INFO: [Synth 8-3332] Sequential element (DIV_OP.SPD.OP/EXP/FLOW_UP_DEL/i_pipe/opt_has_pipe.i_pipe[4].pipe_reg[4][2]) is unused and will be removed from module floating_point_v7_1_5_viv.
INFO: [Synth 8-3332] Sequential element (DIV_OP.SPD.OP/EXP/FLOW_UP_DEL/i_pipe/opt_has_pipe.i_pipe[4].pipe_reg[4][1]) is unused and will be removed from module floating_point_v7_1_5_viv.
INFO: [Synth 8-3332] Sequential element (DIV_OP.SPD.OP/EXP/FLOW_UP_DEL/i_pipe/opt_has_pipe.i_pipe[4].pipe_reg[4][0]) is unused and will be removed from module floating_point_v7_1_5_viv.
INFO: [Synth 8-3332] Sequential element (DIV_OP.SPD.OP/EXP/FLOW_UP_DEL/i_pipe/opt_has_pipe.i_pipe[5].pipe_reg[5][3]) is unused and will be removed from module floating_point_v7_1_5_viv.
INFO: [Synth 8-3332] Sequential element (DIV_OP.SPD.OP/EXP/FLOW_UP_DEL/i_pipe/opt_has_pipe.i_pipe[5].pipe_reg[5][2]) is unused and will be removed from module floating_point_v7_1_5_viv.
INFO: [Synth 8-3332] Sequential element (DIV_OP.SPD.OP/EXP/FLOW_UP_DEL/i_pipe/opt_has_pipe.i_pipe[5].pipe_reg[5][1]) is unused and will be removed from module floating_point_v7_1_5_viv.
INFO: [Synth 8-3332] Sequential element (DIV_OP.SPD.OP/EXP/FLOW_UP_DEL/i_pipe/opt_has_pipe.i_pipe[5].pipe_reg[5][0]) is unused and will be removed from module floating_point_v7_1_5_viv.
INFO: [Synth 8-3332] Sequential element (DIV_OP.SPD.OP/EXP/FLOW_UP_DEL/i_pipe/opt_has_pipe.i_pipe[6].pipe_reg[6][3]) is unused and will be removed from module floating_point_v7_1_5_viv.
INFO: [Synth 8-3332] Sequential element (DIV_OP.SPD.OP/EXP/FLOW_UP_DEL/i_pipe/opt_has_pipe.i_pipe[6].pipe_reg[6][2]) is unused and will be removed from module floating_point_v7_1_5_viv.
INFO: [Synth 8-3332] Sequential element (DIV_OP.SPD.OP/EXP/FLOW_UP_DEL/i_pipe/opt_has_pipe.i_pipe[6].pipe_reg[6][1]) is unused and will be removed from module floating_point_v7_1_5_viv.
INFO: [Synth 8-3332] Sequential element (DIV_OP.SPD.OP/EXP/FLOW_UP_DEL/i_pipe/opt_has_pipe.i_pipe[6].pipe_reg[6][0]) is unused and will be removed from module floating_point_v7_1_5_viv.
INFO: [Synth 8-3332] Sequential element (DIV_OP.SPD.OP/EXP/FLOW_UP_DEL/i_pipe/opt_has_pipe.i_pipe[7].pipe_reg[7][3]) is unused and will be removed from module floating_point_v7_1_5_viv.
INFO: [Synth 8-3332] Sequential element (DIV_OP.SPD.OP/EXP/FLOW_UP_DEL/i_pipe/opt_has_pipe.i_pipe[7].pipe_reg[7][2]) is unused and will be removed from module floating_point_v7_1_5_viv.
INFO: [Synth 8-3332] Sequential element (DIV_OP.SPD.OP/EXP/FLOW_UP_DEL/i_pipe/opt_has_pipe.i_pipe[7].pipe_reg[7][1]) is unused and will be removed from module floating_point_v7_1_5_viv.
INFO: [Synth 8-3332] Sequential element (DIV_OP.SPD.OP/EXP/FLOW_UP_DEL/i_pipe/opt_has_pipe.i_pipe[7].pipe_reg[7][0]) is unused and will be removed from module floating_point_v7_1_5_viv.
INFO: [Synth 8-3332] Sequential element (DIV_OP.SPD.OP/EXP/FLOW_UP_DEL/i_pipe/opt_has_pipe.i_pipe[8].pipe_reg[8][3]) is unused and will be removed from module floating_point_v7_1_5_viv.
INFO: [Synth 8-3332] Sequential element (DIV_OP.SPD.OP/EXP/FLOW_UP_DEL/i_pipe/opt_has_pipe.i_pipe[8].pipe_reg[8][2]) is unused and will be removed from module floating_point_v7_1_5_viv.
INFO: [Common 17-14] Message 'Synth 8-3332' appears 100 times and further instances of the messages will be disabled. Use the Tcl command set_msg_config to change the current settings.
---------------------------------------------------------------------------------
Finished Cross Boundary and Area Optimization : Time (s): cpu = 00:02:54 ; elapsed = 00:03:41 . Memory (MB): peak = 765.754 ; gain = 511.227
---------------------------------------------------------------------------------

Report RTL Partitions: 
+-+--------------+------------+----------+
| |RTL Partition |Replication |Instances |
+-+--------------+------------+----------+
+-+--------------+------------+----------+
---------------------------------------------------------------------------------
Start Applying XDC Timing Constraints
---------------------------------------------------------------------------------
---------------------------------------------------------------------------------
Finished Applying XDC Timing Constraints : Time (s): cpu = 00:03:41 ; elapsed = 00:04:35 . Memory (MB): peak = 765.754 ; gain = 511.227
---------------------------------------------------------------------------------
---------------------------------------------------------------------------------
Start Timing Optimization
---------------------------------------------------------------------------------
---------------------------------------------------------------------------------
Finished Timing Optimization : Time (s): cpu = 00:03:43 ; elapsed = 00:04:37 . Memory (MB): peak = 784.949 ; gain = 530.422
---------------------------------------------------------------------------------

Report RTL Partitions: 
+-+--------------+------------+----------+
| |RTL Partition |Replication |Instances |
+-+--------------+------------+----------+
+-+--------------+------------+----------+
---------------------------------------------------------------------------------
Start Technology Mapping
---------------------------------------------------------------------------------
---------------------------------------------------------------------------------
Finished Technology Mapping : Time (s): cpu = 00:03:48 ; elapsed = 00:04:42 . Memory (MB): peak = 793.863 ; gain = 539.336
---------------------------------------------------------------------------------

Report RTL Partitions: 
+-+--------------+------------+----------+
| |RTL Partition |Replication |Instances |
+-+--------------+------------+----------+
+-+--------------+------------+----------+
---------------------------------------------------------------------------------
Start IO Insertion
---------------------------------------------------------------------------------
---------------------------------------------------------------------------------
Start Flattening Before IO Insertion
---------------------------------------------------------------------------------
---------------------------------------------------------------------------------
Finished Flattening Before IO Insertion
---------------------------------------------------------------------------------
---------------------------------------------------------------------------------
Start Final Netlist Cleanup
---------------------------------------------------------------------------------
---------------------------------------------------------------------------------
Finished Final Netlist Cleanup
---------------------------------------------------------------------------------
---------------------------------------------------------------------------------
Finished IO Insertion : Time (s): cpu = 00:03:53 ; elapsed = 00:04:47 . Memory (MB): peak = 793.863 ; gain = 539.336
---------------------------------------------------------------------------------

Report Check Netlist: 
+------+------------------+-------+---------+-------+------------------+
|      |Item              |Errors |Warnings |Status |Description       |
+------+------------------+-------+---------+-------+------------------+
|1     |multi_driven_nets |      0|        0|Passed |Multi driven nets |
+------+------------------+-------+---------+-------+------------------+
---------------------------------------------------------------------------------
Start Renaming Generated Instances
---------------------------------------------------------------------------------
---------------------------------------------------------------------------------
Finished Renaming Generated Instances : Time (s): cpu = 00:03:53 ; elapsed = 00:04:48 . Memory (MB): peak = 793.863 ; gain = 539.336
---------------------------------------------------------------------------------

Report RTL Partitions: 
+-+--------------+------------+----------+
| |RTL Partition |Replication |Instances |
+-+--------------+------------+----------+
+-+--------------+------------+----------+
---------------------------------------------------------------------------------
Start Rebuilding User Hierarchy
---------------------------------------------------------------------------------
---------------------------------------------------------------------------------
Finished Rebuilding User Hierarchy : Time (s): cpu = 00:03:55 ; elapsed = 00:04:50 . Memory (MB): peak = 793.863 ; gain = 539.336
---------------------------------------------------------------------------------
---------------------------------------------------------------------------------
Start Renaming Generated Ports
---------------------------------------------------------------------------------
---------------------------------------------------------------------------------
Finished Renaming Generated Ports : Time (s): cpu = 00:03:55 ; elapsed = 00:04:50 . Memory (MB): peak = 793.863 ; gain = 539.336
---------------------------------------------------------------------------------
---------------------------------------------------------------------------------
Start Handling Custom Attributes
---------------------------------------------------------------------------------
---------------------------------------------------------------------------------
Finished Handling Custom Attributes : Time (s): cpu = 00:03:56 ; elapsed = 00:04:50 . Memory (MB): peak = 793.863 ; gain = 539.336
---------------------------------------------------------------------------------
---------------------------------------------------------------------------------
Start Renaming Generated Nets
---------------------------------------------------------------------------------
---------------------------------------------------------------------------------
Finished Renaming Generated Nets : Time (s): cpu = 00:03:56 ; elapsed = 00:04:50 . Memory (MB): peak = 793.863 ; gain = 539.336
---------------------------------------------------------------------------------
---------------------------------------------------------------------------------
Start Writing Synthesis Report
---------------------------------------------------------------------------------

Report BlackBoxes: 
+-+--------------+----------+
| |BlackBox name |Instances |
+-+--------------+----------+
+-+--------------+----------+

Report Cell Usage: 
+------+--------+------+
|      |Cell    |Count |
+------+--------+------+
|1     |CARRY4  |     3|
|2     |LUT1    |     2|
|3     |LUT2    |   146|
|4     |LUT3    |   645|
|5     |LUT4    |    17|
|6     |LUT5    |    16|
|7     |LUT6    |    20|
|8     |MUXCY   |   658|
|9     |SRL16E  |    15|
|10    |SRLC32E |    22|
|11    |XORCY   |   683|
|12    |FDE     |     1|
|13    |FDRE    |  1520|
+------+--------+------+
---------------------------------------------------------------------------------
Finished Writing Synthesis Report : Time (s): cpu = 00:03:56 ; elapsed = 00:04:50 . Memory (MB): peak = 793.863 ; gain = 539.336
---------------------------------------------------------------------------------
Synthesis finished with 0 errors, 0 critical warnings and 64 warnings.
Synthesis Optimization Runtime : Time (s): cpu = 00:02:01 ; elapsed = 00:03:57 . Memory (MB): peak = 793.863 ; gain = 225.422
Synthesis Optimization Complete : Time (s): cpu = 00:03:56 ; elapsed = 00:04:51 . Memory (MB): peak = 793.863 ; gain = 539.336
INFO: [Project 1-571] Translating synthesized netlist
INFO: [Netlist 29-17] Analyzing 1345 Unisim elements for replacement
INFO: [Netlist 29-28] Unisim Transformation completed in 0 CPU seconds
INFO: [Project 1-570] Preparing netlist for logic optimization
INFO: [Opt 31-138] Pushed 0 inverter(s) to 0 load pin(s).
INFO: [Project 1-111] Unisim Transformation Summary:
  A total of 192 instances were transformed.
  (MUXCY,XORCY) => CARRY4: 191 instances
  FDE => FDRE: 1 instances

INFO: [Common 17-83] Releasing license: Synthesis
148 Infos, 100 Warnings, 0 Critical Warnings and 0 Errors encountered.
synth_design completed successfully
synth_design: Time (s): cpu = 00:04:10 ; elapsed = 00:05:07 . Memory (MB): peak = 797.016 ; gain = 554.145
INFO: [Common 17-1381] The checkpoint 'E:/bildiri ve makaleler/kitap/fpga/uygulamalar/prj_bolum11_uyg4/prj_bolum11_uyg4.runs/floating_divide_synth_1/floating_divide.dcp' has been generated.
write_checkpoint: Time (s): cpu = 00:00:05 ; elapsed = 00:00:05 . Memory (MB): peak = 797.016 ; gain = 0.000
INFO: [Coretcl 2-1482] Added synthesis output to IP cache for IP e:/bildiri ve makaleler/kitap/fpga/uygulamalar/prj_bolum11_uyg4/prj_bolum11_uyg4.srcs/sources_1/ip/floating_divide/floating_divide.xci
INFO: [Coretcl 2-1174] Renamed 226 cell refs.
INFO: [Common 17-1381] The checkpoint 'E:/bildiri ve makaleler/kitap/fpga/uygulamalar/prj_bolum11_uyg4/prj_bolum11_uyg4.runs/floating_divide_synth_1/floating_divide.dcp' has been generated.
write_checkpoint: Time (s): cpu = 00:00:05 ; elapsed = 00:00:05 . Memory (MB): peak = 797.016 ; gain = 0.000
INFO: [runtcl-4] Executing : report_utilization -file floating_divide_utilization_synth.rpt -pb floating_divide_utilization_synth.pb
report_utilization: Time (s): cpu = 00:00:00 ; elapsed = 00:00:00.506 . Memory (MB): peak = 797.016 ; gain = 0.000
INFO: [Common 17-206] Exiting Vivado at Sat Aug 17 12:05:39 2019...
[Sat Aug 17 12:05:43 2019] floating_divide_synth_1 finished
wait_on_run: Time (s): cpu = 00:00:24 ; elapsed = 00:06:34 . Memory (MB): peak = 1359.188 ; gain = 0.000
launch_simulation
INFO: [Vivado 12-5698] Checking validity of IPs in the design for the 'XSim' simulator...
INFO: [Vivado 12-5682] Launching behavioral simulation in 'E:/bildiri ve makaleler/kitap/fpga/uygulamalar/prj_bolum11_uyg4/prj_bolum11_uyg4.sim/sim_1/behav/xsim'
INFO: [Vivado 12-4795] Using compiled simulation libraries for IPs
INFO: [SIM-utils-51] Simulation object is 'sim_1'
INFO: [USF-XSim-7] Finding pre-compiled libraries...
INFO: [USF-XSim-11] File 'C:/Xilinx/Vivado/2017.4/data/xsim/ip/xsim_ip.ini' copied to run dir:'E:/bildiri ve makaleler/kitap/fpga/uygulamalar/prj_bolum11_uyg4/prj_bolum11_uyg4.sim/sim_1/behav/xsim'
INFO: [SIM-utils-54] Inspecting design source files for 'uyg114' in fileset 'sim_1'...
INFO: [USF-XSim-97] Finding global include files...
INFO: [USF-XSim-98] Fetching design files from 'sim_1'...
INFO: [USF-XSim-2] XSim::Compile design
INFO: [USF-XSim-61] Executing 'COMPILE and ANALYZE' step in 'E:/bildiri ve makaleler/kitap/fpga/uygulamalar/prj_bolum11_uyg4/prj_bolum11_uyg4.sim/sim_1/behav/xsim'
"xvlog --incr --relax -prj uyg114_vlog.prj"
INFO: [VRFC 10-2263] Analyzing Verilog file "E:/bildiri ve makaleler/kitap/fpga/uygulamalar/prj_bolum11_uyg4/prj_bolum11_uyg4.srcs/sources_1/ip/floating_divide/floating_divide_sim_netlist.v" into library xil_defaultlib
INFO: [VRFC 10-311] analyzing module floating_divide
INFO: [VRFC 10-311] analyzing module floating_divide_floating_point_v7_1_5
INFO: [VRFC 10-311] analyzing module floating_divide_axi_slave_2to1
INFO: [VRFC 10-311] analyzing module floating_divide_carry_chain
INFO: [VRFC 10-311] analyzing module floating_divide_carry_chain_102
INFO: [VRFC 10-311] analyzing module floating_divide_carry_chain_106
INFO: [VRFC 10-311] analyzing module floating_divide_carry_chain_111
INFO: [VRFC 10-311] analyzing module floating_divide_carry_chain_115
INFO: [VRFC 10-311] analyzing module floating_divide_carry_chain_119
INFO: [VRFC 10-311] analyzing module floating_divide_carry_chain_123
INFO: [VRFC 10-311] analyzing module floating_divide_carry_chain_127
INFO: [VRFC 10-311] analyzing module floating_divide_carry_chain_131
INFO: [VRFC 10-311] analyzing module floating_divide_carry_chain_135
INFO: [VRFC 10-311] analyzing module floating_divide_carry_chain_139
INFO: [VRFC 10-311] analyzing module floating_divide_carry_chain_143
INFO: [VRFC 10-311] analyzing module floating_divide_carry_chain_147
INFO: [VRFC 10-311] analyzing module floating_divide_carry_chain_151
INFO: [VRFC 10-311] analyzing module floating_divide_carry_chain_155
INFO: [VRFC 10-311] analyzing module floating_divide_carry_chain_57
INFO: [VRFC 10-311] analyzing module floating_divide_carry_chain_61
INFO: [VRFC 10-311] analyzing module floating_divide_carry_chain_65
INFO: [VRFC 10-311] analyzing module floating_divide_carry_chain_69
INFO: [VRFC 10-311] analyzing module floating_divide_carry_chain_73
INFO: [VRFC 10-311] analyzing module floating_divide_carry_chain_77
INFO: [VRFC 10-311] analyzing module floating_divide_carry_chain_81
INFO: [VRFC 10-311] analyzing module floating_divide_carry_chain_85
INFO: [VRFC 10-311] analyzing module floating_divide_carry_chain_90
INFO: [VRFC 10-311] analyzing module floating_divide_carry_chain_94
INFO: [VRFC 10-311] analyzing module floating_divide_carry_chain_98
INFO: [VRFC 10-311] analyzing module floating_divide_carry_chain__parameterized0
INFO: [VRFC 10-311] analyzing module floating_divide_carry_chain__parameterized1
INFO: [VRFC 10-311] analyzing module floating_divide_carry_chain__parameterized2
INFO: [VRFC 10-311] analyzing module floating_divide_carry_chain__parameterized3
INFO: [VRFC 10-311] analyzing module floating_divide_delay
INFO: [VRFC 10-311] analyzing module floating_divide_delay_11
INFO: [VRFC 10-311] analyzing module floating_divide_delay_13
INFO: [VRFC 10-311] analyzing module floating_divide_delay_15
INFO: [VRFC 10-311] analyzing module floating_divide_delay_17
INFO: [VRFC 10-311] analyzing module floating_divide_delay_19
INFO: [VRFC 10-311] analyzing module floating_divide_delay_21
INFO: [VRFC 10-311] analyzing module floating_divide_delay_23
INFO: [VRFC 10-311] analyzing module floating_divide_delay_25
INFO: [VRFC 10-311] analyzing module floating_divide_delay_27
INFO: [VRFC 10-311] analyzing module floating_divide_delay_29
INFO: [VRFC 10-311] analyzing module floating_divide_delay_31
INFO: [VRFC 10-311] analyzing module floating_divide_delay_33
INFO: [VRFC 10-311] analyzing module floating_divide_delay_35
INFO: [VRFC 10-311] analyzing module floating_divide_delay_40
INFO: [VRFC 10-311] analyzing module floating_divide_delay_43
INFO: [VRFC 10-311] analyzing module floating_divide_delay_45
INFO: [VRFC 10-311] analyzing module floating_divide_delay_47
INFO: [VRFC 10-311] analyzing module floating_divide_delay_49
INFO: [VRFC 10-311] analyzing module floating_divide_delay_5
INFO: [VRFC 10-311] analyzing module floating_divide_delay_51
INFO: [VRFC 10-311] analyzing module floating_divide_delay_53
INFO: [VRFC 10-311] analyzing module floating_divide_delay_55
INFO: [VRFC 10-311] analyzing module floating_divide_delay_7
INFO: [VRFC 10-311] analyzing module floating_divide_delay_9
INFO: [VRFC 10-311] analyzing module floating_divide_delay__parameterized10
INFO: [VRFC 10-311] analyzing module floating_divide_delay__parameterized11
INFO: [VRFC 10-311] analyzing module floating_divide_delay__parameterized12
INFO: [VRFC 10-311] analyzing module floating_divide_delay__parameterized13
INFO: [VRFC 10-311] analyzing module floating_divide_delay__parameterized14
INFO: [VRFC 10-311] analyzing module floating_divide_delay__parameterized15
INFO: [VRFC 10-311] analyzing module floating_divide_delay__parameterized16
INFO: [VRFC 10-311] analyzing module floating_divide_delay__parameterized17
INFO: [VRFC 10-311] analyzing module floating_divide_delay__parameterized18
INFO: [VRFC 10-311] analyzing module floating_divide_delay__parameterized19
INFO: [VRFC 10-311] analyzing module floating_divide_delay__parameterized2
INFO: [VRFC 10-311] analyzing module floating_divide_delay__parameterized20
INFO: [VRFC 10-311] analyzing module floating_divide_delay__parameterized21
INFO: [VRFC 10-311] analyzing module floating_divide_delay__parameterized27
INFO: [VRFC 10-311] analyzing module floating_divide_delay__parameterized27_0
INFO: [VRFC 10-311] analyzing module floating_divide_delay__parameterized2_103
INFO: [VRFC 10-311] analyzing module floating_divide_delay__parameterized2_107
INFO: [VRFC 10-311] analyzing module floating_divide_delay__parameterized2_112
INFO: [VRFC 10-311] analyzing module floating_divide_delay__parameterized2_116
INFO: [VRFC 10-311] analyzing module floating_divide_delay__parameterized2_120
INFO: [VRFC 10-311] analyzing module floating_divide_delay__parameterized2_124
INFO: [VRFC 10-311] analyzing module floating_divide_delay__parameterized2_128
INFO: [VRFC 10-311] analyzing module floating_divide_delay__parameterized2_132
INFO: [VRFC 10-311] analyzing module floating_divide_delay__parameterized2_136
INFO: [VRFC 10-311] analyzing module floating_divide_delay__parameterized2_140
INFO: [VRFC 10-311] analyzing module floating_divide_delay__parameterized2_144
INFO: [VRFC 10-311] analyzing module floating_divide_delay__parameterized2_148
INFO: [VRFC 10-311] analyzing module floating_divide_delay__parameterized2_152
INFO: [VRFC 10-311] analyzing module floating_divide_delay__parameterized2_156
INFO: [VRFC 10-311] analyzing module floating_divide_delay__parameterized2_58
INFO: [VRFC 10-311] analyzing module floating_divide_delay__parameterized2_62
INFO: [VRFC 10-311] analyzing module floating_divide_delay__parameterized2_66
INFO: [VRFC 10-311] analyzing module floating_divide_delay__parameterized2_70
INFO: [VRFC 10-311] analyzing module floating_divide_delay__parameterized2_74
INFO: [VRFC 10-311] analyzing module floating_divide_delay__parameterized2_78
INFO: [VRFC 10-311] analyzing module floating_divide_delay__parameterized2_82
INFO: [VRFC 10-311] analyzing module floating_divide_delay__parameterized2_86
INFO: [VRFC 10-311] analyzing module floating_divide_delay__parameterized2_91
INFO: [VRFC 10-311] analyzing module floating_divide_delay__parameterized2_95
INFO: [VRFC 10-311] analyzing module floating_divide_delay__parameterized2_99
INFO: [VRFC 10-311] analyzing module floating_divide_delay__parameterized3
INFO: [VRFC 10-311] analyzing module floating_divide_delay__parameterized32
INFO: [VRFC 10-311] analyzing module floating_divide_delay__parameterized32_1
INFO: [VRFC 10-311] analyzing module floating_divide_delay__parameterized3_36
INFO: [VRFC 10-311] analyzing module floating_divide_delay__parameterized3_38
INFO: [VRFC 10-311] analyzing module floating_divide_delay__parameterized3_41
INFO: [VRFC 10-311] analyzing module floating_divide_delay__parameterized6
INFO: [VRFC 10-311] analyzing module floating_divide_delay__parameterized7
INFO: [VRFC 10-311] analyzing module floating_divide_delay__parameterized7_165
INFO: [VRFC 10-311] analyzing module floating_divide_delay__parameterized8
INFO: [VRFC 10-311] analyzing module floating_divide_delay__parameterized8_160
INFO: [VRFC 10-311] analyzing module floating_divide_delay__parameterized8_163
INFO: [VRFC 10-311] analyzing module floating_divide_delay__parameterized8_164
INFO: [VRFC 10-311] analyzing module floating_divide_delay__parameterized9
INFO: [VRFC 10-311] analyzing module floating_divide_floating_point_v7_1_5_viv
INFO: [VRFC 10-311] analyzing module floating_divide_flt_dec_op_lat
INFO: [VRFC 10-311] analyzing module floating_divide_flt_div
INFO: [VRFC 10-311] analyzing module floating_divide_flt_div_exp
INFO: [VRFC 10-311] analyzing module floating_divide_flt_div_mant
INFO: [VRFC 10-311] analyzing module floating_divide_flt_div_mant_addsub
INFO: [VRFC 10-311] analyzing module floating_divide_flt_div_mant_addsub_10
INFO: [VRFC 10-311] analyzing module floating_divide_flt_div_mant_addsub_12
INFO: [VRFC 10-311] analyzing module floating_divide_flt_div_mant_addsub_14
INFO: [VRFC 10-311] analyzing module floating_divide_flt_div_mant_addsub_16
INFO: [VRFC 10-311] analyzing module floating_divide_flt_div_mant_addsub_18
INFO: [VRFC 10-311] analyzing module floating_divide_flt_div_mant_addsub_20
INFO: [VRFC 10-311] analyzing module floating_divide_flt_div_mant_addsub_22
INFO: [VRFC 10-311] analyzing module floating_divide_flt_div_mant_addsub_24
INFO: [VRFC 10-311] analyzing module floating_divide_flt_div_mant_addsub_26
INFO: [VRFC 10-311] analyzing module floating_divide_flt_div_mant_addsub_28
INFO: [VRFC 10-311] analyzing module floating_divide_flt_div_mant_addsub_30
INFO: [VRFC 10-311] analyzing module floating_divide_flt_div_mant_addsub_32
INFO: [VRFC 10-311] analyzing module floating_divide_flt_div_mant_addsub_34
INFO: [VRFC 10-311] analyzing module floating_divide_flt_div_mant_addsub_37
INFO: [VRFC 10-311] analyzing module floating_divide_flt_div_mant_addsub_39
INFO: [VRFC 10-311] analyzing module floating_divide_flt_div_mant_addsub_4
INFO: [VRFC 10-311] analyzing module floating_divide_flt_div_mant_addsub_42
INFO: [VRFC 10-311] analyzing module floating_divide_flt_div_mant_addsub_44
INFO: [VRFC 10-311] analyzing module floating_divide_flt_div_mant_addsub_46
INFO: [VRFC 10-311] analyzing module floating_divide_flt_div_mant_addsub_48
INFO: [VRFC 10-311] analyzing module floating_divide_flt_div_mant_addsub_50
INFO: [VRFC 10-311] analyzing module floating_divide_flt_div_mant_addsub_52
INFO: [VRFC 10-311] analyzing module floating_divide_flt_div_mant_addsub_54
INFO: [VRFC 10-311] analyzing module floating_divide_flt_div_mant_addsub_6
INFO: [VRFC 10-311] analyzing module floating_divide_flt_div_mant_addsub_8
INFO: [VRFC 10-311] analyzing module floating_divide_flt_round_bit
INFO: [VRFC 10-311] analyzing module floating_divide_renorm_and_round_logic
INFO: [VRFC 10-311] analyzing module floating_divide_special_detect
INFO: [VRFC 10-311] analyzing module floating_divide_special_detect_158
INFO: [VRFC 10-311] analyzing module floating_divide_xbip_pipe_v3_0_4_viv
INFO: [VRFC 10-311] analyzing module floating_divide_xbip_pipe_v3_0_4_viv__parameterized1
INFO: [VRFC 10-311] analyzing module floating_divide_xbip_pipe_v3_0_4_viv__parameterized11
INFO: [VRFC 10-311] analyzing module floating_divide_xbip_pipe_v3_0_4_viv__parameterized15
INFO: [VRFC 10-311] analyzing module floating_divide_xbip_pipe_v3_0_4_viv__parameterized17
INFO: [VRFC 10-311] analyzing module floating_divide_xbip_pipe_v3_0_4_viv__parameterized17_161
INFO: [VRFC 10-311] analyzing module floating_divide_xbip_pipe_v3_0_4_viv__parameterized17_162
INFO: [VRFC 10-311] analyzing module floating_divide_xbip_pipe_v3_0_4_viv__parameterized17_166
INFO: [VRFC 10-311] analyzing module floating_divide_xbip_pipe_v3_0_4_viv__parameterized17_167
INFO: [VRFC 10-311] analyzing module floating_divide_xbip_pipe_v3_0_4_viv__parameterized17_168
INFO: [VRFC 10-311] analyzing module floating_divide_xbip_pipe_v3_0_4_viv__parameterized19
INFO: [VRFC 10-311] analyzing module floating_divide_xbip_pipe_v3_0_4_viv__parameterized1_101
INFO: [VRFC 10-311] analyzing module floating_divide_xbip_pipe_v3_0_4_viv__parameterized1_105
INFO: [VRFC 10-311] analyzing module floating_divide_xbip_pipe_v3_0_4_viv__parameterized1_110
INFO: [VRFC 10-311] analyzing module floating_divide_xbip_pipe_v3_0_4_viv__parameterized1_114
INFO: [VRFC 10-311] analyzing module floating_divide_xbip_pipe_v3_0_4_viv__parameterized1_118
INFO: [VRFC 10-311] analyzing module floating_divide_xbip_pipe_v3_0_4_viv__parameterized1_122
INFO: [VRFC 10-311] analyzing module floating_divide_xbip_pipe_v3_0_4_viv__parameterized1_126
INFO: [VRFC 10-311] analyzing module floating_divide_xbip_pipe_v3_0_4_viv__parameterized1_130
INFO: [VRFC 10-311] analyzing module floating_divide_xbip_pipe_v3_0_4_viv__parameterized1_134
INFO: [VRFC 10-311] analyzing module floating_divide_xbip_pipe_v3_0_4_viv__parameterized1_138
INFO: [VRFC 10-311] analyzing module floating_divide_xbip_pipe_v3_0_4_viv__parameterized1_142
INFO: [VRFC 10-311] analyzing module floating_divide_xbip_pipe_v3_0_4_viv__parameterized1_146
INFO: [VRFC 10-311] analyzing module floating_divide_xbip_pipe_v3_0_4_viv__parameterized1_150
INFO: [VRFC 10-311] analyzing module floating_divide_xbip_pipe_v3_0_4_viv__parameterized1_154
INFO: [VRFC 10-311] analyzing module floating_divide_xbip_pipe_v3_0_4_viv__parameterized1_56
INFO: [VRFC 10-311] analyzing module floating_divide_xbip_pipe_v3_0_4_viv__parameterized1_60
INFO: [VRFC 10-311] analyzing module floating_divide_xbip_pipe_v3_0_4_viv__parameterized1_64
INFO: [VRFC 10-311] analyzing module floating_divide_xbip_pipe_v3_0_4_viv__parameterized1_68
INFO: [VRFC 10-311] analyzing module floating_divide_xbip_pipe_v3_0_4_viv__parameterized1_72
INFO: [VRFC 10-311] analyzing module floating_divide_xbip_pipe_v3_0_4_viv__parameterized1_76
INFO: [VRFC 10-311] analyzing module floating_divide_xbip_pipe_v3_0_4_viv__parameterized1_80
INFO: [VRFC 10-311] analyzing module floating_divide_xbip_pipe_v3_0_4_viv__parameterized1_89
INFO: [VRFC 10-311] analyzing module floating_divide_xbip_pipe_v3_0_4_viv__parameterized1_93
INFO: [VRFC 10-311] analyzing module floating_divide_xbip_pipe_v3_0_4_viv__parameterized1_97
INFO: [VRFC 10-311] analyzing module floating_divide_xbip_pipe_v3_0_4_viv__parameterized21
INFO: [VRFC 10-311] analyzing module floating_divide_xbip_pipe_v3_0_4_viv__parameterized23
INFO: [VRFC 10-311] analyzing module floating_divide_xbip_pipe_v3_0_4_viv__parameterized25
INFO: [VRFC 10-311] analyzing module floating_divide_xbip_pipe_v3_0_4_viv__parameterized25_159
INFO: [VRFC 10-311] analyzing module floating_divide_xbip_pipe_v3_0_4_viv__parameterized27
INFO: [VRFC 10-311] analyzing module floating_divide_xbip_pipe_v3_0_4_viv__parameterized29
INFO: [VRFC 10-311] analyzing module floating_divide_xbip_pipe_v3_0_4_viv__parameterized31
INFO: [VRFC 10-311] analyzing module floating_divide_xbip_pipe_v3_0_4_viv__parameterized33
INFO: [VRFC 10-311] analyzing module floating_divide_xbip_pipe_v3_0_4_viv__parameterized35
INFO: [VRFC 10-311] analyzing module floating_divide_xbip_pipe_v3_0_4_viv__parameterized37
INFO: [VRFC 10-311] analyzing module floating_divide_xbip_pipe_v3_0_4_viv__parameterized39
INFO: [VRFC 10-311] analyzing module floating_divide_xbip_pipe_v3_0_4_viv__parameterized49
INFO: [VRFC 10-311] analyzing module floating_divide_xbip_pipe_v3_0_4_viv__parameterized49_3
INFO: [VRFC 10-311] analyzing module floating_divide_xbip_pipe_v3_0_4_viv__parameterized57
INFO: [VRFC 10-311] analyzing module floating_divide_xbip_pipe_v3_0_4_viv__parameterized57_2
INFO: [VRFC 10-311] analyzing module floating_divide_xbip_pipe_v3_0_4_viv__parameterized7
INFO: [VRFC 10-311] analyzing module floating_divide_xbip_pipe_v3_0_4_viv__parameterized7_100
INFO: [VRFC 10-311] analyzing module floating_divide_xbip_pipe_v3_0_4_viv__parameterized7_104
INFO: [VRFC 10-311] analyzing module floating_divide_xbip_pipe_v3_0_4_viv__parameterized7_108
INFO: [VRFC 10-311] analyzing module floating_divide_xbip_pipe_v3_0_4_viv__parameterized7_113
INFO: [VRFC 10-311] analyzing module floating_divide_xbip_pipe_v3_0_4_viv__parameterized7_117
INFO: [VRFC 10-311] analyzing module floating_divide_xbip_pipe_v3_0_4_viv__parameterized7_121
INFO: [VRFC 10-311] analyzing module floating_divide_xbip_pipe_v3_0_4_viv__parameterized7_125
INFO: [VRFC 10-311] analyzing module floating_divide_xbip_pipe_v3_0_4_viv__parameterized7_129
INFO: [VRFC 10-311] analyzing module floating_divide_xbip_pipe_v3_0_4_viv__parameterized7_133
INFO: [VRFC 10-311] analyzing module floating_divide_xbip_pipe_v3_0_4_viv__parameterized7_137
INFO: [VRFC 10-311] analyzing module floating_divide_xbip_pipe_v3_0_4_viv__parameterized7_141
INFO: [VRFC 10-311] analyzing module floating_divide_xbip_pipe_v3_0_4_viv__parameterized7_145
INFO: [VRFC 10-311] analyzing module floating_divide_xbip_pipe_v3_0_4_viv__parameterized7_149
INFO: [VRFC 10-311] analyzing module floating_divide_xbip_pipe_v3_0_4_viv__parameterized7_153
INFO: [VRFC 10-311] analyzing module floating_divide_xbip_pipe_v3_0_4_viv__parameterized7_157
INFO: [VRFC 10-311] analyzing module floating_divide_xbip_pipe_v3_0_4_viv__parameterized7_59
INFO: [VRFC 10-311] analyzing module floating_divide_xbip_pipe_v3_0_4_viv__parameterized7_63
INFO: [VRFC 10-311] analyzing module floating_divide_xbip_pipe_v3_0_4_viv__parameterized7_67
INFO: [VRFC 10-311] analyzing module floating_divide_xbip_pipe_v3_0_4_viv__parameterized7_71
INFO: [VRFC 10-311] analyzing module floating_divide_xbip_pipe_v3_0_4_viv__parameterized7_75
INFO: [VRFC 10-311] analyzing module floating_divide_xbip_pipe_v3_0_4_viv__parameterized7_79
INFO: [VRFC 10-311] analyzing module floating_divide_xbip_pipe_v3_0_4_viv__parameterized7_83
INFO: [VRFC 10-311] analyzing module floating_divide_xbip_pipe_v3_0_4_viv__parameterized7_87
INFO: [VRFC 10-311] analyzing module floating_divide_xbip_pipe_v3_0_4_viv__parameterized7_92
INFO: [VRFC 10-311] analyzing module floating_divide_xbip_pipe_v3_0_4_viv__parameterized7_96
INFO: [VRFC 10-311] analyzing module floating_divide_xbip_pipe_v3_0_4_viv__parameterized9
INFO: [VRFC 10-311] analyzing module floating_divide_xbip_pipe_v3_0_4_viv__parameterized9_109
INFO: [VRFC 10-311] analyzing module floating_divide_xbip_pipe_v3_0_4_viv__parameterized9_84
INFO: [VRFC 10-311] analyzing module floating_divide_xbip_pipe_v3_0_4_viv__parameterized9_88
INFO: [VRFC 10-311] analyzing module glbl
INFO: [VRFC 10-2263] Analyzing Verilog file "E:/bildiri ve makaleler/kitap/fpga/uygulamalar/prj_bolum11_uyg4/prj_bolum11_uyg4.sim/sim_1/behav/xsim/glbl.v" into library xil_defaultlib
INFO: [VRFC 10-311] analyzing module glbl
WARNING: [VRFC 10-2421] module glbl is previously defined, ignoring this definition [E:/bildiri ve makaleler/kitap/fpga/uygulamalar/prj_bolum11_uyg4/prj_bolum11_uyg4.sim/sim_1/behav/xsim/glbl.v:6]
"xvhdl --incr --relax -prj uyg114_vhdl.prj"
INFO: [VRFC 10-163] Analyzing VHDL file "E:/bildiri ve makaleler/kitap/fpga/uygulamalar/prj_bolum11_uyg4/prj_bolum11_uyg4.srcs/sources_1/new/uyg114.vhd" into library xil_defaultlib
INFO: [VRFC 10-307] analyzing entity uyg114
run_program: Time (s): cpu = 00:00:03 ; elapsed = 00:00:50 . Memory (MB): peak = 1359.188 ; gain = 0.000
INFO: [USF-XSim-69] 'compile' step finished in '50' seconds
INFO: [USF-XSim-3] XSim::Elaborate design
INFO: [USF-XSim-61] Executing 'ELABORATE' step in 'E:/bildiri ve makaleler/kitap/fpga/uygulamalar/prj_bolum11_uyg4/prj_bolum11_uyg4.sim/sim_1/behav/xsim'
Vivado Simulator 2017.4
Copyright 1986-1999, 2001-2016 Xilinx, Inc. All Rights Reserved.
Running: C:/Xilinx/Vivado/2017.4/bin/unwrapped/win64.o/xelab.exe -wto b1bb3d5fb5f94c2facb5ea9b71634abe --incr --debug typical --relax --mt 2 -L xil_defaultlib -L unisims_ver -L unimacro_ver -L secureip -L xpm --snapshot uyg114_behav xil_defaultlib.uyg114 xil_defaultlib.glbl -log elaborate.log 
Using 2 slave threads.
Starting static elaboration
Completed static elaboration
Starting simulation data flow analysis
Completed simulation data flow analysis
Time Resolution for simulation is 1ps
Compiling package std.standard
Compiling package std.textio
Compiling package ieee.std_logic_1164
Compiling package vl.vl_types
Compiling module xil_defaultlib.glbl
Compiling module unisims_ver.GND
Compiling module unisims_ver.VCC
Compiling module unisims_ver.FDRE_default
Compiling module xil_defaultlib.floating_divide_xbip_pipe_v3_0_4...
Compiling module xil_defaultlib.floating_divide_delay__parameter...
Compiling module unisims_ver.LUT4
Compiling module xil_defaultlib.floating_divide_xbip_pipe_v3_0_4...
Compiling module xil_defaultlib.floating_divide_delay__parameter...
Compiling module unisims_ver.x_lut2_mux4
Compiling module unisims_ver.LUT2
Compiling module unisims_ver.LUT6
Compiling module xil_defaultlib.floating_divide_xbip_pipe_v3_0_4...
Compiling module xil_defaultlib.floating_divide_delay__parameter...
Compiling module xil_defaultlib.floating_divide_special_detect
Compiling module xil_defaultlib.floating_divide_xbip_pipe_v3_0_4...
Compiling module xil_defaultlib.floating_divide_delay__parameter...
Compiling module xil_defaultlib.floating_divide_xbip_pipe_v3_0_4...
Compiling module xil_defaultlib.floating_divide_delay__parameter...
Compiling module xil_defaultlib.floating_divide_xbip_pipe_v3_0_4...
Compiling module xil_defaultlib.floating_divide_delay__parameter...
Compiling module xil_defaultlib.floating_divide_special_detect_1...
Compiling module xil_defaultlib.floating_divide_xbip_pipe_v3_0_4...
Compiling module xil_defaultlib.floating_divide_delay__parameter...
Compiling module unisims_ver.SRLC32E_default
Compiling module xil_defaultlib.floating_divide_xbip_pipe_v3_0_4...
Compiling module xil_defaultlib.floating_divide_delay__parameter...
Compiling module unisims_ver.LUT5
Compiling module xil_defaultlib.floating_divide_xbip_pipe_v3_0_4...
Compiling module xil_defaultlib.floating_divide_delay__parameter...
Compiling module xil_defaultlib.floating_divide_xbip_pipe_v3_0_4...
Compiling module xil_defaultlib.floating_divide_delay__parameter...
Compiling module xil_defaultlib.floating_divide_xbip_pipe_v3_0_4...
Compiling module xil_defaultlib.floating_divide_delay__parameter...
Compiling module xil_defaultlib.floating_divide_xbip_pipe_v3_0_4...
Compiling module xil_defaultlib.floating_divide_delay__parameter...
Compiling module xil_defaultlib.floating_divide_xbip_pipe_v3_0_4...
Compiling module xil_defaultlib.floating_divide_delay__parameter...
Compiling module xil_defaultlib.floating_divide_xbip_pipe_v3_0_4...
Compiling module xil_defaultlib.floating_divide_delay__parameter...
Compiling module xil_defaultlib.floating_divide_xbip_pipe_v3_0_4...
Compiling module xil_defaultlib.floating_divide_delay__parameter...
Compiling module xil_defaultlib.floating_divide_xbip_pipe_v3_0_4...
Compiling module xil_defaultlib.floating_divide_delay__parameter...
Compiling module unisims_ver.x_lut3_mux8
Compiling module unisims_ver.LUT3
Compiling module xil_defaultlib.floating_divide_xbip_pipe_v3_0_4...
Compiling module xil_defaultlib.floating_divide_delay__parameter...
Compiling module xil_defaultlib.floating_divide_xbip_pipe_v3_0_4...
Compiling module xil_defaultlib.floating_divide_delay__parameter...
Compiling module xil_defaultlib.floating_divide_xbip_pipe_v3_0_4...
Compiling module xil_defaultlib.floating_divide_delay__parameter...
Compiling module unisims_ver.x_lut1_mux2
Compiling module unisims_ver.LUT1
Compiling module xil_defaultlib.floating_divide_xbip_pipe_v3_0_4...
Compiling module xil_defaultlib.floating_divide_delay__parameter...
Compiling module unisims_ver.CARRY4
Compiling module xil_defaultlib.floating_divide_flt_div_exp
Compiling module xil_defaultlib.floating_divide_xbip_pipe_v3_0_4...
Compiling module xil_defaultlib.floating_divide_delay__parameter...
Compiling module xil_defaultlib.floating_divide_carry_chain_155
Compiling module xil_defaultlib.floating_divide_flt_div_mant_add...
Compiling module xil_defaultlib.floating_divide_xbip_pipe_v3_0_4...
Compiling module xil_defaultlib.floating_divide_delay
Compiling module xil_defaultlib.floating_divide_xbip_pipe_v3_0_4...
Compiling module xil_defaultlib.floating_divide_delay__parameter...
Compiling module xil_defaultlib.floating_divide_carry_chain_151
Compiling module xil_defaultlib.floating_divide_flt_div_mant_add...
Compiling module xil_defaultlib.floating_divide_xbip_pipe_v3_0_4...
Compiling module xil_defaultlib.floating_divide_delay_5
Compiling module xil_defaultlib.floating_divide_xbip_pipe_v3_0_4...
Compiling module xil_defaultlib.floating_divide_delay__parameter...
Compiling module xil_defaultlib.floating_divide_carry_chain_147
Compiling module xil_defaultlib.floating_divide_flt_div_mant_add...
Compiling module xil_defaultlib.floating_divide_xbip_pipe_v3_0_4...
Compiling module xil_defaultlib.floating_divide_delay_7
Compiling module xil_defaultlib.floating_divide_xbip_pipe_v3_0_4...
Compiling module xil_defaultlib.floating_divide_delay__parameter...
Compiling module xil_defaultlib.floating_divide_carry_chain_143
Compiling module xil_defaultlib.floating_divide_flt_div_mant_add...
Compiling module xil_defaultlib.floating_divide_xbip_pipe_v3_0_4...
Compiling module xil_defaultlib.floating_divide_delay_9
Compiling module xil_defaultlib.floating_divide_xbip_pipe_v3_0_4...
Compiling module xil_defaultlib.floating_divide_delay__parameter...
Compiling module xil_defaultlib.floating_divide_carry_chain_139
Compiling module xil_defaultlib.floating_divide_flt_div_mant_add...
Compiling module xil_defaultlib.floating_divide_xbip_pipe_v3_0_4...
Compiling module xil_defaultlib.floating_divide_delay_11
Compiling module xil_defaultlib.floating_divide_xbip_pipe_v3_0_4...
Compiling module xil_defaultlib.floating_divide_delay__parameter...
Compiling module xil_defaultlib.floating_divide_carry_chain_135
Compiling module xil_defaultlib.floating_divide_flt_div_mant_add...
Compiling module xil_defaultlib.floating_divide_xbip_pipe_v3_0_4...
Compiling module xil_defaultlib.floating_divide_delay_13
Compiling module xil_defaultlib.floating_divide_xbip_pipe_v3_0_4...
Compiling module xil_defaultlib.floating_divide_delay__parameter...
Compiling module xil_defaultlib.floating_divide_carry_chain_131
Compiling module xil_defaultlib.floating_divide_flt_div_mant_add...
Compiling module xil_defaultlib.floating_divide_xbip_pipe_v3_0_4...
Compiling module xil_defaultlib.floating_divide_delay_15
Compiling module xil_defaultlib.floating_divide_xbip_pipe_v3_0_4...
Compiling module xil_defaultlib.floating_divide_delay__parameter...
Compiling module xil_defaultlib.floating_divide_carry_chain_127
Compiling module xil_defaultlib.floating_divide_flt_div_mant_add...
Compiling module xil_defaultlib.floating_divide_xbip_pipe_v3_0_4...
Compiling module xil_defaultlib.floating_divide_delay_17
Compiling module xil_defaultlib.floating_divide_xbip_pipe_v3_0_4...
Compiling module xil_defaultlib.floating_divide_delay__parameter...
Compiling module xil_defaultlib.floating_divide_carry_chain_123
Compiling module xil_defaultlib.floating_divide_flt_div_mant_add...
Compiling module xil_defaultlib.floating_divide_xbip_pipe_v3_0_4...
Compiling module xil_defaultlib.floating_divide_delay_19
Compiling module xil_defaultlib.floating_divide_xbip_pipe_v3_0_4...
Compiling module xil_defaultlib.floating_divide_delay__parameter...
Compiling module xil_defaultlib.floating_divide_carry_chain_119
Compiling module xil_defaultlib.floating_divide_flt_div_mant_add...
Compiling module xil_defaultlib.floating_divide_xbip_pipe_v3_0_4...
Compiling module xil_defaultlib.floating_divide_delay_21
Compiling module xil_defaultlib.floating_divide_xbip_pipe_v3_0_4...
Compiling module xil_defaultlib.floating_divide_delay__parameter...
Compiling module xil_defaultlib.floating_divide_carry_chain_115
Compiling module xil_defaultlib.floating_divide_flt_div_mant_add...
Compiling module xil_defaultlib.floating_divide_xbip_pipe_v3_0_4...
Compiling module xil_defaultlib.floating_divide_delay_23
Compiling module xil_defaultlib.floating_divide_xbip_pipe_v3_0_4...
Compiling module xil_defaultlib.floating_divide_delay__parameter...
Compiling module xil_defaultlib.floating_divide_carry_chain_111
Compiling module xil_defaultlib.floating_divide_flt_div_mant_add...
Compiling module xil_defaultlib.floating_divide_xbip_pipe_v3_0_4...
Compiling module xil_defaultlib.floating_divide_delay_25
Compiling module xil_defaultlib.floating_divide_xbip_pipe_v3_0_4...
Compiling module xil_defaultlib.floating_divide_delay__parameter...
Compiling module xil_defaultlib.floating_divide_xbip_pipe_v3_0_4...
Compiling module xil_defaultlib.floating_divide_delay__parameter...
Compiling module xil_defaultlib.floating_divide_carry_chain_106
Compiling module xil_defaultlib.floating_divide_flt_div_mant_add...
Compiling module xil_defaultlib.floating_divide_xbip_pipe_v3_0_4...
Compiling module xil_defaultlib.floating_divide_delay_27
Compiling module xil_defaultlib.floating_divide_xbip_pipe_v3_0_4...
Compiling module xil_defaultlib.floating_divide_delay__parameter...
Compiling module xil_defaultlib.floating_divide_carry_chain_102
Compiling module xil_defaultlib.floating_divide_flt_div_mant_add...
Compiling module xil_defaultlib.floating_divide_xbip_pipe_v3_0_4...
Compiling module xil_defaultlib.floating_divide_delay_29
Compiling module xil_defaultlib.floating_divide_xbip_pipe_v3_0_4...
Compiling module xil_defaultlib.floating_divide_delay__parameter...
Compiling module xil_defaultlib.floating_divide_carry_chain_98
Compiling module xil_defaultlib.floating_divide_flt_div_mant_add...
Compiling module xil_defaultlib.floating_divide_xbip_pipe_v3_0_4...
Compiling module xil_defaultlib.floating_divide_delay_31
Compiling module xil_defaultlib.floating_divide_xbip_pipe_v3_0_4...
Compiling module xil_defaultlib.floating_divide_delay__parameter...
Compiling module xil_defaultlib.floating_divide_carry_chain_94
Compiling module xil_defaultlib.floating_divide_flt_div_mant_add...
Compiling module xil_defaultlib.floating_divide_xbip_pipe_v3_0_4...
Compiling module xil_defaultlib.floating_divide_delay_33
Compiling module xil_defaultlib.floating_divide_xbip_pipe_v3_0_4...
Compiling module xil_defaultlib.floating_divide_delay__parameter...
Compiling module xil_defaultlib.floating_divide_carry_chain_90
Compiling module xil_defaultlib.floating_divide_flt_div_mant_add...
Compiling module xil_defaultlib.floating_divide_xbip_pipe_v3_0_4...
Compiling module xil_defaultlib.floating_divide_delay_35
Compiling module unisims_ver.SRL16E_default
Compiling module xil_defaultlib.floating_divide_xbip_pipe_v3_0_4...
Compiling module xil_defaultlib.floating_divide_delay__parameter...
Compiling module xil_defaultlib.floating_divide_xbip_pipe_v3_0_4...
Compiling module xil_defaultlib.floating_divide_delay__parameter...
Compiling module xil_defaultlib.floating_divide_carry_chain_85
Compiling module xil_defaultlib.floating_divide_flt_div_mant_add...
Compiling module xil_defaultlib.floating_divide_xbip_pipe_v3_0_4...
Compiling module xil_defaultlib.floating_divide_delay__parameter...
Compiling module xil_defaultlib.floating_divide_xbip_pipe_v3_0_4...
Compiling module xil_defaultlib.floating_divide_delay__parameter...
Compiling module xil_defaultlib.floating_divide_carry_chain_81
Compiling module xil_defaultlib.floating_divide_flt_div_mant_add...
Compiling module xil_defaultlib.floating_divide_xbip_pipe_v3_0_4...
Compiling module xil_defaultlib.floating_divide_delay_40
Compiling module xil_defaultlib.floating_divide_xbip_pipe_v3_0_4...
Compiling module xil_defaultlib.floating_divide_delay__parameter...
Compiling module xil_defaultlib.floating_divide_xbip_pipe_v3_0_4...
Compiling module xil_defaultlib.floating_divide_delay__parameter...
Compiling module xil_defaultlib.floating_divide_carry_chain_77
Compiling module xil_defaultlib.floating_divide_flt_div_mant_add...
Compiling module xil_defaultlib.floating_divide_xbip_pipe_v3_0_4...
Compiling module xil_defaultlib.floating_divide_delay_43
Compiling module xil_defaultlib.floating_divide_xbip_pipe_v3_0_4...
Compiling module xil_defaultlib.floating_divide_delay__parameter...
Compiling module xil_defaultlib.floating_divide_carry_chain_73
Compiling module xil_defaultlib.floating_divide_flt_div_mant_add...
Compiling module xil_defaultlib.floating_divide_xbip_pipe_v3_0_4...
Compiling module xil_defaultlib.floating_divide_delay_45
Compiling module xil_defaultlib.floating_divide_xbip_pipe_v3_0_4...
Compiling module xil_defaultlib.floating_divide_delay__parameter...
Compiling module xil_defaultlib.floating_divide_carry_chain_69
Compiling module xil_defaultlib.floating_divide_flt_div_mant_add...
Compiling module xil_defaultlib.floating_divide_xbip_pipe_v3_0_4...
Compiling module xil_defaultlib.floating_divide_delay_47
Compiling module xil_defaultlib.floating_divide_xbip_pipe_v3_0_4...
Compiling module xil_defaultlib.floating_divide_delay__parameter...
Compiling module xil_defaultlib.floating_divide_carry_chain_65
Compiling module xil_defaultlib.floating_divide_flt_div_mant_add...
Compiling module xil_defaultlib.floating_divide_xbip_pipe_v3_0_4...
Compiling module xil_defaultlib.floating_divide_delay_49
Compiling module xil_defaultlib.floating_divide_xbip_pipe_v3_0_4...
Compiling module xil_defaultlib.floating_divide_delay__parameter...
Compiling module xil_defaultlib.floating_divide_carry_chain_61
Compiling module xil_defaultlib.floating_divide_flt_div_mant_add...
Compiling module xil_defaultlib.floating_divide_xbip_pipe_v3_0_4...
Compiling module xil_defaultlib.floating_divide_delay_51
Compiling module xil_defaultlib.floating_divide_xbip_pipe_v3_0_4...
Compiling module xil_defaultlib.floating_divide_delay__parameter...
Compiling module xil_defaultlib.floating_divide_carry_chain_57
Compiling module xil_defaultlib.floating_divide_flt_div_mant_add...
Compiling module xil_defaultlib.floating_divide_xbip_pipe_v3_0_4...
Compiling module xil_defaultlib.floating_divide_delay_53
Compiling module xil_defaultlib.floating_divide_xbip_pipe_v3_0_4...
Compiling module xil_defaultlib.floating_divide_delay__parameter...
Compiling module xil_defaultlib.floating_divide_carry_chain
Compiling module xil_defaultlib.floating_divide_flt_div_mant_add...
Compiling module xil_defaultlib.floating_divide_xbip_pipe_v3_0_4...
Compiling module xil_defaultlib.floating_divide_delay_55
Compiling module xil_defaultlib.floating_divide_flt_div_mant
Compiling module xil_defaultlib.floating_divide_flt_dec_op_lat
Compiling module xil_defaultlib.floating_divide_carry_chain__par...
Compiling module xil_defaultlib.floating_divide_xbip_pipe_v3_0_4...
Compiling module xil_defaultlib.floating_divide_delay__parameter...
Compiling module xil_defaultlib.floating_divide_xbip_pipe_v3_0_4...
Compiling module xil_defaultlib.floating_divide_delay__parameter...
Compiling module xil_defaultlib.floating_divide_xbip_pipe_v3_0_4...
Compiling module xil_defaultlib.floating_divide_delay__parameter...
Compiling module xil_defaultlib.floating_divide_carry_chain__par...
Compiling module xil_defaultlib.floating_divide_xbip_pipe_v3_0_4...
Compiling module xil_defaultlib.floating_divide_delay__parameter...
Compiling module xil_defaultlib.floating_divide_carry_chain__par...
Compiling module xil_defaultlib.floating_divide_carry_chain__par...
Compiling module xil_defaultlib.floating_divide_flt_round_bit
Compiling module xil_defaultlib.floating_divide_renorm_and_round...
Compiling module xil_defaultlib.floating_divide_flt_div
Compiling module xil_defaultlib.floating_divide_xbip_pipe_v3_0_4...
Compiling module unisims_ver.FDRE(INIT=1'b1)
Compiling module xil_defaultlib.floating_divide_axi_slave_2to1
Compiling module xil_defaultlib.floating_divide_floating_point_v...
Compiling module xil_defaultlib.floating_divide_floating_point_v...
Compiling module xil_defaultlib.floating_divide
Compiling architecture behavioral of entity xil_defaultlib.uyg114
Built simulation snapshot uyg114_behav

****** Webtalk v2017.4 (64-bit)
  **** SW Build 2086221 on Fri Dec 15 20:55:39 MST 2017
  **** IP Build 2085800 on Fri Dec 15 22:25:07 MST 2017
    ** Copyright 1986-2017 Xilinx, Inc. All Rights Reserved.

source E:/bildiri -notrace
couldn't read file "E:/bildiri": permission denied
INFO: [Common 17-206] Exiting Webtalk at Sat Aug 17 12:07:29 2019...
run_program: Time (s): cpu = 00:00:03 ; elapsed = 00:00:55 . Memory (MB): peak = 1359.188 ; gain = 0.000
INFO: [USF-XSim-69] 'elaborate' step finished in '55' seconds
INFO: [USF-XSim-4] XSim::Simulate design
INFO: [USF-XSim-61] Executing 'SIMULATE' step in 'E:/bildiri ve makaleler/kitap/fpga/uygulamalar/prj_bolum11_uyg4/prj_bolum11_uyg4.sim/sim_1/behav/xsim'
INFO: [USF-XSim-98] *** Running xsim
   with args "uyg114_behav -key {Behavioral:sim_1:Functional:uyg114} -tclbatch {uyg114.tcl} -log {simulate.log}"
INFO: [USF-XSim-8] Loading simulator feature
Vivado Simulator 2017.4
Time resolution is 1 ps
source uyg114.tcl
# set curr_wave [current_wave_config]
# if { [string length $curr_wave] == 0 } {
#   if { [llength [get_objects]] > 0} {
#     add_wave /
#     set_property needs_save false [current_wave_config]
#   } else {
#      send_msg_id Add_Wave-1 WARNING "No top level signals found. Simulator will start without a wave window. If you want to open a wave window go to 'File->New Waveform Configuration' or type 'create_wave_config' in the TCL console."
#   }
# }
# run 1000ns
xsim: Time (s): cpu = 00:00:09 ; elapsed = 00:00:06 . Memory (MB): peak = 1359.188 ; gain = 0.000
INFO: [USF-XSim-96] XSim completed. Design snapshot 'uyg114_behav' loaded.
INFO: [USF-XSim-97] XSim simulation ran for 1000ns
launch_simulation: Time (s): cpu = 00:00:16 ; elapsed = 00:01:54 . Memory (MB): peak = 1359.188 ; gain = 0.000
add_force {/uyg114/clk} -radix hex {0 0ns} {1 50000ps} -repeat_every 100000ps
add_force {/uyg114/s1} -radix hex {25aa6600 0ns}
add_force {/uyg114/s1} -radix bin {01000000110011111000010100011111 0ns}
add_force {/uyg114/s2} -radix bin {00111111111010000011000100100111 0ns}
run 500 ns
run 500 ns
add_force {/uyg114/s1} -radix hex {3fe83127 0ns}
run 500 ns
run 500 ns
run 500 ns
run 500 ns
run 500 ns
run 500 ns
close_sim
INFO: [Simtcl 6-16] Simulation closed
close_sim: Time (s): cpu = 00:00:01 ; elapsed = 00:00:07 . Memory (MB): peak = 1359.188 ; gain = 0.000
launch_simulation
INFO: [Vivado 12-5698] Checking validity of IPs in the design for the 'XSim' simulator...
INFO: [Vivado 12-5682] Launching behavioral simulation in 'E:/bildiri ve makaleler/kitap/fpga/uygulamalar/prj_bolum11_uyg4/prj_bolum11_uyg4.sim/sim_1/behav/xsim'
INFO: [Vivado 12-4795] Using compiled simulation libraries for IPs
INFO: [SIM-utils-51] Simulation object is 'sim_1'
INFO: [USF-XSim-7] Finding pre-compiled libraries...
INFO: [USF-XSim-11] File 'C:/Xilinx/Vivado/2017.4/data/xsim/ip/xsim_ip.ini' copied to run dir:'E:/bildiri ve makaleler/kitap/fpga/uygulamalar/prj_bolum11_uyg4/prj_bolum11_uyg4.sim/sim_1/behav/xsim'
INFO: [SIM-utils-54] Inspecting design source files for 'uyg114' in fileset 'sim_1'...
INFO: [USF-XSim-97] Finding global include files...
INFO: [USF-XSim-98] Fetching design files from 'sim_1'...
INFO: [USF-XSim-2] XSim::Compile design
INFO: [USF-XSim-61] Executing 'COMPILE and ANALYZE' step in 'E:/bildiri ve makaleler/kitap/fpga/uygulamalar/prj_bolum11_uyg4/prj_bolum11_uyg4.sim/sim_1/behav/xsim'
"xvlog --incr --relax -prj uyg114_vlog.prj"
"xvhdl --incr --relax -prj uyg114_vhdl.prj"
run_program: Time (s): cpu = 00:00:00 ; elapsed = 00:00:10 . Memory (MB): peak = 1359.188 ; gain = 0.000
INFO: [USF-XSim-69] 'compile' step finished in '10' seconds
INFO: [USF-XSim-3] XSim::Elaborate design
INFO: [USF-XSim-61] Executing 'ELABORATE' step in 'E:/bildiri ve makaleler/kitap/fpga/uygulamalar/prj_bolum11_uyg4/prj_bolum11_uyg4.sim/sim_1/behav/xsim'
Vivado Simulator 2017.4
Copyright 1986-1999, 2001-2016 Xilinx, Inc. All Rights Reserved.
Running: C:/Xilinx/Vivado/2017.4/bin/unwrapped/win64.o/xelab.exe -wto b1bb3d5fb5f94c2facb5ea9b71634abe --incr --debug typical --relax --mt 2 -L xil_defaultlib -L unisims_ver -L unimacro_ver -L secureip -L xpm --snapshot uyg114_behav xil_defaultlib.uyg114 xil_defaultlib.glbl -log elaborate.log 
Using 2 slave threads.
Starting static elaboration
Completed static elaboration
INFO: [XSIM 43-4323] No Change in HDL. Linking previously generated obj files to create kernel
run_program: Time (s): cpu = 00:00:01 ; elapsed = 00:00:11 . Memory (MB): peak = 1359.188 ; gain = 0.000
INFO: [USF-XSim-69] 'elaborate' step finished in '11' seconds
INFO: [USF-XSim-4] XSim::Simulate design
INFO: [USF-XSim-61] Executing 'SIMULATE' step in 'E:/bildiri ve makaleler/kitap/fpga/uygulamalar/prj_bolum11_uyg4/prj_bolum11_uyg4.sim/sim_1/behav/xsim'
INFO: [USF-XSim-98] *** Running xsim
   with args "uyg114_behav -key {Behavioral:sim_1:Functional:uyg114} -tclbatch {uyg114.tcl} -log {simulate.log}"
INFO: [USF-XSim-8] Loading simulator feature
Vivado Simulator 2017.4
Time resolution is 1 ps
source uyg114.tcl
# set curr_wave [current_wave_config]
# if { [string length $curr_wave] == 0 } {
#   if { [llength [get_objects]] > 0} {
#     add_wave /
#     set_property needs_save false [current_wave_config]
#   } else {
#      send_msg_id Add_Wave-1 WARNING "No top level signals found. Simulator will start without a wave window. If you want to open a wave window go to 'File->New Waveform Configuration' or type 'create_wave_config' in the TCL console."
#   }
# }
# run 1000ns
xsim: Time (s): cpu = 00:00:09 ; elapsed = 00:00:06 . Memory (MB): peak = 1359.188 ; gain = 0.000
INFO: [USF-XSim-96] XSim completed. Design snapshot 'uyg114_behav' loaded.
INFO: [USF-XSim-97] XSim simulation ran for 1000ns
launch_simulation: Time (s): cpu = 00:00:12 ; elapsed = 00:00:29 . Memory (MB): peak = 1359.188 ; gain = 0.000
add_force {/uyg114/clk} -radix hex {0 0ns} {1 50000ps} -repeat_every 100000ps
add_force {/uyg114/s1} -radix bin {01000000110011111000010100011111 0ns}
add_force {/uyg114/s2} -radix bin {00111111111010100001110010101100 0ns}
run 500 ns
run 500 ns
run 500 ns
run 500 ns
run 500 ns
run 500 ns
close_sim
INFO: [Simtcl 6-16] Simulation closed
create_ip -name floating_point -vendor xilinx.com -library ip -version 7.1 -module_name floating_multiply -dir {e:/bildiri ve makaleler/kitap/fpga/uygulamalar/prj_bolum11_uyg4/prj_bolum11_uyg4.srcs/sources_1/ip}
create_ip: Time (s): cpu = 00:00:10 ; elapsed = 00:00:14 . Memory (MB): peak = 1359.188 ; gain = 0.000
set_property -dict [list CONFIG.Component_Name {floating_multiply} CONFIG.Operation_Type {Multiply} CONFIG.A_Precision_Type {Single} CONFIG.C_A_Exponent_Width {8} CONFIG.C_A_Fraction_Width {24} CONFIG.Result_Precision_Type {Single} CONFIG.C_Result_Exponent_Width {8} CONFIG.C_Result_Fraction_Width {24} CONFIG.C_Mult_Usage {Full_Usage} CONFIG.C_Latency {9} CONFIG.C_Rate {1}] [get_ips floating_multiply]
WARNING: [Vivado 12-3523] Attempt to change 'Component_Name' from 'floating_multiply' to 'floating_multiply' is not allowed and is ignored.
generate_target {instantiation_template} [get_files {{e:/bildiri ve makaleler/kitap/fpga/uygulamalar/prj_bolum11_uyg4/prj_bolum11_uyg4.srcs/sources_1/ip/floating_multiply/floating_multiply.xci}}]
INFO: [IP_Flow 19-1686] Generating 'Instantiation Template' target for IP 'floating_multiply'...
update_compile_order -fileset sources_1
launch_simulation
INFO: [Vivado 12-5698] Checking validity of IPs in the design for the 'XSim' simulator...
INFO: [Vivado 12-5682] Launching behavioral simulation in 'E:/bildiri ve makaleler/kitap/fpga/uygulamalar/prj_bolum11_uyg4/prj_bolum11_uyg4.sim/sim_1/behav/xsim'
INFO: [Vivado 12-4795] Using compiled simulation libraries for IPs
INFO: [SIM-utils-51] Simulation object is 'sim_1'
INFO: [USF-XSim-7] Finding pre-compiled libraries...
INFO: [USF-XSim-11] File 'C:/Xilinx/Vivado/2017.4/data/xsim/ip/xsim_ip.ini' copied to run dir:'E:/bildiri ve makaleler/kitap/fpga/uygulamalar/prj_bolum11_uyg4/prj_bolum11_uyg4.sim/sim_1/behav/xsim'
INFO: [SIM-utils-54] Inspecting design source files for 'uyg114' in fileset 'sim_1'...
INFO: [USF-XSim-97] Finding global include files...
INFO: [USF-XSim-98] Fetching design files from 'sim_1'...
INFO: [USF-XSim-2] XSim::Compile design
INFO: [USF-XSim-61] Executing 'COMPILE and ANALYZE' step in 'E:/bildiri ve makaleler/kitap/fpga/uygulamalar/prj_bolum11_uyg4/prj_bolum11_uyg4.sim/sim_1/behav/xsim'
"xvlog --incr --relax -prj uyg114_vlog.prj"
"xvhdl --incr --relax -prj uyg114_vhdl.prj"
INFO: [VRFC 10-163] Analyzing VHDL file "E:/bildiri ve makaleler/kitap/fpga/uygulamalar/prj_bolum11_uyg4/prj_bolum11_uyg4.srcs/sources_1/new/uyg114.vhd" into library xil_defaultlib
INFO: [VRFC 10-307] analyzing entity uyg114
run_program: Time (s): cpu = 00:00:01 ; elapsed = 00:00:11 . Memory (MB): peak = 1359.188 ; gain = 0.000
INFO: [USF-XSim-69] 'compile' step finished in '11' seconds
INFO: [USF-XSim-3] XSim::Elaborate design
INFO: [USF-XSim-61] Executing 'ELABORATE' step in 'E:/bildiri ve makaleler/kitap/fpga/uygulamalar/prj_bolum11_uyg4/prj_bolum11_uyg4.sim/sim_1/behav/xsim'
Vivado Simulator 2017.4
Copyright 1986-1999, 2001-2016 Xilinx, Inc. All Rights Reserved.
Running: C:/Xilinx/Vivado/2017.4/bin/unwrapped/win64.o/xelab.exe -wto b1bb3d5fb5f94c2facb5ea9b71634abe --incr --debug typical --relax --mt 2 -L xil_defaultlib -L unisims_ver -L unimacro_ver -L secureip -L xpm --snapshot uyg114_behav xil_defaultlib.uyg114 xil_defaultlib.glbl -log elaborate.log 
Using 2 slave threads.
Starting static elaboration
Completed static elaboration
Starting simulation data flow analysis
Completed simulation data flow analysis
Time Resolution for simulation is 1ps
Compiling package std.standard
Compiling package std.textio
Compiling package ieee.std_logic_1164
Compiling package vl.vl_types
Compiling module xil_defaultlib.glbl
Compiling module unisims_ver.GND
Compiling module unisims_ver.VCC
Compiling module unisims_ver.FDRE_default
Compiling module xil_defaultlib.floating_divide_xbip_pipe_v3_0_4...
Compiling module xil_defaultlib.floating_divide_delay__parameter...
Compiling module unisims_ver.LUT4
Compiling module xil_defaultlib.floating_divide_xbip_pipe_v3_0_4...
Compiling module xil_defaultlib.floating_divide_delay__parameter...
Compiling module unisims_ver.x_lut2_mux4
Compiling module unisims_ver.LUT2
Compiling module unisims_ver.LUT6
Compiling module xil_defaultlib.floating_divide_xbip_pipe_v3_0_4...
Compiling module xil_defaultlib.floating_divide_delay__parameter...
Compiling module xil_defaultlib.floating_divide_special_detect
Compiling module xil_defaultlib.floating_divide_xbip_pipe_v3_0_4...
Compiling module xil_defaultlib.floating_divide_delay__parameter...
Compiling module xil_defaultlib.floating_divide_xbip_pipe_v3_0_4...
Compiling module xil_defaultlib.floating_divide_delay__parameter...
Compiling module xil_defaultlib.floating_divide_xbip_pipe_v3_0_4...
Compiling module xil_defaultlib.floating_divide_delay__parameter...
Compiling module xil_defaultlib.floating_divide_special_detect_1...
Compiling module xil_defaultlib.floating_divide_xbip_pipe_v3_0_4...
Compiling module xil_defaultlib.floating_divide_delay__parameter...
Compiling module unisims_ver.SRLC32E_default
Compiling module xil_defaultlib.floating_divide_xbip_pipe_v3_0_4...
Compiling module xil_defaultlib.floating_divide_delay__parameter...
Compiling module unisims_ver.LUT5
Compiling module xil_defaultlib.floating_divide_xbip_pipe_v3_0_4...
Compiling module xil_defaultlib.floating_divide_delay__parameter...
Compiling module xil_defaultlib.floating_divide_xbip_pipe_v3_0_4...
Compiling module xil_defaultlib.floating_divide_delay__parameter...
Compiling module xil_defaultlib.floating_divide_xbip_pipe_v3_0_4...
Compiling module xil_defaultlib.floating_divide_delay__parameter...
Compiling module xil_defaultlib.floating_divide_xbip_pipe_v3_0_4...
Compiling module xil_defaultlib.floating_divide_delay__parameter...
Compiling module xil_defaultlib.floating_divide_xbip_pipe_v3_0_4...
Compiling module xil_defaultlib.floating_divide_delay__parameter...
Compiling module xil_defaultlib.floating_divide_xbip_pipe_v3_0_4...
Compiling module xil_defaultlib.floating_divide_delay__parameter...
Compiling module xil_defaultlib.floating_divide_xbip_pipe_v3_0_4...
Compiling module xil_defaultlib.floating_divide_delay__parameter...
Compiling module xil_defaultlib.floating_divide_xbip_pipe_v3_0_4...
Compiling module xil_defaultlib.floating_divide_delay__parameter...
Compiling module unisims_ver.x_lut3_mux8
Compiling module unisims_ver.LUT3
Compiling module xil_defaultlib.floating_divide_xbip_pipe_v3_0_4...
Compiling module xil_defaultlib.floating_divide_delay__parameter...
Compiling module xil_defaultlib.floating_divide_xbip_pipe_v3_0_4...
Compiling module xil_defaultlib.floating_divide_delay__parameter...
Compiling module xil_defaultlib.floating_divide_xbip_pipe_v3_0_4...
Compiling module xil_defaultlib.floating_divide_delay__parameter...
Compiling module unisims_ver.x_lut1_mux2
Compiling module unisims_ver.LUT1
Compiling module xil_defaultlib.floating_divide_xbip_pipe_v3_0_4...
Compiling module xil_defaultlib.floating_divide_delay__parameter...
Compiling module unisims_ver.CARRY4
Compiling module xil_defaultlib.floating_divide_flt_div_exp
Compiling module xil_defaultlib.floating_divide_xbip_pipe_v3_0_4...
Compiling module xil_defaultlib.floating_divide_delay__parameter...
Compiling module xil_defaultlib.floating_divide_carry_chain_155
Compiling module xil_defaultlib.floating_divide_flt_div_mant_add...
Compiling module xil_defaultlib.floating_divide_xbip_pipe_v3_0_4...
Compiling module xil_defaultlib.floating_divide_delay
Compiling module xil_defaultlib.floating_divide_xbip_pipe_v3_0_4...
Compiling module xil_defaultlib.floating_divide_delay__parameter...
Compiling module xil_defaultlib.floating_divide_carry_chain_151
Compiling module xil_defaultlib.floating_divide_flt_div_mant_add...
Compiling module xil_defaultlib.floating_divide_xbip_pipe_v3_0_4...
Compiling module xil_defaultlib.floating_divide_delay_5
Compiling module xil_defaultlib.floating_divide_xbip_pipe_v3_0_4...
Compiling module xil_defaultlib.floating_divide_delay__parameter...
Compiling module xil_defaultlib.floating_divide_carry_chain_147
Compiling module xil_defaultlib.floating_divide_flt_div_mant_add...
Compiling module xil_defaultlib.floating_divide_xbip_pipe_v3_0_4...
Compiling module xil_defaultlib.floating_divide_delay_7
Compiling module xil_defaultlib.floating_divide_xbip_pipe_v3_0_4...
Compiling module xil_defaultlib.floating_divide_delay__parameter...
Compiling module xil_defaultlib.floating_divide_carry_chain_143
Compiling module xil_defaultlib.floating_divide_flt_div_mant_add...
Compiling module xil_defaultlib.floating_divide_xbip_pipe_v3_0_4...
Compiling module xil_defaultlib.floating_divide_delay_9
Compiling module xil_defaultlib.floating_divide_xbip_pipe_v3_0_4...
Compiling module xil_defaultlib.floating_divide_delay__parameter...
Compiling module xil_defaultlib.floating_divide_carry_chain_139
Compiling module xil_defaultlib.floating_divide_flt_div_mant_add...
Compiling module xil_defaultlib.floating_divide_xbip_pipe_v3_0_4...
Compiling module xil_defaultlib.floating_divide_delay_11
Compiling module xil_defaultlib.floating_divide_xbip_pipe_v3_0_4...
Compiling module xil_defaultlib.floating_divide_delay__parameter...
Compiling module xil_defaultlib.floating_divide_carry_chain_135
Compiling module xil_defaultlib.floating_divide_flt_div_mant_add...
Compiling module xil_defaultlib.floating_divide_xbip_pipe_v3_0_4...
Compiling module xil_defaultlib.floating_divide_delay_13
Compiling module xil_defaultlib.floating_divide_xbip_pipe_v3_0_4...
Compiling module xil_defaultlib.floating_divide_delay__parameter...
Compiling module xil_defaultlib.floating_divide_carry_chain_131
Compiling module xil_defaultlib.floating_divide_flt_div_mant_add...
Compiling module xil_defaultlib.floating_divide_xbip_pipe_v3_0_4...
Compiling module xil_defaultlib.floating_divide_delay_15
Compiling module xil_defaultlib.floating_divide_xbip_pipe_v3_0_4...
Compiling module xil_defaultlib.floating_divide_delay__parameter...
Compiling module xil_defaultlib.floating_divide_carry_chain_127
Compiling module xil_defaultlib.floating_divide_flt_div_mant_add...
Compiling module xil_defaultlib.floating_divide_xbip_pipe_v3_0_4...
Compiling module xil_defaultlib.floating_divide_delay_17
Compiling module xil_defaultlib.floating_divide_xbip_pipe_v3_0_4...
Compiling module xil_defaultlib.floating_divide_delay__parameter...
Compiling module xil_defaultlib.floating_divide_carry_chain_123
Compiling module xil_defaultlib.floating_divide_flt_div_mant_add...
Compiling module xil_defaultlib.floating_divide_xbip_pipe_v3_0_4...
Compiling module xil_defaultlib.floating_divide_delay_19
Compiling module xil_defaultlib.floating_divide_xbip_pipe_v3_0_4...
Compiling module xil_defaultlib.floating_divide_delay__parameter...
Compiling module xil_defaultlib.floating_divide_carry_chain_119
Compiling module xil_defaultlib.floating_divide_flt_div_mant_add...
Compiling module xil_defaultlib.floating_divide_xbip_pipe_v3_0_4...
Compiling module xil_defaultlib.floating_divide_delay_21
Compiling module xil_defaultlib.floating_divide_xbip_pipe_v3_0_4...
Compiling module xil_defaultlib.floating_divide_delay__parameter...
Compiling module xil_defaultlib.floating_divide_carry_chain_115
Compiling module xil_defaultlib.floating_divide_flt_div_mant_add...
Compiling module xil_defaultlib.floating_divide_xbip_pipe_v3_0_4...
Compiling module xil_defaultlib.floating_divide_delay_23
Compiling module xil_defaultlib.floating_divide_xbip_pipe_v3_0_4...
Compiling module xil_defaultlib.floating_divide_delay__parameter...
Compiling module xil_defaultlib.floating_divide_carry_chain_111
Compiling module xil_defaultlib.floating_divide_flt_div_mant_add...
Compiling module xil_defaultlib.floating_divide_xbip_pipe_v3_0_4...
Compiling module xil_defaultlib.floating_divide_delay_25
Compiling module xil_defaultlib.floating_divide_xbip_pipe_v3_0_4...
Compiling module xil_defaultlib.floating_divide_delay__parameter...
Compiling module xil_defaultlib.floating_divide_xbip_pipe_v3_0_4...
Compiling module xil_defaultlib.floating_divide_delay__parameter...
Compiling module xil_defaultlib.floating_divide_carry_chain_106
Compiling module xil_defaultlib.floating_divide_flt_div_mant_add...
Compiling module xil_defaultlib.floating_divide_xbip_pipe_v3_0_4...
Compiling module xil_defaultlib.floating_divide_delay_27
Compiling module xil_defaultlib.floating_divide_xbip_pipe_v3_0_4...
Compiling module xil_defaultlib.floating_divide_delay__parameter...
Compiling module xil_defaultlib.floating_divide_carry_chain_102
Compiling module xil_defaultlib.floating_divide_flt_div_mant_add...
Compiling module xil_defaultlib.floating_divide_xbip_pipe_v3_0_4...
Compiling module xil_defaultlib.floating_divide_delay_29
Compiling module xil_defaultlib.floating_divide_xbip_pipe_v3_0_4...
Compiling module xil_defaultlib.floating_divide_delay__parameter...
Compiling module xil_defaultlib.floating_divide_carry_chain_98
Compiling module xil_defaultlib.floating_divide_flt_div_mant_add...
Compiling module xil_defaultlib.floating_divide_xbip_pipe_v3_0_4...
Compiling module xil_defaultlib.floating_divide_delay_31
Compiling module xil_defaultlib.floating_divide_xbip_pipe_v3_0_4...
Compiling module xil_defaultlib.floating_divide_delay__parameter...
Compiling module xil_defaultlib.floating_divide_carry_chain_94
Compiling module xil_defaultlib.floating_divide_flt_div_mant_add...
Compiling module xil_defaultlib.floating_divide_xbip_pipe_v3_0_4...
Compiling module xil_defaultlib.floating_divide_delay_33
Compiling module xil_defaultlib.floating_divide_xbip_pipe_v3_0_4...
Compiling module xil_defaultlib.floating_divide_delay__parameter...
Compiling module xil_defaultlib.floating_divide_carry_chain_90
Compiling module xil_defaultlib.floating_divide_flt_div_mant_add...
Compiling module xil_defaultlib.floating_divide_xbip_pipe_v3_0_4...
Compiling module xil_defaultlib.floating_divide_delay_35
Compiling module unisims_ver.SRL16E_default
Compiling module xil_defaultlib.floating_divide_xbip_pipe_v3_0_4...
Compiling module xil_defaultlib.floating_divide_delay__parameter...
Compiling module xil_defaultlib.floating_divide_xbip_pipe_v3_0_4...
Compiling module xil_defaultlib.floating_divide_delay__parameter...
Compiling module xil_defaultlib.floating_divide_carry_chain_85
Compiling module xil_defaultlib.floating_divide_flt_div_mant_add...
Compiling module xil_defaultlib.floating_divide_xbip_pipe_v3_0_4...
Compiling module xil_defaultlib.floating_divide_delay__parameter...
Compiling module xil_defaultlib.floating_divide_xbip_pipe_v3_0_4...
Compiling module xil_defaultlib.floating_divide_delay__parameter...
Compiling module xil_defaultlib.floating_divide_carry_chain_81
Compiling module xil_defaultlib.floating_divide_flt_div_mant_add...
Compiling module xil_defaultlib.floating_divide_xbip_pipe_v3_0_4...
Compiling module xil_defaultlib.floating_divide_delay_40
Compiling module xil_defaultlib.floating_divide_xbip_pipe_v3_0_4...
Compiling module xil_defaultlib.floating_divide_delay__parameter...
Compiling module xil_defaultlib.floating_divide_xbip_pipe_v3_0_4...
Compiling module xil_defaultlib.floating_divide_delay__parameter...
Compiling module xil_defaultlib.floating_divide_carry_chain_77
Compiling module xil_defaultlib.floating_divide_flt_div_mant_add...
Compiling module xil_defaultlib.floating_divide_xbip_pipe_v3_0_4...
Compiling module xil_defaultlib.floating_divide_delay_43
Compiling module xil_defaultlib.floating_divide_xbip_pipe_v3_0_4...
Compiling module xil_defaultlib.floating_divide_delay__parameter...
Compiling module xil_defaultlib.floating_divide_carry_chain_73
Compiling module xil_defaultlib.floating_divide_flt_div_mant_add...
Compiling module xil_defaultlib.floating_divide_xbip_pipe_v3_0_4...
Compiling module xil_defaultlib.floating_divide_delay_45
Compiling module xil_defaultlib.floating_divide_xbip_pipe_v3_0_4...
Compiling module xil_defaultlib.floating_divide_delay__parameter...
Compiling module xil_defaultlib.floating_divide_carry_chain_69
Compiling module xil_defaultlib.floating_divide_flt_div_mant_add...
Compiling module xil_defaultlib.floating_divide_xbip_pipe_v3_0_4...
Compiling module xil_defaultlib.floating_divide_delay_47
Compiling module xil_defaultlib.floating_divide_xbip_pipe_v3_0_4...
Compiling module xil_defaultlib.floating_divide_delay__parameter...
Compiling module xil_defaultlib.floating_divide_carry_chain_65
Compiling module xil_defaultlib.floating_divide_flt_div_mant_add...
Compiling module xil_defaultlib.floating_divide_xbip_pipe_v3_0_4...
Compiling module xil_defaultlib.floating_divide_delay_49
Compiling module xil_defaultlib.floating_divide_xbip_pipe_v3_0_4...
Compiling module xil_defaultlib.floating_divide_delay__parameter...
Compiling module xil_defaultlib.floating_divide_carry_chain_61
Compiling module xil_defaultlib.floating_divide_flt_div_mant_add...
Compiling module xil_defaultlib.floating_divide_xbip_pipe_v3_0_4...
Compiling module xil_defaultlib.floating_divide_delay_51
Compiling module xil_defaultlib.floating_divide_xbip_pipe_v3_0_4...
Compiling module xil_defaultlib.floating_divide_delay__parameter...
Compiling module xil_defaultlib.floating_divide_carry_chain_57
Compiling module xil_defaultlib.floating_divide_flt_div_mant_add...
Compiling module xil_defaultlib.floating_divide_xbip_pipe_v3_0_4...
Compiling module xil_defaultlib.floating_divide_delay_53
Compiling module xil_defaultlib.floating_divide_xbip_pipe_v3_0_4...
Compiling module xil_defaultlib.floating_divide_delay__parameter...
Compiling module xil_defaultlib.floating_divide_carry_chain
Compiling module xil_defaultlib.floating_divide_flt_div_mant_add...
Compiling module xil_defaultlib.floating_divide_xbip_pipe_v3_0_4...
Compiling module xil_defaultlib.floating_divide_delay_55
Compiling module xil_defaultlib.floating_divide_flt_div_mant
Compiling module xil_defaultlib.floating_divide_flt_dec_op_lat
Compiling module xil_defaultlib.floating_divide_carry_chain__par...
Compiling module xil_defaultlib.floating_divide_xbip_pipe_v3_0_4...
Compiling module xil_defaultlib.floating_divide_delay__parameter...
Compiling module xil_defaultlib.floating_divide_xbip_pipe_v3_0_4...
Compiling module xil_defaultlib.floating_divide_delay__parameter...
Compiling module xil_defaultlib.floating_divide_xbip_pipe_v3_0_4...
Compiling module xil_defaultlib.floating_divide_delay__parameter...
Compiling module xil_defaultlib.floating_divide_carry_chain__par...
Compiling module xil_defaultlib.floating_divide_xbip_pipe_v3_0_4...
Compiling module xil_defaultlib.floating_divide_delay__parameter...
Compiling module xil_defaultlib.floating_divide_carry_chain__par...
Compiling module xil_defaultlib.floating_divide_carry_chain__par...
Compiling module xil_defaultlib.floating_divide_flt_round_bit
Compiling module xil_defaultlib.floating_divide_renorm_and_round...
Compiling module xil_defaultlib.floating_divide_flt_div
Compiling module xil_defaultlib.floating_divide_xbip_pipe_v3_0_4...
Compiling module unisims_ver.FDRE(INIT=1'b1)
Compiling module xil_defaultlib.floating_divide_axi_slave_2to1
Compiling module xil_defaultlib.floating_divide_floating_point_v...
Compiling module xil_defaultlib.floating_divide_floating_point_v...
Compiling module xil_defaultlib.floating_divide
Compiling architecture behavioral of entity xil_defaultlib.uyg114
Built simulation snapshot uyg114_behav
run_program: Time (s): cpu = 00:00:02 ; elapsed = 00:00:59 . Memory (MB): peak = 1359.188 ; gain = 0.000
INFO: [USF-XSim-69] 'elaborate' step finished in '59' seconds
INFO: [USF-XSim-4] XSim::Simulate design
INFO: [USF-XSim-61] Executing 'SIMULATE' step in 'E:/bildiri ve makaleler/kitap/fpga/uygulamalar/prj_bolum11_uyg4/prj_bolum11_uyg4.sim/sim_1/behav/xsim'
INFO: [USF-XSim-98] *** Running xsim
   with args "uyg114_behav -key {Behavioral:sim_1:Functional:uyg114} -tclbatch {uyg114.tcl} -log {simulate.log}"
INFO: [USF-XSim-8] Loading simulator feature
Vivado Simulator 2017.4
Time resolution is 1 ps
source uyg114.tcl
# set curr_wave [current_wave_config]
# if { [string length $curr_wave] == 0 } {
#   if { [llength [get_objects]] > 0} {
#     add_wave /
#     set_property needs_save false [current_wave_config]
#   } else {
#      send_msg_id Add_Wave-1 WARNING "No top level signals found. Simulator will start without a wave window. If you want to open a wave window go to 'File->New Waveform Configuration' or type 'create_wave_config' in the TCL console."
#   }
# }
# run 1000ns
xsim: Time (s): cpu = 00:00:09 ; elapsed = 00:00:06 . Memory (MB): peak = 1359.188 ; gain = 0.000
INFO: [USF-XSim-96] XSim completed. Design snapshot 'uyg114_behav' loaded.
INFO: [USF-XSim-97] XSim simulation ran for 1000ns
launch_simulation: Time (s): cpu = 00:00:13 ; elapsed = 00:01:19 . Memory (MB): peak = 1359.188 ; gain = 0.000
add_force {/uyg114/clk} -radix hex {0 0ns} {1 50000ps} -repeat_every 100000ps
add_force {/uyg114/s2} -radix bin {00111111111010100001110010101100 0ns}
add_force {/uyg114/s1} -radix bin {01000000110011110010001011010001 0ns}
run 500 ns
run 500 ns
run 500 ns
run 500 ns
run 500 ns
run 500 ns
close_sim
INFO: [Simtcl 6-16] Simulation closed
update_compile_order -fileset sources_1
generate_target all [get_files {e:/bildiri ve makaleler/kitap/fpga/uygulamalar/prj_bolum11_uyg4/prj_bolum11_uyg4.srcs/sources_1/ip/floating_multiply/floating_multiply.xci}]
WARNING: [Vivado 12-818] No files matched 'e:/bildiri'
WARNING: [Vivado 12-818] No files matched 've'
WARNING: [Vivado 12-818] No files matched 'makaleler/kitap/fpga/uygulamalar/prj_bolum11_uyg4/prj_bolum11_uyg4.srcs/sources_1/ip/floating_multiply/floating_multiply.xci'
export_ip_user_files -of_objects [get_files {e:/bildiri ve makaleler/kitap/fpga/uygulamalar/prj_bolum11_uyg4/prj_bolum11_uyg4.srcs/sources_1/ip/floating_multiply/floating_multiply.xci}] -no_script -sync -force -quiet
WARNING: [Vivado 12-818] No files matched 'e:/bildiri'
WARNING: [Vivado 12-818] No files matched 've'
WARNING: [Vivado 12-818] No files matched 'makaleler/kitap/fpga/uygulamalar/prj_bolum11_uyg4/prj_bolum11_uyg4.srcs/sources_1/ip/floating_multiply/floating_multiply.xci'
export_simulation -of_objects [get_files {{e:/bildiri ve makaleler/kitap/fpga/uygulamalar/prj_bolum11_uyg4/prj_bolum11_uyg4.srcs/sources_1/ip/floating_multiply/floating_multiply.xci}}] -directory {E:/bildiri ve makaleler/kitap/fpga/uygulamalar/prj_bolum11_uyg4/prj_bolum11_uyg4.ip_user_files/sim_scripts} -ip_user_files_dir {E:/bildiri ve makaleler/kitap/fpga/uygulamalar/prj_bolum11_uyg4/prj_bolum11_uyg4.ip_user_files} -ipstatic_source_dir {E:/bildiri ve makaleler/kitap/fpga/uygulamalar/prj_bolum11_uyg4/prj_bolum11_uyg4.ip_user_files/ipstatic} -lib_map_path [list {modelsim=E:/bildiri ve makaleler/kitap/fpga/uygulamalar/prj_bolum11_uyg4/prj_bolum11_uyg4.cache/compile_simlib/modelsim} {questa=E:/bildiri ve makaleler/kitap/fpga/uygulamalar/prj_bolum11_uyg4/prj_bolum11_uyg4.cache/compile_simlib/questa} {riviera=E:/bildiri ve makaleler/kitap/fpga/uygulamalar/prj_bolum11_uyg4/prj_bolum11_uyg4.cache/compile_simlib/riviera} {activehdl=E:/bildiri ve makaleler/kitap/fpga/uygulamalar/prj_bolum11_uyg4/prj_bolum11_uyg4.cache/compile_simlib/activehdl}] -use_ip_compiled_libs -force -quiet
create_fileset -blockset floating_multiply
set_property top floating_multiply [get_fileset floating_multiply]
move_files -fileset [get_fileset floating_multiply] [get_files -of_objects [get_fileset sources_1] {{e:/bildiri ve makaleler/kitap/fpga/uygulamalar/prj_bolum11_uyg4/prj_bolum11_uyg4.srcs/sources_1/ip/floating_multiply/floating_multiply.xci}}]
launch_run floating_multiply_synth_1
INFO: [IP_Flow 19-1686] Generating 'Synthesis' target for IP 'floating_multiply'...
[Sat Aug 17 12:55:59 2019] Launched floating_multiply_synth_1...
Run output will be captured here: E:/bildiri ve makaleler/kitap/fpga/uygulamalar/prj_bolum11_uyg4/prj_bolum11_uyg4.runs/floating_multiply_synth_1/runme.log
launch_runs: Time (s): cpu = 00:00:01 ; elapsed = 00:00:07 . Memory (MB): peak = 1359.188 ; gain = 0.000
wait_on_run floating_multiply_synth_1

[Sat Aug 17 12:56:00 2019] Waiting for floating_multiply_synth_1 to finish...
[Sat Aug 17 12:56:06 2019] Waiting for floating_multiply_synth_1 to finish...
[Sat Aug 17 12:56:12 2019] Waiting for floating_multiply_synth_1 to finish...
[Sat Aug 17 12:56:18 2019] Waiting for floating_multiply_synth_1 to finish...
[Sat Aug 17 12:56:30 2019] Waiting for floating_multiply_synth_1 to finish...
[Sat Aug 17 12:56:42 2019] Waiting for floating_multiply_synth_1 to finish...
[Sat Aug 17 12:56:53 2019] Waiting for floating_multiply_synth_1 to finish...
[Sat Aug 17 12:57:05 2019] Waiting for floating_multiply_synth_1 to finish...
[Sat Aug 17 12:57:29 2019] Waiting for floating_multiply_synth_1 to finish...
[Sat Aug 17 12:57:52 2019] Waiting for floating_multiply_synth_1 to finish...
[Sat Aug 17 12:58:16 2019] Waiting for floating_multiply_synth_1 to finish...
[Sat Aug 17 12:58:40 2019] Waiting for floating_multiply_synth_1 to finish...
[Sat Aug 17 12:59:24 2019] Waiting for floating_multiply_synth_1 to finish...
[Sat Aug 17 13:00:05 2019] Waiting for floating_multiply_synth_1 to finish...
[Sat Aug 17 13:00:46 2019] Waiting for floating_multiply_synth_1 to finish...
[Sat Aug 17 13:01:27 2019] Waiting for floating_multiply_synth_1 to finish...
[Sat Aug 17 13:02:50 2019] Waiting for floating_multiply_synth_1 to finish...

*** Running vivado
    with args -log floating_multiply.vds -m64 -product Vivado -mode batch -messageDb vivado.pb -notrace -source floating_multiply.tcl


****** Vivado v2017.4 (64-bit)
  **** SW Build 2086221 on Fri Dec 15 20:55:39 MST 2017
  **** IP Build 2085800 on Fri Dec 15 22:25:07 MST 2017
    ** Copyright 1986-2017 Xilinx, Inc. All Rights Reserved.

source floating_multiply.tcl -notrace
Command: synth_design -top floating_multiply -part xc7a100tcsg324-1 -mode out_of_context
Starting synth_design
Attempting to get a license for feature 'Synthesis' and/or device 'xc7a100t'
INFO: [Common 17-349] Got license for feature 'Synthesis' and/or device 'xc7a100t'
INFO: Launching helper process for spawning children vivado processes
INFO: Helper process launched with PID 4336 
---------------------------------------------------------------------------------
Starting RTL Elaboration : Time (s): cpu = 00:00:47 ; elapsed = 00:00:54 . Memory (MB): peak = 349.184 ; gain = 95.137
---------------------------------------------------------------------------------
INFO: [Synth 8-638] synthesizing module 'floating_multiply' [e:/bildiri ve makaleler/kitap/fpga/uygulamalar/prj_bolum11_uyg4/prj_bolum11_uyg4.srcs/sources_1/ip/floating_multiply/synth/floating_multiply.vhd:74]
	Parameter C_XDEVICEFAMILY bound to: artix7 - type: string 
	Parameter C_HAS_ADD bound to: 0 - type: integer 
	Parameter C_HAS_SUBTRACT bound to: 0 - type: integer 
	Parameter C_HAS_MULTIPLY bound to: 1 - type: integer 
	Parameter C_HAS_DIVIDE bound to: 0 - type: integer 
	Parameter C_HAS_SQRT bound to: 0 - type: integer 
	Parameter C_HAS_COMPARE bound to: 0 - type: integer 
	Parameter C_HAS_FIX_TO_FLT bound to: 0 - type: integer 
	Parameter C_HAS_FLT_TO_FIX bound to: 0 - type: integer 
	Parameter C_HAS_FLT_TO_FLT bound to: 0 - type: integer 
	Parameter C_HAS_RECIP bound to: 0 - type: integer 
	Parameter C_HAS_RECIP_SQRT bound to: 0 - type: integer 
	Parameter C_HAS_ABSOLUTE bound to: 0 - type: integer 
	Parameter C_HAS_LOGARITHM bound to: 0 - type: integer 
	Parameter C_HAS_EXPONENTIAL bound to: 0 - type: integer 
	Parameter C_HAS_FMA bound to: 0 - type: integer 
	Parameter C_HAS_FMS bound to: 0 - type: integer 
	Parameter C_HAS_ACCUMULATOR_A bound to: 0 - type: integer 
	Parameter C_HAS_ACCUMULATOR_S bound to: 0 - type: integer 
	Parameter C_A_WIDTH bound to: 32 - type: integer 
	Parameter C_A_FRACTION_WIDTH bound to: 24 - type: integer 
	Parameter C_B_WIDTH bound to: 32 - type: integer 
	Parameter C_B_FRACTION_WIDTH bound to: 24 - type: integer 
	Parameter C_C_WIDTH bound to: 32 - type: integer 
	Parameter C_C_FRACTION_WIDTH bound to: 24 - type: integer 
	Parameter C_RESULT_WIDTH bound to: 32 - type: integer 
	Parameter C_RESULT_FRACTION_WIDTH bound to: 24 - type: integer 
	Parameter C_COMPARE_OPERATION bound to: 8 - type: integer 
	Parameter C_LATENCY bound to: 9 - type: integer 
	Parameter C_OPTIMIZATION bound to: 1 - type: integer 
	Parameter C_MULT_USAGE bound to: 2 - type: integer 
	Parameter C_BRAM_USAGE bound to: 0 - type: integer 
	Parameter C_RATE bound to: 1 - type: integer 
	Parameter C_ACCUM_INPUT_MSB bound to: 32 - type: integer 
	Parameter C_ACCUM_MSB bound to: 32 - type: integer 
	Parameter C_ACCUM_LSB bound to: -31 - type: integer 
	Parameter C_HAS_UNDERFLOW bound to: 0 - type: integer 
	Parameter C_HAS_OVERFLOW bound to: 0 - type: integer 
	Parameter C_HAS_INVALID_OP bound to: 0 - type: integer 
	Parameter C_HAS_DIVIDE_BY_ZERO bound to: 0 - type: integer 
	Parameter C_HAS_ACCUM_OVERFLOW bound to: 0 - type: integer 
	Parameter C_HAS_ACCUM_INPUT_OVERFLOW bound to: 0 - type: integer 
	Parameter C_HAS_ACLKEN bound to: 0 - type: integer 
	Parameter C_HAS_ARESETN bound to: 0 - type: integer 
	Parameter C_THROTTLE_SCHEME bound to: 1 - type: integer 
	Parameter C_HAS_A_TUSER bound to: 0 - type: integer 
	Parameter C_HAS_A_TLAST bound to: 0 - type: integer 
	Parameter C_HAS_B bound to: 1 - type: integer 
	Parameter C_HAS_B_TUSER bound to: 0 - type: integer 
	Parameter C_HAS_B_TLAST bound to: 0 - type: integer 
	Parameter C_HAS_C bound to: 0 - type: integer 
	Parameter C_HAS_C_TUSER bound to: 0 - type: integer 
	Parameter C_HAS_C_TLAST bound to: 0 - type: integer 
	Parameter C_HAS_OPERATION bound to: 0 - type: integer 
	Parameter C_HAS_OPERATION_TUSER bound to: 0 - type: integer 
	Parameter C_HAS_OPERATION_TLAST bound to: 0 - type: integer 
	Parameter C_HAS_RESULT_TUSER bound to: 0 - type: integer 
	Parameter C_HAS_RESULT_TLAST bound to: 0 - type: integer 
	Parameter C_TLAST_RESOLUTION bound to: 0 - type: integer 
	Parameter C_A_TDATA_WIDTH bound to: 32 - type: integer 
	Parameter C_A_TUSER_WIDTH bound to: 1 - type: integer 
	Parameter C_B_TDATA_WIDTH bound to: 32 - type: integer 
	Parameter C_B_TUSER_WIDTH bound to: 1 - type: integer 
	Parameter C_C_TDATA_WIDTH bound to: 32 - type: integer 
	Parameter C_C_TUSER_WIDTH bound to: 1 - type: integer 
	Parameter C_OPERATION_TDATA_WIDTH bound to: 8 - type: integer 
	Parameter C_OPERATION_TUSER_WIDTH bound to: 1 - type: integer 
	Parameter C_RESULT_TDATA_WIDTH bound to: 32 - type: integer 
	Parameter C_RESULT_TUSER_WIDTH bound to: 1 - type: integer 
	Parameter C_FIXED_DATA_UNSIGNED bound to: 0 - type: integer 
INFO: [Synth 8-3491] module 'floating_point_v7_1_5' declared at 'e:/bildiri ve makaleler/kitap/fpga/uygulamalar/prj_bolum11_uyg4/prj_bolum11_uyg4.srcs/sources_1/ip/floating_multiply/hdl/floating_point_v7_1_vh_rfs.vhd:91604' bound to instance 'U0' of component 'floating_point_v7_1_5' [e:/bildiri ve makaleler/kitap/fpga/uygulamalar/prj_bolum11_uyg4/prj_bolum11_uyg4.srcs/sources_1/ip/floating_multiply/synth/floating_multiply.vhd:206]
INFO: [Synth 8-256] done synthesizing module 'floating_multiply' (21#1) [e:/bildiri ve makaleler/kitap/fpga/uygulamalar/prj_bolum11_uyg4/prj_bolum11_uyg4.srcs/sources_1/ip/floating_multiply/synth/floating_multiply.vhd:74]
WARNING: [Synth 8-3331] design axi_slave_2to1 has unconnected port s_axis_a_tuser[0]
WARNING: [Synth 8-3331] design axi_slave_2to1 has unconnected port s_axis_a_tlast
WARNING: [Synth 8-3331] design axi_slave_2to1 has unconnected port s_axis_b_tuser[0]
WARNING: [Synth 8-3331] design axi_slave_2to1 has unconnected port s_axis_b_tlast
WARNING: [Synth 8-3331] design flt_dec_op_lat has unconnected port DEC_OP_STATE[11]
WARNING: [Synth 8-3331] design flt_dec_op_lat has unconnected port DEC_OP_STATE[10]
WARNING: [Synth 8-3331] design flt_dec_op_lat has unconnected port DEC_OP_STATE[9]
WARNING: [Synth 8-3331] design flt_dec_op_lat has unconnected port DEC_OP_STATE[8]
WARNING: [Synth 8-3331] design flt_dec_op_lat has unconnected port DIVIDE_BY_ZERO_IN
WARNING: [Synth 8-3331] design xbip_pipe_v3_0_4_viv__parameterized57 has unconnected port CLK
WARNING: [Synth 8-3331] design xbip_pipe_v3_0_4_viv__parameterized57 has unconnected port CE
WARNING: [Synth 8-3331] design xbip_pipe_v3_0_4_viv__parameterized57 has unconnected port SCLR
WARNING: [Synth 8-3331] design xbip_pipe_v3_0_4_viv__parameterized57 has unconnected port SSET
WARNING: [Synth 8-3331] design xbip_pipe_v3_0_4_viv__parameterized57 has unconnected port SINIT
WARNING: [Synth 8-3331] design carry_chain__parameterized4 has unconnected port B[7]
WARNING: [Synth 8-3331] design xbip_pipe_v3_0_4_viv__parameterized9 has unconnected port CLK
WARNING: [Synth 8-3331] design xbip_pipe_v3_0_4_viv__parameterized9 has unconnected port CE
WARNING: [Synth 8-3331] design xbip_pipe_v3_0_4_viv__parameterized9 has unconnected port SCLR
WARNING: [Synth 8-3331] design xbip_pipe_v3_0_4_viv__parameterized9 has unconnected port SSET
WARNING: [Synth 8-3331] design xbip_pipe_v3_0_4_viv__parameterized9 has unconnected port SINIT
WARNING: [Synth 8-3331] design xbip_pipe_v3_0_4_viv__parameterized51 has unconnected port SCLR
WARNING: [Synth 8-3331] design xbip_pipe_v3_0_4_viv__parameterized51 has unconnected port SSET
WARNING: [Synth 8-3331] design xbip_pipe_v3_0_4_viv__parameterized51 has unconnected port SINIT
WARNING: [Synth 8-3331] design xbip_pipe_v3_0_4_viv__parameterized55 has unconnected port SCLR
WARNING: [Synth 8-3331] design xbip_pipe_v3_0_4_viv__parameterized55 has unconnected port SSET
WARNING: [Synth 8-3331] design xbip_pipe_v3_0_4_viv__parameterized55 has unconnected port SINIT
WARNING: [Synth 8-3331] design xbip_pipe_v3_0_4_viv__parameterized53 has unconnected port SCLR
WARNING: [Synth 8-3331] design xbip_pipe_v3_0_4_viv__parameterized53 has unconnected port SSET
WARNING: [Synth 8-3331] design xbip_pipe_v3_0_4_viv__parameterized53 has unconnected port SINIT
WARNING: [Synth 8-3331] design xbip_pipe_v3_0_4_viv__parameterized49 has unconnected port SCLR
WARNING: [Synth 8-3331] design xbip_pipe_v3_0_4_viv__parameterized49 has unconnected port SSET
WARNING: [Synth 8-3331] design xbip_pipe_v3_0_4_viv__parameterized49 has unconnected port SINIT
WARNING: [Synth 8-3331] design xbip_pipe_v3_0_4_viv__parameterized47 has unconnected port SCLR
WARNING: [Synth 8-3331] design xbip_pipe_v3_0_4_viv__parameterized47 has unconnected port SSET
WARNING: [Synth 8-3331] design xbip_pipe_v3_0_4_viv__parameterized47 has unconnected port SINIT
WARNING: [Synth 8-3331] design xbip_pipe_v3_0_4_viv__parameterized45 has unconnected port CLK
WARNING: [Synth 8-3331] design xbip_pipe_v3_0_4_viv__parameterized45 has unconnected port CE
WARNING: [Synth 8-3331] design xbip_pipe_v3_0_4_viv__parameterized45 has unconnected port SCLR
WARNING: [Synth 8-3331] design xbip_pipe_v3_0_4_viv__parameterized45 has unconnected port SSET
WARNING: [Synth 8-3331] design xbip_pipe_v3_0_4_viv__parameterized45 has unconnected port SINIT
WARNING: [Synth 8-3331] design xbip_pipe_v3_0_4_viv__parameterized43 has unconnected port CLK
WARNING: [Synth 8-3331] design xbip_pipe_v3_0_4_viv__parameterized43 has unconnected port CE
WARNING: [Synth 8-3331] design xbip_pipe_v3_0_4_viv__parameterized43 has unconnected port SCLR
WARNING: [Synth 8-3331] design xbip_pipe_v3_0_4_viv__parameterized43 has unconnected port SSET
WARNING: [Synth 8-3331] design xbip_pipe_v3_0_4_viv__parameterized43 has unconnected port SINIT
WARNING: [Synth 8-3331] design flt_round_bit has unconnected port NORMALIZE[1]
WARNING: [Synth 8-3331] design flt_round_bit has unconnected port FIXED_POINT
WARNING: [Synth 8-3331] design flt_round_bit has unconnected port FIX_MANT_SIGN
WARNING: [Synth 8-3331] design flt_round_bit has unconnected port SIGN
WARNING: [Synth 8-3331] design xbip_pipe_v3_0_4_viv__parameterized3 has unconnected port SCLR
WARNING: [Synth 8-3331] design xbip_pipe_v3_0_4_viv__parameterized3 has unconnected port SSET
WARNING: [Synth 8-3331] design xbip_pipe_v3_0_4_viv__parameterized3 has unconnected port SINIT
WARNING: [Synth 8-3331] design xbip_pipe_v3_0_4_viv__parameterized17 has unconnected port SCLR
WARNING: [Synth 8-3331] design xbip_pipe_v3_0_4_viv__parameterized17 has unconnected port SSET
WARNING: [Synth 8-3331] design xbip_pipe_v3_0_4_viv__parameterized17 has unconnected port SINIT
WARNING: [Synth 8-3331] design xbip_pipe_v3_0_4_viv__parameterized41 has unconnected port CLK
WARNING: [Synth 8-3331] design xbip_pipe_v3_0_4_viv__parameterized41 has unconnected port CE
WARNING: [Synth 8-3331] design xbip_pipe_v3_0_4_viv__parameterized41 has unconnected port SCLR
WARNING: [Synth 8-3331] design xbip_pipe_v3_0_4_viv__parameterized41 has unconnected port SSET
WARNING: [Synth 8-3331] design xbip_pipe_v3_0_4_viv__parameterized41 has unconnected port SINIT
WARNING: [Synth 8-3331] design xbip_pipe_v3_0_4_viv__parameterized37 has unconnected port SCLR
WARNING: [Synth 8-3331] design xbip_pipe_v3_0_4_viv__parameterized37 has unconnected port SSET
WARNING: [Synth 8-3331] design xbip_pipe_v3_0_4_viv__parameterized37 has unconnected port SINIT
WARNING: [Synth 8-3331] design xbip_pipe_v3_0_4_viv__parameterized39 has unconnected port CLK
WARNING: [Synth 8-3331] design xbip_pipe_v3_0_4_viv__parameterized39 has unconnected port CE
WARNING: [Synth 8-3331] design xbip_pipe_v3_0_4_viv__parameterized39 has unconnected port SCLR
WARNING: [Synth 8-3331] design xbip_pipe_v3_0_4_viv__parameterized39 has unconnected port SSET
WARNING: [Synth 8-3331] design xbip_pipe_v3_0_4_viv__parameterized39 has unconnected port SINIT
WARNING: [Synth 8-3331] design flt_mult_round has unconnected port MANT_CASC_IN[47]
WARNING: [Synth 8-3331] design flt_mult_round has unconnected port MANT_CASC_IN[46]
WARNING: [Synth 8-3331] design flt_mult_round has unconnected port MANT_CASC_IN[45]
WARNING: [Synth 8-3331] design flt_mult_round has unconnected port MANT_CASC_IN[44]
WARNING: [Synth 8-3331] design flt_mult_round has unconnected port MANT_CASC_IN[43]
WARNING: [Synth 8-3331] design flt_mult_round has unconnected port MANT_CASC_IN[42]
WARNING: [Synth 8-3331] design flt_mult_round has unconnected port MANT_CASC_IN[41]
WARNING: [Synth 8-3331] design flt_mult_round has unconnected port MANT_CASC_IN[40]
WARNING: [Synth 8-3331] design flt_mult_round has unconnected port MANT_CASC_IN[39]
WARNING: [Synth 8-3331] design flt_mult_round has unconnected port MANT_CASC_IN[38]
WARNING: [Synth 8-3331] design flt_mult_round has unconnected port MANT_CASC_IN[37]
WARNING: [Synth 8-3331] design flt_mult_round has unconnected port MANT_CASC_IN[36]
WARNING: [Synth 8-3331] design flt_mult_round has unconnected port MANT_CASC_IN[35]
WARNING: [Synth 8-3331] design flt_mult_round has unconnected port MANT_CASC_IN[34]
WARNING: [Synth 8-3331] design flt_mult_round has unconnected port MANT_CASC_IN[33]
WARNING: [Synth 8-3331] design flt_mult_round has unconnected port MANT_CASC_IN[32]
WARNING: [Synth 8-3331] design flt_mult_round has unconnected port MANT_CASC_IN[31]
WARNING: [Synth 8-3331] design flt_mult_round has unconnected port MANT_CASC_IN[30]
WARNING: [Synth 8-3331] design flt_mult_round has unconnected port MANT_CASC_IN[29]
WARNING: [Synth 8-3331] design flt_mult_round has unconnected port MANT_CASC_IN[28]
WARNING: [Synth 8-3331] design flt_mult_round has unconnected port MANT_CASC_IN[27]
WARNING: [Synth 8-3331] design flt_mult_round has unconnected port MANT_CASC_IN[26]
WARNING: [Synth 8-3331] design flt_mult_round has unconnected port MANT_CASC_IN[25]
WARNING: [Synth 8-3331] design flt_mult_round has unconnected port MANT_CASC_IN[24]
WARNING: [Synth 8-3331] design flt_mult_round has unconnected port MANT_CASC_IN[23]
WARNING: [Synth 8-3331] design flt_mult_round has unconnected port MANT_CASC_IN[22]
WARNING: [Synth 8-3331] design flt_mult_round has unconnected port MANT_CASC_IN[21]
WARNING: [Synth 8-3331] design flt_mult_round has unconnected port MANT_CASC_IN[20]
WARNING: [Synth 8-3331] design flt_mult_round has unconnected port MANT_CASC_IN[19]
WARNING: [Synth 8-3331] design flt_mult_round has unconnected port MANT_CASC_IN[18]
WARNING: [Synth 8-3331] design flt_mult_round has unconnected port MANT_CASC_IN[17]
WARNING: [Synth 8-3331] design flt_mult_round has unconnected port MANT_CASC_IN[16]
INFO: [Common 17-14] Message 'Synth 8-3331' appears 100 times and further instances of the messages will be disabled. Use the Tcl command set_msg_config to change the current settings.
---------------------------------------------------------------------------------
Finished RTL Elaboration : Time (s): cpu = 00:01:34 ; elapsed = 00:01:52 . Memory (MB): peak = 467.297 ; gain = 213.250
---------------------------------------------------------------------------------

Report Check Netlist: 
+------+------------------+-------+---------+-------+------------------+
|      |Item              |Errors |Warnings |Status |Description       |
+------+------------------+-------+---------+-------+------------------+
|1     |multi_driven_nets |      0|        0|Passed |Multi driven nets |
+------+------------------+-------+---------+-------+------------------+
---------------------------------------------------------------------------------
Finished RTL Optimization Phase 1 : Time (s): cpu = 00:01:35 ; elapsed = 00:01:55 . Memory (MB): peak = 467.297 ; gain = 213.250
---------------------------------------------------------------------------------
INFO: [Netlist 29-17] Analyzing 100 Unisim elements for replacement
INFO: [Netlist 29-28] Unisim Transformation completed in 0 CPU seconds
INFO: [Device 21-403] Loading part xc7a100tcsg324-1
INFO: [Project 1-570] Preparing netlist for logic optimization

Processing XDC Constraints
Initializing timing engine
Parsing XDC File [e:/bildiri ve makaleler/kitap/fpga/uygulamalar/prj_bolum11_uyg4/prj_bolum11_uyg4.srcs/sources_1/ip/floating_multiply/floating_multiply_ooc.xdc] for cell 'U0'
Finished Parsing XDC File [e:/bildiri ve makaleler/kitap/fpga/uygulamalar/prj_bolum11_uyg4/prj_bolum11_uyg4.srcs/sources_1/ip/floating_multiply/floating_multiply_ooc.xdc] for cell 'U0'
Parsing XDC File [E:/bildiri ve makaleler/kitap/fpga/uygulamalar/prj_bolum11_uyg4/prj_bolum11_uyg4.runs/floating_multiply_synth_1/dont_touch.xdc]
Finished Parsing XDC File [E:/bildiri ve makaleler/kitap/fpga/uygulamalar/prj_bolum11_uyg4/prj_bolum11_uyg4.runs/floating_multiply_synth_1/dont_touch.xdc]
Completed Processing XDC Constraints

INFO: [Project 1-111] Unisim Transformation Summary:
  A total of 5 instances were transformed.
  FDE => FDRE: 5 instances

Constraint Validation Runtime : Time (s): cpu = 00:00:01 ; elapsed = 00:00:00.114 . Memory (MB): peak = 679.641 ; gain = 0.063
---------------------------------------------------------------------------------
Finished Constraint Validation : Time (s): cpu = 00:02:53 ; elapsed = 00:03:39 . Memory (MB): peak = 679.641 ; gain = 425.594
---------------------------------------------------------------------------------
---------------------------------------------------------------------------------
Start Loading Part and Timing Information
---------------------------------------------------------------------------------
Loading part: xc7a100tcsg324-1
---------------------------------------------------------------------------------
Finished Loading Part and Timing Information : Time (s): cpu = 00:02:53 ; elapsed = 00:03:39 . Memory (MB): peak = 679.641 ; gain = 425.594
---------------------------------------------------------------------------------
---------------------------------------------------------------------------------
Start Applying 'set_property' XDC Constraints
---------------------------------------------------------------------------------
Applied set_property DONT_TOUCH = true for U0. (constraint file  {E:/bildiri ve makaleler/kitap/fpga/uygulamalar/prj_bolum11_uyg4/prj_bolum11_uyg4.runs/floating_multiply_synth_1/dont_touch.xdc}, line 9).
---------------------------------------------------------------------------------
Finished applying 'set_property' XDC Constraints : Time (s): cpu = 00:02:53 ; elapsed = 00:03:39 . Memory (MB): peak = 679.641 ; gain = 425.594
---------------------------------------------------------------------------------
INFO: [Synth 8-5546] ROM "exp_all_one_ip" won't be mapped to RAM because it is too sparse
INFO: [Synth 8-5546] ROM "exp_all_zero_ip" won't be mapped to RAM because it is too sparse
INFO: [Synth 8-5546] ROM "exp_just_over_sig" won't be mapped to RAM because it is too sparse
INFO: [Synth 8-5546] ROM "flow_sig" won't be mapped to RAM because it is too sparse
INFO: [Synth 8-5546] ROM "flow_sig" won't be mapped to RAM because it is too sparse
INFO: [Synth 8-5546] ROM "exp_just_over_sig" won't be mapped to RAM because it is too sparse
INFO: [Synth 8-5546] ROM "flow_sig" won't be mapped to RAM because it is too sparse
INFO: [Synth 8-5546] ROM "flow_sig" won't be mapped to RAM because it is too sparse
INFO: [Synth 8-5544] ROM "state_int_up" won't be mapped to Block RAM because address size (1) smaller than threshold (5)
---------------------------------------------------------------------------------
Finished RTL Optimization Phase 2 : Time (s): cpu = 00:02:58 ; elapsed = 00:03:46 . Memory (MB): peak = 679.641 ; gain = 425.594
---------------------------------------------------------------------------------
INFO: [Synth 8-223] decloning instance 'U0/i_synth/DELAY_DIVIDE_BY_ZERO' (delay__parameterized13) to 'U0/i_synth/DELAY_ACCUM_OVERFLOW'
INFO: [Synth 8-223] decloning instance 'U0/i_synth/DELAY_DIVIDE_BY_ZERO' (delay__parameterized13) to 'U0/i_synth/DELAY_ACCUM_INPUT_OVERFLOW'
INFO: [Synth 8-223] decloning instance 'U0/i_synth/MULT.OP/R_AND_R/LOGIC.R_AND_R/EXTRA_LSB_BIT_DEL' (delay__parameterized13) to 'U0/i_synth/MULT.OP/R_AND_R/LOGIC.R_AND_R/EXTRA_LSB_RND1_DEL'
INFO: [Synth 8-223] decloning instance 'U0/i_synth/MULT.OP/R_AND_R/LOGIC.R_AND_R/NORMALIZE_DEL' (delay__parameterized23) to 'U0/i_synth/MULT.OP/R_AND_R/LOGIC.R_AND_R/NORMALIZE_RND1_DEL'

Report RTL Partitions: 
+-+--------------+------------+----------+
| |RTL Partition |Replication |Instances |
+-+--------------+------------+----------+
+-+--------------+------------+----------+
---------------------------------------------------------------------------------
Start RTL Component Statistics 
---------------------------------------------------------------------------------
---------------------------------------------------------------------------------
Finished RTL Component Statistics 
---------------------------------------------------------------------------------
---------------------------------------------------------------------------------
Start RTL Hierarchical Component Statistics 
---------------------------------------------------------------------------------
---------------------------------------------------------------------------------
Finished RTL Hierarchical Component Statistics
---------------------------------------------------------------------------------
---------------------------------------------------------------------------------
Start Part Resource Summary
---------------------------------------------------------------------------------
Part Resources:
DSPs: 240 (col length:80)
BRAMs: 270 (col length: RAMB18 80 RAMB36 40)
---------------------------------------------------------------------------------
Finished Part Resource Summary
---------------------------------------------------------------------------------
---------------------------------------------------------------------------------
Start Cross Boundary and Area Optimization
---------------------------------------------------------------------------------
INFO: [Synth 8-5546] ROM "MULT.OP/EXP/COND_DET_A/exp_all_one_ip" won't be mapped to RAM because it is too sparse
INFO: [Synth 8-5546] ROM "MULT.OP/EXP/COND_DET_A/exp_all_zero_ip" won't be mapped to RAM because it is too sparse
INFO: [Synth 8-5546] ROM "MULT.OP/EXP/COND_DET_B/exp_all_one_ip" won't be mapped to RAM because it is too sparse
INFO: [Synth 8-5546] ROM "MULT.OP/EXP/COND_DET_B/exp_all_zero_ip" won't be mapped to RAM because it is too sparse
INFO: [Synth 8-5546] ROM "MULT.OP/EXP/exp_just_over_sig" won't be mapped to RAM because it is too sparse
INFO: [Synth 8-5546] ROM "MULT.OP/EXP/flow_sig" won't be mapped to RAM because it is too sparse
INFO: [Synth 8-5546] ROM "MULT.OP/EXP/flow_sig" won't be mapped to RAM because it is too sparse
INFO: [Synth 8-3886] merging instance 'U0/i_synth/MULT.OP/R_AND_R/LOGIC.R_AND_R/EXP_IN_DELAY.EXP_OFF_OP_DEL/i_pipe/opt_has_pipe.first_q_reg[0]' (FDE) to 'U0/i_synth/MULT.OP/R_AND_R/LOGIC.R_AND_R/EXP_IN_DELAY.EXP_OFF_OP_DEL/i_pipe/opt_has_pipe.first_q_reg[1]'
INFO: [Synth 8-3886] merging instance 'U0/i_synth/MULT.OP/R_AND_R/LOGIC.R_AND_R/EXP_IN_DELAY.EXP_OFF_OP_DEL/i_pipe/opt_has_pipe.first_q_reg[1]' (FDE) to 'U0/i_synth/MULT.OP/R_AND_R/LOGIC.R_AND_R/EXP_IN_DELAY.EXP_OFF_OP_DEL/i_pipe/opt_has_pipe.first_q_reg[2]'
INFO: [Synth 8-3886] merging instance 'U0/i_synth/MULT.OP/R_AND_R/LOGIC.R_AND_R/EXP_IN_DELAY.EXP_OFF_OP_DEL/i_pipe/opt_has_pipe.first_q_reg[2]' (FDE) to 'U0/i_synth/MULT.OP/R_AND_R/LOGIC.R_AND_R/EXP_IN_DELAY.EXP_OFF_OP_DEL/i_pipe/opt_has_pipe.first_q_reg[3]'
INFO: [Synth 8-3886] merging instance 'U0/i_synth/MULT.OP/R_AND_R/LOGIC.R_AND_R/EXP_IN_DELAY.EXP_OFF_OP_DEL/i_pipe/opt_has_pipe.first_q_reg[3]' (FDE) to 'U0/i_synth/MULT.OP/R_AND_R/LOGIC.R_AND_R/EXP_IN_DELAY.EXP_OFF_OP_DEL/i_pipe/opt_has_pipe.first_q_reg[4]'
INFO: [Synth 8-3886] merging instance 'U0/i_synth/MULT.OP/R_AND_R/LOGIC.R_AND_R/EXP_IN_DELAY.EXP_OFF_OP_DEL/i_pipe/opt_has_pipe.first_q_reg[4]' (FDE) to 'U0/i_synth/MULT.OP/R_AND_R/LOGIC.R_AND_R/EXP_IN_DELAY.EXP_OFF_OP_DEL/i_pipe/opt_has_pipe.first_q_reg[5]'
INFO: [Synth 8-3886] merging instance 'U0/i_synth/MULT.OP/R_AND_R/LOGIC.R_AND_R/EXP_IN_DELAY.EXP_OFF_OP_DEL/i_pipe/opt_has_pipe.first_q_reg[5]' (FDE) to 'U0/i_synth/MULT.OP/R_AND_R/LOGIC.R_AND_R/EXP_IN_DELAY.EXP_OFF_OP_DEL/i_pipe/opt_has_pipe.first_q_reg[6]'
INFO: [Synth 8-3886] merging instance 'U0/i_synth/MULT.OP/R_AND_R/LOGIC.R_AND_R/EXP_IN_DELAY.EXP_OFF_OP_DEL/i_pipe/opt_has_pipe.first_q_reg[6]' (FDE) to 'U0/i_synth/MULT.OP/EXP/STATE_DEC_DELAY/i_pipe/opt_has_pipe.first_q_reg[6]'
INFO: [Synth 8-3886] merging instance 'U0/i_synth/MULT.OP/EXP/STATE_DEC_DELAY/i_pipe/opt_has_pipe.first_q_reg[8]' (FDE) to 'U0/i_synth/MULT.OP/EXP/STATE_DEC_DELAY/i_pipe/opt_has_pipe.first_q_reg[4]'
INFO: [Synth 8-3886] merging instance 'U0/i_synth/MULT.OP/EXP/STATE_DEC_DELAY/i_pipe/opt_has_pipe.first_q_reg[10]' (FDE) to 'U0/i_synth/MULT.OP/EXP/STATE_DEC_DELAY/i_pipe/opt_has_pipe.first_q_reg[4]'
INFO: [Synth 8-3886] merging instance 'U0/i_synth/MULT.OP/EXP/STATE_DEC_DELAY/i_pipe/opt_has_pipe.first_q_reg[9]' (FDE) to 'U0/i_synth/MULT.OP/EXP/STATE_DEC_DELAY/i_pipe/opt_has_pipe.first_q_reg[5]'
INFO: [Synth 8-3886] merging instance 'U0/i_synth/MULT.OP/EXP/STATE_DEC_DELAY/i_pipe/opt_has_pipe.first_q_reg[11]' (FDE) to 'U0/i_synth/MULT.OP/EXP/STATE_DEC_DELAY/i_pipe/opt_has_pipe.first_q_reg[5]'
INFO: [Synth 8-3886] merging instance 'U0/i_synth/MULT.OP/R_AND_R/LOGIC.R_AND_R/EXP_IN_DELAY.EXP_OFF_OP_DEL/i_pipe/opt_has_pipe.i_pipe[2].pipe_reg[2][0]' (FDE) to 'U0/i_synth/MULT.OP/R_AND_R/LOGIC.R_AND_R/EXP_IN_DELAY.EXP_OFF_OP_DEL/i_pipe/opt_has_pipe.i_pipe[2].pipe_reg[2][1]'
INFO: [Synth 8-3886] merging instance 'U0/i_synth/MULT.OP/R_AND_R/LOGIC.R_AND_R/EXP_IN_DELAY.EXP_OFF_OP_DEL/i_pipe/opt_has_pipe.i_pipe[2].pipe_reg[2][1]' (FDE) to 'U0/i_synth/MULT.OP/R_AND_R/LOGIC.R_AND_R/EXP_IN_DELAY.EXP_OFF_OP_DEL/i_pipe/opt_has_pipe.i_pipe[2].pipe_reg[2][2]'
INFO: [Synth 8-3886] merging instance 'U0/i_synth/MULT.OP/R_AND_R/LOGIC.R_AND_R/EXP_IN_DELAY.EXP_OFF_OP_DEL/i_pipe/opt_has_pipe.i_pipe[2].pipe_reg[2][2]' (FDE) to 'U0/i_synth/MULT.OP/R_AND_R/LOGIC.R_AND_R/EXP_IN_DELAY.EXP_OFF_OP_DEL/i_pipe/opt_has_pipe.i_pipe[2].pipe_reg[2][3]'
INFO: [Synth 8-3886] merging instance 'U0/i_synth/MULT.OP/R_AND_R/LOGIC.R_AND_R/EXP_IN_DELAY.EXP_OFF_OP_DEL/i_pipe/opt_has_pipe.i_pipe[2].pipe_reg[2][3]' (FDE) to 'U0/i_synth/MULT.OP/R_AND_R/LOGIC.R_AND_R/EXP_IN_DELAY.EXP_OFF_OP_DEL/i_pipe/opt_has_pipe.i_pipe[2].pipe_reg[2][4]'
INFO: [Synth 8-3886] merging instance 'U0/i_synth/MULT.OP/R_AND_R/LOGIC.R_AND_R/EXP_IN_DELAY.EXP_OFF_OP_DEL/i_pipe/opt_has_pipe.i_pipe[2].pipe_reg[2][4]' (FDE) to 'U0/i_synth/MULT.OP/R_AND_R/LOGIC.R_AND_R/EXP_IN_DELAY.EXP_OFF_OP_DEL/i_pipe/opt_has_pipe.i_pipe[2].pipe_reg[2][5]'
INFO: [Synth 8-3886] merging instance 'U0/i_synth/MULT.OP/R_AND_R/LOGIC.R_AND_R/EXP_IN_DELAY.EXP_OFF_OP_DEL/i_pipe/opt_has_pipe.i_pipe[2].pipe_reg[2][5]' (FDE) to 'U0/i_synth/MULT.OP/R_AND_R/LOGIC.R_AND_R/EXP_IN_DELAY.EXP_OFF_OP_DEL/i_pipe/opt_has_pipe.i_pipe[2].pipe_reg[2][6]'
INFO: [Synth 8-3886] merging instance 'U0/i_synth/MULT.OP/EXP/STATE_DEC_DELAY/i_pipe/opt_has_pipe.first_q_reg[6]' (FDE) to 'U0/i_synth/MULT.OP/EXP/STATE_DEC_DELAY/i_pipe/opt_has_pipe.first_q_reg[7]'
INFO: [Synth 8-3333] propagating constant 0 across sequential element (U0/i_synth/\MULT.OP/EXP/STATE_DEC_DELAY/i_pipe/opt_has_pipe.first_q_reg[7] )
INFO: [Synth 8-3886] merging instance 'U0/i_synth/MULT.OP/EXP/STATE_DEC_DELAY/i_pipe/opt_has_pipe.first_q_reg[7]' (FDE) to 'U0/i_synth/MULT.OP/R_AND_R/LOGIC.R_AND_R/EXP_IN_DELAY.EXP_OFF_OP_DEL/i_pipe/opt_has_pipe.i_pipe[2].pipe_reg[2][6]'
INFO: [Synth 8-3333] propagating constant 0 across sequential element (U0/i_synth/\MULT.OP/R_AND_R/LOGIC.R_AND_R/EXP_IN_DELAY.EXP_OFF_OP_DEL/i_pipe/opt_has_pipe.i_pipe[2].pipe_reg[2][6] )
INFO: [Synth 8-3332] Sequential element (MULT.OP/EXP/FLOW_UP_DEL/i_pipe/opt_has_pipe.i_pipe[2].pipe_reg[2][3]) is unused and will be removed from module floating_point_v7_1_5_viv.
INFO: [Synth 8-3332] Sequential element (MULT.OP/EXP/FLOW_UP_DEL/i_pipe/opt_has_pipe.i_pipe[2].pipe_reg[2][2]) is unused and will be removed from module floating_point_v7_1_5_viv.
INFO: [Synth 8-3332] Sequential element (MULT.OP/EXP/FLOW_UP_DEL/i_pipe/opt_has_pipe.i_pipe[2].pipe_reg[2][1]) is unused and will be removed from module floating_point_v7_1_5_viv.
INFO: [Synth 8-3332] Sequential element (MULT.OP/EXP/FLOW_UP_DEL/i_pipe/opt_has_pipe.i_pipe[2].pipe_reg[2][0]) is unused and will be removed from module floating_point_v7_1_5_viv.
INFO: [Synth 8-3332] Sequential element (MULT.OP/R_AND_R/LOGIC.R_AND_R/MANT_RND2_DEL/i_pipe/opt_has_pipe.first_q_reg[1]) is unused and will be removed from module floating_point_v7_1_5_viv.
INFO: [Synth 8-3332] Sequential element (MULT.OP/R_AND_R/LOGIC.R_AND_R/MANT_RND2_DEL/i_pipe/opt_has_pipe.first_q_reg[0]) is unused and will be removed from module floating_point_v7_1_5_viv.
INFO: [Synth 8-3332] Sequential element (MULT.OP/R_AND_R/LOGIC.R_AND_R/EXP_IN_DELAY.EXP_OFF_OP_DEL/i_pipe/opt_has_pipe.i_pipe[2].pipe_reg[2][6]) is unused and will be removed from module floating_point_v7_1_5_viv.
---------------------------------------------------------------------------------
Finished Cross Boundary and Area Optimization : Time (s): cpu = 00:03:03 ; elapsed = 00:03:53 . Memory (MB): peak = 679.641 ; gain = 425.594
---------------------------------------------------------------------------------

Report RTL Partitions: 
+-+--------------+------------+----------+
| |RTL Partition |Replication |Instances |
+-+--------------+------------+----------+
+-+--------------+------------+----------+
---------------------------------------------------------------------------------
Start Applying XDC Timing Constraints
---------------------------------------------------------------------------------
---------------------------------------------------------------------------------
Finished Applying XDC Timing Constraints : Time (s): cpu = 00:04:29 ; elapsed = 00:05:29 . Memory (MB): peak = 790.793 ; gain = 536.746
---------------------------------------------------------------------------------
---------------------------------------------------------------------------------
Start Timing Optimization
---------------------------------------------------------------------------------
---------------------------------------------------------------------------------
Finished Timing Optimization : Time (s): cpu = 00:04:30 ; elapsed = 00:05:30 . Memory (MB): peak = 792.043 ; gain = 537.996
---------------------------------------------------------------------------------

Report RTL Partitions: 
+-+--------------+------------+----------+
| |RTL Partition |Replication |Instances |
+-+--------------+------------+----------+
+-+--------------+------------+----------+
---------------------------------------------------------------------------------
Start Technology Mapping
---------------------------------------------------------------------------------
---------------------------------------------------------------------------------
Finished Technology Mapping : Time (s): cpu = 00:04:31 ; elapsed = 00:05:31 . Memory (MB): peak = 812.570 ; gain = 558.523
---------------------------------------------------------------------------------

Report RTL Partitions: 
+-+--------------+------------+----------+
| |RTL Partition |Replication |Instances |
+-+--------------+------------+----------+
+-+--------------+------------+----------+
---------------------------------------------------------------------------------
Start IO Insertion
---------------------------------------------------------------------------------
---------------------------------------------------------------------------------
Start Flattening Before IO Insertion
---------------------------------------------------------------------------------
---------------------------------------------------------------------------------
Finished Flattening Before IO Insertion
---------------------------------------------------------------------------------
---------------------------------------------------------------------------------
Start Final Netlist Cleanup
---------------------------------------------------------------------------------
---------------------------------------------------------------------------------
Finished Final Netlist Cleanup
---------------------------------------------------------------------------------
---------------------------------------------------------------------------------
Finished IO Insertion : Time (s): cpu = 00:04:37 ; elapsed = 00:05:37 . Memory (MB): peak = 812.570 ; gain = 558.523
---------------------------------------------------------------------------------

Report Check Netlist: 
+------+------------------+-------+---------+-------+------------------+
|      |Item              |Errors |Warnings |Status |Description       |
+------+------------------+-------+---------+-------+------------------+
|1     |multi_driven_nets |      0|        0|Passed |Multi driven nets |
+------+------------------+-------+---------+-------+------------------+
---------------------------------------------------------------------------------
Start Renaming Generated Instances
---------------------------------------------------------------------------------
---------------------------------------------------------------------------------
Finished Renaming Generated Instances : Time (s): cpu = 00:04:37 ; elapsed = 00:05:37 . Memory (MB): peak = 812.570 ; gain = 558.523
---------------------------------------------------------------------------------

Report RTL Partitions: 
+-+--------------+------------+----------+
| |RTL Partition |Replication |Instances |
+-+--------------+------------+----------+
+-+--------------+------------+----------+
---------------------------------------------------------------------------------
Start Rebuilding User Hierarchy
---------------------------------------------------------------------------------
---------------------------------------------------------------------------------
Finished Rebuilding User Hierarchy : Time (s): cpu = 00:04:37 ; elapsed = 00:05:38 . Memory (MB): peak = 812.570 ; gain = 558.523
---------------------------------------------------------------------------------
---------------------------------------------------------------------------------
Start Renaming Generated Ports
---------------------------------------------------------------------------------
---------------------------------------------------------------------------------
Finished Renaming Generated Ports : Time (s): cpu = 00:04:38 ; elapsed = 00:05:38 . Memory (MB): peak = 812.570 ; gain = 558.523
---------------------------------------------------------------------------------
---------------------------------------------------------------------------------
Start Handling Custom Attributes
---------------------------------------------------------------------------------
---------------------------------------------------------------------------------
Finished Handling Custom Attributes : Time (s): cpu = 00:04:38 ; elapsed = 00:05:38 . Memory (MB): peak = 812.570 ; gain = 558.523
---------------------------------------------------------------------------------
---------------------------------------------------------------------------------
Start Renaming Generated Nets
---------------------------------------------------------------------------------
---------------------------------------------------------------------------------
Finished Renaming Generated Nets : Time (s): cpu = 00:04:38 ; elapsed = 00:05:38 . Memory (MB): peak = 812.570 ; gain = 558.523
---------------------------------------------------------------------------------
---------------------------------------------------------------------------------
Start Writing Synthesis Report
---------------------------------------------------------------------------------

Report BlackBoxes: 
+-+--------------+----------+
| |BlackBox name |Instances |
+-+--------------+----------+
+-+--------------+----------+

Report Cell Usage: 
+------+----------+------+
|      |Cell      |Count |
+------+----------+------+
|1     |DSP48E1   |     1|
|2     |DSP48E1_1 |     1|
|3     |LUT1      |     4|
|4     |LUT2      |    44|
|5     |LUT3      |    95|
|6     |LUT4      |    16|
|7     |LUT5      |    14|
|8     |LUT6      |    21|
|9     |MUXCY     |    50|
|10    |SRL16E    |    16|
|11    |XORCY     |    43|
|12    |FDE       |     5|
|13    |FDRE      |   303|
+------+----------+------+
---------------------------------------------------------------------------------
Finished Writing Synthesis Report : Time (s): cpu = 00:04:38 ; elapsed = 00:05:38 . Memory (MB): peak = 812.570 ; gain = 558.523
---------------------------------------------------------------------------------
Synthesis finished with 0 errors, 0 critical warnings and 53 warnings.
Synthesis Optimization Runtime : Time (s): cpu = 00:02:19 ; elapsed = 00:04:35 . Memory (MB): peak = 812.570 ; gain = 346.180
Synthesis Optimization Complete : Time (s): cpu = 00:04:38 ; elapsed = 00:05:39 . Memory (MB): peak = 812.570 ; gain = 558.523
INFO: [Project 1-571] Translating synthesized netlist
INFO: [Netlist 29-17] Analyzing 100 Unisim elements for replacement
INFO: [Netlist 29-28] Unisim Transformation completed in 0 CPU seconds
INFO: [Project 1-570] Preparing netlist for logic optimization
INFO: [Opt 31-138] Pushed 0 inverter(s) to 0 load pin(s).
INFO: [Project 1-111] Unisim Transformation Summary:
  A total of 20 instances were transformed.
  (MUXCY,XORCY) => CARRY4: 15 instances
  FDE => FDRE: 5 instances

INFO: [Common 17-83] Releasing license: Synthesis
65 Infos, 100 Warnings, 0 Critical Warnings and 0 Errors encountered.
synth_design completed successfully
synth_design: Time (s): cpu = 00:04:46 ; elapsed = 00:05:49 . Memory (MB): peak = 812.570 ; gain = 570.180
INFO: [Common 17-1381] The checkpoint 'E:/bildiri ve makaleler/kitap/fpga/uygulamalar/prj_bolum11_uyg4/prj_bolum11_uyg4.runs/floating_multiply_synth_1/floating_multiply.dcp' has been generated.
INFO: [Coretcl 2-1482] Added synthesis output to IP cache for IP e:/bildiri ve makaleler/kitap/fpga/uygulamalar/prj_bolum11_uyg4/prj_bolum11_uyg4.srcs/sources_1/ip/floating_multiply/floating_multiply.xci
INFO: [Coretcl 2-1174] Renamed 74 cell refs.
INFO: [Common 17-1381] The checkpoint 'E:/bildiri ve makaleler/kitap/fpga/uygulamalar/prj_bolum11_uyg4/prj_bolum11_uyg4.runs/floating_multiply_synth_1/floating_multiply.dcp' has been generated.
INFO: [runtcl-4] Executing : report_utilization -file floating_multiply_utilization_synth.rpt -pb floating_multiply_utilization_synth.pb
report_utilization: Time (s): cpu = 00:00:00 ; elapsed = 00:00:00.338 . Memory (MB): peak = 812.570 ; gain = 0.000
INFO: [Common 17-206] Exiting Vivado at Sat Aug 17 13:03:08 2019...
[Sat Aug 17 13:03:14 2019] floating_multiply_synth_1 finished
wait_on_run: Time (s): cpu = 00:00:29 ; elapsed = 00:07:14 . Memory (MB): peak = 1359.188 ; gain = 0.000
launch_simulation
INFO: [Vivado 12-5698] Checking validity of IPs in the design for the 'XSim' simulator...
INFO: [Vivado 12-5682] Launching behavioral simulation in 'E:/bildiri ve makaleler/kitap/fpga/uygulamalar/prj_bolum11_uyg4/prj_bolum11_uyg4.sim/sim_1/behav/xsim'
INFO: [Vivado 12-4795] Using compiled simulation libraries for IPs
INFO: [SIM-utils-51] Simulation object is 'sim_1'
INFO: [USF-XSim-7] Finding pre-compiled libraries...
INFO: [USF-XSim-11] File 'C:/Xilinx/Vivado/2017.4/data/xsim/ip/xsim_ip.ini' copied to run dir:'E:/bildiri ve makaleler/kitap/fpga/uygulamalar/prj_bolum11_uyg4/prj_bolum11_uyg4.sim/sim_1/behav/xsim'
INFO: [SIM-utils-54] Inspecting design source files for 'uyg114' in fileset 'sim_1'...
INFO: [USF-XSim-97] Finding global include files...
INFO: [USF-XSim-98] Fetching design files from 'sim_1'...
INFO: [USF-XSim-2] XSim::Compile design
INFO: [USF-XSim-61] Executing 'COMPILE and ANALYZE' step in 'E:/bildiri ve makaleler/kitap/fpga/uygulamalar/prj_bolum11_uyg4/prj_bolum11_uyg4.sim/sim_1/behav/xsim'
"xvlog --incr --relax -prj uyg114_vlog.prj"
INFO: [VRFC 10-2263] Analyzing Verilog file "E:/bildiri ve makaleler/kitap/fpga/uygulamalar/prj_bolum11_uyg4/prj_bolum11_uyg4.srcs/sources_1/ip/floating_multiply/floating_multiply_sim_netlist.v" into library xil_defaultlib
INFO: [VRFC 10-311] analyzing module floating_multiply
INFO: [VRFC 10-311] analyzing module floating_multiply_floating_point_v7_1_5
INFO: [VRFC 10-311] analyzing module floating_multiply_axi_slave_2to1
INFO: [VRFC 10-311] analyzing module floating_multiply_carry_chain
INFO: [VRFC 10-311] analyzing module floating_multiply_carry_chain__parameterized0
INFO: [VRFC 10-311] analyzing module floating_multiply_carry_chain__parameterized0_15
INFO: [VRFC 10-311] analyzing module floating_multiply_carry_chain__parameterized1
INFO: [VRFC 10-311] analyzing module floating_multiply_carry_chain__parameterized2
INFO: [VRFC 10-311] analyzing module floating_multiply_carry_chain__parameterized3
INFO: [VRFC 10-311] analyzing module floating_multiply_carry_chain__parameterized4
INFO: [VRFC 10-311] analyzing module floating_multiply_compare_eq_im
INFO: [VRFC 10-311] analyzing module floating_multiply_compare_eq_im_14
INFO: [VRFC 10-311] analyzing module floating_multiply_delay
INFO: [VRFC 10-311] analyzing module floating_multiply_delay__parameterized0
INFO: [VRFC 10-311] analyzing module floating_multiply_delay__parameterized0_2
INFO: [VRFC 10-311] analyzing module floating_multiply_delay__parameterized10
INFO: [VRFC 10-311] analyzing module floating_multiply_delay__parameterized11
INFO: [VRFC 10-311] analyzing module floating_multiply_delay__parameterized12
INFO: [VRFC 10-311] analyzing module floating_multiply_delay__parameterized14
INFO: [VRFC 10-311] analyzing module floating_multiply_delay__parameterized16
INFO: [VRFC 10-311] analyzing module floating_multiply_delay__parameterized17
INFO: [VRFC 10-311] analyzing module floating_multiply_delay__parameterized18
INFO: [VRFC 10-311] analyzing module floating_multiply_delay__parameterized19
INFO: [VRFC 10-311] analyzing module floating_multiply_delay__parameterized19_5
INFO: [VRFC 10-311] analyzing module floating_multiply_delay__parameterized24
INFO: [VRFC 10-311] analyzing module floating_multiply_delay__parameterized25
INFO: [VRFC 10-311] analyzing module floating_multiply_delay__parameterized25_0
INFO: [VRFC 10-311] analyzing module floating_multiply_delay__parameterized29
INFO: [VRFC 10-311] analyzing module floating_multiply_delay__parameterized30
INFO: [VRFC 10-311] analyzing module floating_multiply_delay__parameterized4
INFO: [VRFC 10-311] analyzing module floating_multiply_delay__parameterized6
INFO: [VRFC 10-311] analyzing module floating_multiply_delay__parameterized6_12
INFO: [VRFC 10-311] analyzing module floating_multiply_delay__parameterized6_13
INFO: [VRFC 10-311] analyzing module floating_multiply_delay__parameterized6_8
INFO: [VRFC 10-311] analyzing module floating_multiply_delay__parameterized6_9
INFO: [VRFC 10-311] analyzing module floating_multiply_delay__parameterized7
INFO: [VRFC 10-311] analyzing module floating_multiply_delay_line__parameterized5
INFO: [VRFC 10-311] analyzing module floating_multiply_dsp
INFO: [VRFC 10-311] analyzing module floating_multiply_fix_mult
INFO: [VRFC 10-311] analyzing module floating_multiply_fix_mult_xx
INFO: [VRFC 10-311] analyzing module floating_multiply_floating_point_v7_1_5_viv
INFO: [VRFC 10-311] analyzing module floating_multiply_flt_dec_op_lat
INFO: [VRFC 10-311] analyzing module floating_multiply_flt_mult
INFO: [VRFC 10-311] analyzing module floating_multiply_flt_mult_exp
INFO: [VRFC 10-311] analyzing module floating_multiply_flt_mult_round
INFO: [VRFC 10-311] analyzing module floating_multiply_flt_round_bit
INFO: [VRFC 10-311] analyzing module floating_multiply_mult_gen_v12_0_13_viv
INFO: [VRFC 10-311] analyzing module floating_multiply_renorm_and_round_logic
INFO: [VRFC 10-311] analyzing module floating_multiply_special_detect
INFO: [VRFC 10-311] analyzing module floating_multiply_special_detect_4
INFO: [VRFC 10-311] analyzing module floating_multiply_xbip_pipe_v3_0_4_viv
INFO: [VRFC 10-311] analyzing module floating_multiply_xbip_pipe_v3_0_4_viv__parameterized1
INFO: [VRFC 10-311] analyzing module floating_multiply_xbip_pipe_v3_0_4_viv__parameterized11
INFO: [VRFC 10-311] analyzing module floating_multiply_xbip_pipe_v3_0_4_viv__parameterized15
INFO: [VRFC 10-311] analyzing module floating_multiply_xbip_pipe_v3_0_4_viv__parameterized15_10
INFO: [VRFC 10-311] analyzing module floating_multiply_xbip_pipe_v3_0_4_viv__parameterized15_11
INFO: [VRFC 10-311] analyzing module floating_multiply_xbip_pipe_v3_0_4_viv__parameterized15_16
INFO: [VRFC 10-311] analyzing module floating_multiply_xbip_pipe_v3_0_4_viv__parameterized15_17
INFO: [VRFC 10-311] analyzing module floating_multiply_xbip_pipe_v3_0_4_viv__parameterized17
INFO: [VRFC 10-311] analyzing module floating_multiply_xbip_pipe_v3_0_4_viv__parameterized17_7
INFO: [VRFC 10-311] analyzing module floating_multiply_xbip_pipe_v3_0_4_viv__parameterized21
INFO: [VRFC 10-311] analyzing module floating_multiply_xbip_pipe_v3_0_4_viv__parameterized23
INFO: [VRFC 10-311] analyzing module floating_multiply_xbip_pipe_v3_0_4_viv__parameterized25
INFO: [VRFC 10-311] analyzing module floating_multiply_xbip_pipe_v3_0_4_viv__parameterized27
INFO: [VRFC 10-311] analyzing module floating_multiply_xbip_pipe_v3_0_4_viv__parameterized3
INFO: [VRFC 10-311] analyzing module floating_multiply_xbip_pipe_v3_0_4_viv__parameterized31
INFO: [VRFC 10-311] analyzing module floating_multiply_xbip_pipe_v3_0_4_viv__parameterized33
INFO: [VRFC 10-311] analyzing module floating_multiply_xbip_pipe_v3_0_4_viv__parameterized35
INFO: [VRFC 10-311] analyzing module floating_multiply_xbip_pipe_v3_0_4_viv__parameterized37
INFO: [VRFC 10-311] analyzing module floating_multiply_xbip_pipe_v3_0_4_viv__parameterized37_6
INFO: [VRFC 10-311] analyzing module floating_multiply_xbip_pipe_v3_0_4_viv__parameterized3_3
INFO: [VRFC 10-311] analyzing module floating_multiply_xbip_pipe_v3_0_4_viv__parameterized47
INFO: [VRFC 10-311] analyzing module floating_multiply_xbip_pipe_v3_0_4_viv__parameterized47_1
INFO: [VRFC 10-311] analyzing module floating_multiply_xbip_pipe_v3_0_4_viv__parameterized53
INFO: [VRFC 10-311] analyzing module floating_multiply_xbip_pipe_v3_0_4_viv__parameterized55
INFO: [VRFC 10-311] analyzing module glbl
"xvhdl --incr --relax -prj uyg114_vhdl.prj"
INFO: [VRFC 10-163] Analyzing VHDL file "E:/bildiri ve makaleler/kitap/fpga/uygulamalar/prj_bolum11_uyg4/prj_bolum11_uyg4.srcs/sources_1/new/uyg114.vhd" into library xil_defaultlib
INFO: [VRFC 10-307] analyzing entity uyg114
run_program: Time (s): cpu = 00:00:03 ; elapsed = 00:00:26 . Memory (MB): peak = 1359.188 ; gain = 0.000
INFO: [USF-XSim-69] 'compile' step finished in '25' seconds
INFO: [USF-XSim-3] XSim::Elaborate design
INFO: [USF-XSim-61] Executing 'ELABORATE' step in 'E:/bildiri ve makaleler/kitap/fpga/uygulamalar/prj_bolum11_uyg4/prj_bolum11_uyg4.sim/sim_1/behav/xsim'
Vivado Simulator 2017.4
Copyright 1986-1999, 2001-2016 Xilinx, Inc. All Rights Reserved.
Running: C:/Xilinx/Vivado/2017.4/bin/unwrapped/win64.o/xelab.exe -wto b1bb3d5fb5f94c2facb5ea9b71634abe --incr --debug typical --relax --mt 2 -L xil_defaultlib -L unisims_ver -L unimacro_ver -L secureip -L xpm --snapshot uyg114_behav xil_defaultlib.uyg114 xil_defaultlib.glbl -log elaborate.log 
Using 2 slave threads.
Starting static elaboration
Completed static elaboration
Starting simulation data flow analysis
Completed simulation data flow analysis
Time Resolution for simulation is 1ps
Compiling package std.standard
Compiling package std.textio
Compiling package ieee.std_logic_1164
Compiling package vl.vl_types
Compiling module xil_defaultlib.glbl
Compiling module unisims_ver.GND
Compiling module unisims_ver.VCC
Compiling module unisims_ver.FDRE_default
Compiling module xil_defaultlib.floating_divide_xbip_pipe_v3_0_4...
Compiling module xil_defaultlib.floating_divide_delay__parameter...
Compiling module unisims_ver.LUT4
Compiling module xil_defaultlib.floating_divide_xbip_pipe_v3_0_4...
Compiling module xil_defaultlib.floating_divide_delay__parameter...
Compiling module unisims_ver.x_lut2_mux4
Compiling module unisims_ver.LUT2
Compiling module unisims_ver.LUT6
Compiling module xil_defaultlib.floating_divide_xbip_pipe_v3_0_4...
Compiling module xil_defaultlib.floating_divide_delay__parameter...
Compiling module xil_defaultlib.floating_divide_special_detect
Compiling module xil_defaultlib.floating_divide_xbip_pipe_v3_0_4...
Compiling module xil_defaultlib.floating_divide_delay__parameter...
Compiling module xil_defaultlib.floating_divide_xbip_pipe_v3_0_4...
Compiling module xil_defaultlib.floating_divide_delay__parameter...
Compiling module xil_defaultlib.floating_divide_xbip_pipe_v3_0_4...
Compiling module xil_defaultlib.floating_divide_delay__parameter...
Compiling module xil_defaultlib.floating_divide_special_detect_1...
Compiling module xil_defaultlib.floating_divide_xbip_pipe_v3_0_4...
Compiling module xil_defaultlib.floating_divide_delay__parameter...
Compiling module unisims_ver.SRLC32E_default
Compiling module xil_defaultlib.floating_divide_xbip_pipe_v3_0_4...
Compiling module xil_defaultlib.floating_divide_delay__parameter...
Compiling module unisims_ver.LUT5
Compiling module xil_defaultlib.floating_divide_xbip_pipe_v3_0_4...
Compiling module xil_defaultlib.floating_divide_delay__parameter...
Compiling module xil_defaultlib.floating_divide_xbip_pipe_v3_0_4...
Compiling module xil_defaultlib.floating_divide_delay__parameter...
Compiling module xil_defaultlib.floating_divide_xbip_pipe_v3_0_4...
Compiling module xil_defaultlib.floating_divide_delay__parameter...
Compiling module xil_defaultlib.floating_divide_xbip_pipe_v3_0_4...
Compiling module xil_defaultlib.floating_divide_delay__parameter...
Compiling module xil_defaultlib.floating_divide_xbip_pipe_v3_0_4...
Compiling module xil_defaultlib.floating_divide_delay__parameter...
Compiling module xil_defaultlib.floating_divide_xbip_pipe_v3_0_4...
Compiling module xil_defaultlib.floating_divide_delay__parameter...
Compiling module xil_defaultlib.floating_divide_xbip_pipe_v3_0_4...
Compiling module xil_defaultlib.floating_divide_delay__parameter...
Compiling module xil_defaultlib.floating_divide_xbip_pipe_v3_0_4...
Compiling module xil_defaultlib.floating_divide_delay__parameter...
Compiling module unisims_ver.x_lut3_mux8
Compiling module unisims_ver.LUT3
Compiling module xil_defaultlib.floating_divide_xbip_pipe_v3_0_4...
Compiling module xil_defaultlib.floating_divide_delay__parameter...
Compiling module xil_defaultlib.floating_divide_xbip_pipe_v3_0_4...
Compiling module xil_defaultlib.floating_divide_delay__parameter...
Compiling module xil_defaultlib.floating_divide_xbip_pipe_v3_0_4...
Compiling module xil_defaultlib.floating_divide_delay__parameter...
Compiling module unisims_ver.x_lut1_mux2
Compiling module unisims_ver.LUT1
Compiling module xil_defaultlib.floating_divide_xbip_pipe_v3_0_4...
Compiling module xil_defaultlib.floating_divide_delay__parameter...
Compiling module unisims_ver.CARRY4
Compiling module xil_defaultlib.floating_divide_flt_div_exp
Compiling module xil_defaultlib.floating_divide_xbip_pipe_v3_0_4...
Compiling module xil_defaultlib.floating_divide_delay__parameter...
Compiling module xil_defaultlib.floating_divide_carry_chain_155
Compiling module xil_defaultlib.floating_divide_flt_div_mant_add...
Compiling module xil_defaultlib.floating_divide_xbip_pipe_v3_0_4...
Compiling module xil_defaultlib.floating_divide_delay
Compiling module xil_defaultlib.floating_divide_xbip_pipe_v3_0_4...
Compiling module xil_defaultlib.floating_divide_delay__parameter...
Compiling module xil_defaultlib.floating_divide_carry_chain_151
Compiling module xil_defaultlib.floating_divide_flt_div_mant_add...
Compiling module xil_defaultlib.floating_divide_xbip_pipe_v3_0_4...
Compiling module xil_defaultlib.floating_divide_delay_5
Compiling module xil_defaultlib.floating_divide_xbip_pipe_v3_0_4...
Compiling module xil_defaultlib.floating_divide_delay__parameter...
Compiling module xil_defaultlib.floating_divide_carry_chain_147
Compiling module xil_defaultlib.floating_divide_flt_div_mant_add...
Compiling module xil_defaultlib.floating_divide_xbip_pipe_v3_0_4...
Compiling module xil_defaultlib.floating_divide_delay_7
Compiling module xil_defaultlib.floating_divide_xbip_pipe_v3_0_4...
Compiling module xil_defaultlib.floating_divide_delay__parameter...
Compiling module xil_defaultlib.floating_divide_carry_chain_143
Compiling module xil_defaultlib.floating_divide_flt_div_mant_add...
Compiling module xil_defaultlib.floating_divide_xbip_pipe_v3_0_4...
Compiling module xil_defaultlib.floating_divide_delay_9
Compiling module xil_defaultlib.floating_divide_xbip_pipe_v3_0_4...
Compiling module xil_defaultlib.floating_divide_delay__parameter...
Compiling module xil_defaultlib.floating_divide_carry_chain_139
Compiling module xil_defaultlib.floating_divide_flt_div_mant_add...
Compiling module xil_defaultlib.floating_divide_xbip_pipe_v3_0_4...
Compiling module xil_defaultlib.floating_divide_delay_11
Compiling module xil_defaultlib.floating_divide_xbip_pipe_v3_0_4...
Compiling module xil_defaultlib.floating_divide_delay__parameter...
Compiling module xil_defaultlib.floating_divide_carry_chain_135
Compiling module xil_defaultlib.floating_divide_flt_div_mant_add...
Compiling module xil_defaultlib.floating_divide_xbip_pipe_v3_0_4...
Compiling module xil_defaultlib.floating_divide_delay_13
Compiling module xil_defaultlib.floating_divide_xbip_pipe_v3_0_4...
Compiling module xil_defaultlib.floating_divide_delay__parameter...
Compiling module xil_defaultlib.floating_divide_carry_chain_131
Compiling module xil_defaultlib.floating_divide_flt_div_mant_add...
Compiling module xil_defaultlib.floating_divide_xbip_pipe_v3_0_4...
Compiling module xil_defaultlib.floating_divide_delay_15
Compiling module xil_defaultlib.floating_divide_xbip_pipe_v3_0_4...
Compiling module xil_defaultlib.floating_divide_delay__parameter...
Compiling module xil_defaultlib.floating_divide_carry_chain_127
Compiling module xil_defaultlib.floating_divide_flt_div_mant_add...
Compiling module xil_defaultlib.floating_divide_xbip_pipe_v3_0_4...
Compiling module xil_defaultlib.floating_divide_delay_17
Compiling module xil_defaultlib.floating_divide_xbip_pipe_v3_0_4...
Compiling module xil_defaultlib.floating_divide_delay__parameter...
Compiling module xil_defaultlib.floating_divide_carry_chain_123
Compiling module xil_defaultlib.floating_divide_flt_div_mant_add...
Compiling module xil_defaultlib.floating_divide_xbip_pipe_v3_0_4...
Compiling module xil_defaultlib.floating_divide_delay_19
Compiling module xil_defaultlib.floating_divide_xbip_pipe_v3_0_4...
Compiling module xil_defaultlib.floating_divide_delay__parameter...
Compiling module xil_defaultlib.floating_divide_carry_chain_119
Compiling module xil_defaultlib.floating_divide_flt_div_mant_add...
Compiling module xil_defaultlib.floating_divide_xbip_pipe_v3_0_4...
Compiling module xil_defaultlib.floating_divide_delay_21
Compiling module xil_defaultlib.floating_divide_xbip_pipe_v3_0_4...
Compiling module xil_defaultlib.floating_divide_delay__parameter...
Compiling module xil_defaultlib.floating_divide_carry_chain_115
Compiling module xil_defaultlib.floating_divide_flt_div_mant_add...
Compiling module xil_defaultlib.floating_divide_xbip_pipe_v3_0_4...
Compiling module xil_defaultlib.floating_divide_delay_23
Compiling module xil_defaultlib.floating_divide_xbip_pipe_v3_0_4...
Compiling module xil_defaultlib.floating_divide_delay__parameter...
Compiling module xil_defaultlib.floating_divide_carry_chain_111
Compiling module xil_defaultlib.floating_divide_flt_div_mant_add...
Compiling module xil_defaultlib.floating_divide_xbip_pipe_v3_0_4...
Compiling module xil_defaultlib.floating_divide_delay_25
Compiling module xil_defaultlib.floating_divide_xbip_pipe_v3_0_4...
Compiling module xil_defaultlib.floating_divide_delay__parameter...
Compiling module xil_defaultlib.floating_divide_xbip_pipe_v3_0_4...
Compiling module xil_defaultlib.floating_divide_delay__parameter...
Compiling module xil_defaultlib.floating_divide_carry_chain_106
Compiling module xil_defaultlib.floating_divide_flt_div_mant_add...
Compiling module xil_defaultlib.floating_divide_xbip_pipe_v3_0_4...
Compiling module xil_defaultlib.floating_divide_delay_27
Compiling module xil_defaultlib.floating_divide_xbip_pipe_v3_0_4...
Compiling module xil_defaultlib.floating_divide_delay__parameter...
Compiling module xil_defaultlib.floating_divide_carry_chain_102
Compiling module xil_defaultlib.floating_divide_flt_div_mant_add...
Compiling module xil_defaultlib.floating_divide_xbip_pipe_v3_0_4...
Compiling module xil_defaultlib.floating_divide_delay_29
Compiling module xil_defaultlib.floating_divide_xbip_pipe_v3_0_4...
Compiling module xil_defaultlib.floating_divide_delay__parameter...
Compiling module xil_defaultlib.floating_divide_carry_chain_98
Compiling module xil_defaultlib.floating_divide_flt_div_mant_add...
Compiling module xil_defaultlib.floating_divide_xbip_pipe_v3_0_4...
Compiling module xil_defaultlib.floating_divide_delay_31
Compiling module xil_defaultlib.floating_divide_xbip_pipe_v3_0_4...
Compiling module xil_defaultlib.floating_divide_delay__parameter...
Compiling module xil_defaultlib.floating_divide_carry_chain_94
Compiling module xil_defaultlib.floating_divide_flt_div_mant_add...
Compiling module xil_defaultlib.floating_divide_xbip_pipe_v3_0_4...
Compiling module xil_defaultlib.floating_divide_delay_33
Compiling module xil_defaultlib.floating_divide_xbip_pipe_v3_0_4...
Compiling module xil_defaultlib.floating_divide_delay__parameter...
Compiling module xil_defaultlib.floating_divide_carry_chain_90
Compiling module xil_defaultlib.floating_divide_flt_div_mant_add...
Compiling module xil_defaultlib.floating_divide_xbip_pipe_v3_0_4...
Compiling module xil_defaultlib.floating_divide_delay_35
Compiling module unisims_ver.SRL16E_default
Compiling module xil_defaultlib.floating_divide_xbip_pipe_v3_0_4...
Compiling module xil_defaultlib.floating_divide_delay__parameter...
Compiling module xil_defaultlib.floating_divide_xbip_pipe_v3_0_4...
Compiling module xil_defaultlib.floating_divide_delay__parameter...
Compiling module xil_defaultlib.floating_divide_carry_chain_85
Compiling module xil_defaultlib.floating_divide_flt_div_mant_add...
Compiling module xil_defaultlib.floating_divide_xbip_pipe_v3_0_4...
Compiling module xil_defaultlib.floating_divide_delay__parameter...
Compiling module xil_defaultlib.floating_divide_xbip_pipe_v3_0_4...
Compiling module xil_defaultlib.floating_divide_delay__parameter...
Compiling module xil_defaultlib.floating_divide_carry_chain_81
Compiling module xil_defaultlib.floating_divide_flt_div_mant_add...
Compiling module xil_defaultlib.floating_divide_xbip_pipe_v3_0_4...
Compiling module xil_defaultlib.floating_divide_delay_40
Compiling module xil_defaultlib.floating_divide_xbip_pipe_v3_0_4...
Compiling module xil_defaultlib.floating_divide_delay__parameter...
Compiling module xil_defaultlib.floating_divide_xbip_pipe_v3_0_4...
Compiling module xil_defaultlib.floating_divide_delay__parameter...
Compiling module xil_defaultlib.floating_divide_carry_chain_77
Compiling module xil_defaultlib.floating_divide_flt_div_mant_add...
Compiling module xil_defaultlib.floating_divide_xbip_pipe_v3_0_4...
Compiling module xil_defaultlib.floating_divide_delay_43
Compiling module xil_defaultlib.floating_divide_xbip_pipe_v3_0_4...
Compiling module xil_defaultlib.floating_divide_delay__parameter...
Compiling module xil_defaultlib.floating_divide_carry_chain_73
Compiling module xil_defaultlib.floating_divide_flt_div_mant_add...
Compiling module xil_defaultlib.floating_divide_xbip_pipe_v3_0_4...
Compiling module xil_defaultlib.floating_divide_delay_45
Compiling module xil_defaultlib.floating_divide_xbip_pipe_v3_0_4...
Compiling module xil_defaultlib.floating_divide_delay__parameter...
Compiling module xil_defaultlib.floating_divide_carry_chain_69
Compiling module xil_defaultlib.floating_divide_flt_div_mant_add...
Compiling module xil_defaultlib.floating_divide_xbip_pipe_v3_0_4...
Compiling module xil_defaultlib.floating_divide_delay_47
Compiling module xil_defaultlib.floating_divide_xbip_pipe_v3_0_4...
Compiling module xil_defaultlib.floating_divide_delay__parameter...
Compiling module xil_defaultlib.floating_divide_carry_chain_65
Compiling module xil_defaultlib.floating_divide_flt_div_mant_add...
Compiling module xil_defaultlib.floating_divide_xbip_pipe_v3_0_4...
Compiling module xil_defaultlib.floating_divide_delay_49
Compiling module xil_defaultlib.floating_divide_xbip_pipe_v3_0_4...
Compiling module xil_defaultlib.floating_divide_delay__parameter...
Compiling module xil_defaultlib.floating_divide_carry_chain_61
Compiling module xil_defaultlib.floating_divide_flt_div_mant_add...
Compiling module xil_defaultlib.floating_divide_xbip_pipe_v3_0_4...
Compiling module xil_defaultlib.floating_divide_delay_51
Compiling module xil_defaultlib.floating_divide_xbip_pipe_v3_0_4...
Compiling module xil_defaultlib.floating_divide_delay__parameter...
Compiling module xil_defaultlib.floating_divide_carry_chain_57
Compiling module xil_defaultlib.floating_divide_flt_div_mant_add...
Compiling module xil_defaultlib.floating_divide_xbip_pipe_v3_0_4...
Compiling module xil_defaultlib.floating_divide_delay_53
Compiling module xil_defaultlib.floating_divide_xbip_pipe_v3_0_4...
Compiling module xil_defaultlib.floating_divide_delay__parameter...
Compiling module xil_defaultlib.floating_divide_carry_chain
Compiling module xil_defaultlib.floating_divide_flt_div_mant_add...
Compiling module xil_defaultlib.floating_divide_xbip_pipe_v3_0_4...
Compiling module xil_defaultlib.floating_divide_delay_55
Compiling module xil_defaultlib.floating_divide_flt_div_mant
Compiling module xil_defaultlib.floating_divide_flt_dec_op_lat
Compiling module xil_defaultlib.floating_divide_carry_chain__par...
Compiling module xil_defaultlib.floating_divide_xbip_pipe_v3_0_4...
Compiling module xil_defaultlib.floating_divide_delay__parameter...
Compiling module xil_defaultlib.floating_divide_xbip_pipe_v3_0_4...
Compiling module xil_defaultlib.floating_divide_delay__parameter...
Compiling module xil_defaultlib.floating_divide_xbip_pipe_v3_0_4...
Compiling module xil_defaultlib.floating_divide_delay__parameter...
Compiling module xil_defaultlib.floating_divide_carry_chain__par...
Compiling module xil_defaultlib.floating_divide_xbip_pipe_v3_0_4...
Compiling module xil_defaultlib.floating_divide_delay__parameter...
Compiling module xil_defaultlib.floating_divide_carry_chain__par...
Compiling module xil_defaultlib.floating_divide_carry_chain__par...
Compiling module xil_defaultlib.floating_divide_flt_round_bit
Compiling module xil_defaultlib.floating_divide_renorm_and_round...
Compiling module xil_defaultlib.floating_divide_flt_div
Compiling module xil_defaultlib.floating_divide_xbip_pipe_v3_0_4...
Compiling module unisims_ver.FDRE(INIT=1'b1)
Compiling module xil_defaultlib.floating_divide_axi_slave_2to1
Compiling module xil_defaultlib.floating_divide_floating_point_v...
Compiling module xil_defaultlib.floating_divide_floating_point_v...
Compiling module xil_defaultlib.floating_divide
Compiling module unisims_ver.FDRE_default_1
Compiling module xil_defaultlib.floating_multiply_xbip_pipe_v3_0...
Compiling module xil_defaultlib.floating_multiply_delay__paramet...
Compiling module xil_defaultlib.floating_multiply_xbip_pipe_v3_0...
Compiling module xil_defaultlib.floating_multiply_delay__paramet...
Compiling module xil_defaultlib.floating_multiply_carry_chain__p...
Compiling module xil_defaultlib.floating_multiply_compare_eq_im_...
Compiling module xil_defaultlib.floating_multiply_special_detect
Compiling module xil_defaultlib.floating_multiply_xbip_pipe_v3_0...
Compiling module xil_defaultlib.floating_multiply_delay__paramet...
Compiling module xil_defaultlib.floating_multiply_xbip_pipe_v3_0...
Compiling module xil_defaultlib.floating_multiply_delay__paramet...
Compiling module xil_defaultlib.floating_multiply_carry_chain__p...
Compiling module xil_defaultlib.floating_multiply_compare_eq_im
Compiling module xil_defaultlib.floating_multiply_special_detect...
Compiling module xil_defaultlib.floating_multiply_xbip_pipe_v3_0...
Compiling module xil_defaultlib.floating_multiply_delay__paramet...
Compiling module xil_defaultlib.floating_multiply_carry_chain
Compiling module xil_defaultlib.floating_multiply_xbip_pipe_v3_0...
Compiling module xil_defaultlib.floating_multiply_delay__paramet...
Compiling module xil_defaultlib.floating_multiply_xbip_pipe_v3_0...
Compiling module xil_defaultlib.floating_multiply_delay__paramet...
Compiling module xil_defaultlib.floating_multiply_xbip_pipe_v3_0...
Compiling module xil_defaultlib.floating_multiply_delay__paramet...
Compiling module unisims_ver.SRL16E_default_1
Compiling module xil_defaultlib.floating_multiply_xbip_pipe_v3_0...
Compiling module xil_defaultlib.floating_multiply_delay__paramet...
Compiling module xil_defaultlib.floating_multiply_xbip_pipe_v3_0...
Compiling module xil_defaultlib.floating_multiply_delay__paramet...
Compiling module xil_defaultlib.floating_multiply_xbip_pipe_v3_0...
Compiling module xil_defaultlib.floating_multiply_delay__paramet...
Compiling module xil_defaultlib.floating_multiply_xbip_pipe_v3_0...
Compiling module xil_defaultlib.floating_multiply_delay__paramet...
Compiling module xil_defaultlib.floating_multiply_xbip_pipe_v3_0...
Compiling module xil_defaultlib.floating_multiply_delay__paramet...
Compiling module xil_defaultlib.floating_multiply_xbip_pipe_v3_0...
Compiling module xil_defaultlib.floating_multiply_delay__paramet...
Compiling module xil_defaultlib.floating_multiply_xbip_pipe_v3_0...
Compiling module xil_defaultlib.floating_multiply_delay__paramet...
Compiling module xil_defaultlib.floating_multiply_flt_mult_exp
Compiling module unisims_ver.DSP48E1(ALUMODEREG=0,CARRYINREG=...
Compiling module unisims_ver.DSP48E1(A_INPUT="CASCADE",BCASCR...
Compiling module xil_defaultlib.floating_multiply_delay_line__pa...
Compiling module xil_defaultlib.floating_multiply_dsp
Compiling module xil_defaultlib.floating_multiply_mult_gen_v12_0...
Compiling module xil_defaultlib.floating_multiply_xbip_pipe_v3_0...
Compiling module xil_defaultlib.floating_multiply_delay
Compiling module xil_defaultlib.floating_multiply_xbip_pipe_v3_0...
Compiling module xil_defaultlib.floating_multiply_delay__paramet...
Compiling module xil_defaultlib.floating_multiply_fix_mult_xx
Compiling module xil_defaultlib.floating_multiply_fix_mult
Compiling module xil_defaultlib.floating_multiply_flt_dec_op_lat
Compiling module xil_defaultlib.floating_multiply_carry_chain__p...
Compiling module xil_defaultlib.floating_multiply_xbip_pipe_v3_0...
Compiling module xil_defaultlib.floating_multiply_delay__paramet...
Compiling module xil_defaultlib.floating_multiply_xbip_pipe_v3_0...
Compiling module xil_defaultlib.floating_multiply_delay__paramet...
Compiling module xil_defaultlib.floating_multiply_xbip_pipe_v3_0...
Compiling module xil_defaultlib.floating_multiply_delay__paramet...
Compiling module xil_defaultlib.floating_multiply_xbip_pipe_v3_0...
Compiling module xil_defaultlib.floating_multiply_delay__paramet...
Compiling module xil_defaultlib.floating_multiply_carry_chain__p...
Compiling module xil_defaultlib.floating_multiply_xbip_pipe_v3_0...
Compiling module xil_defaultlib.floating_multiply_delay__paramet...
Compiling module xil_defaultlib.floating_multiply_carry_chain__p...
Compiling module xil_defaultlib.floating_multiply_xbip_pipe_v3_0...
Compiling module xil_defaultlib.floating_multiply_delay__paramet...
Compiling module xil_defaultlib.floating_multiply_xbip_pipe_v3_0...
Compiling module xil_defaultlib.floating_multiply_delay__paramet...
Compiling module xil_defaultlib.floating_multiply_carry_chain__p...
Compiling module xil_defaultlib.floating_multiply_flt_round_bit
Compiling module xil_defaultlib.floating_multiply_renorm_and_rou...
Compiling module xil_defaultlib.floating_multiply_flt_mult_round
Compiling module xil_defaultlib.floating_multiply_flt_mult
Compiling module xil_defaultlib.floating_multiply_xbip_pipe_v3_0...
Compiling module xil_defaultlib.floating_multiply_axi_slave_2to1
Compiling module xil_defaultlib.floating_multiply_floating_point...
Compiling module xil_defaultlib.floating_multiply_floating_point...
Compiling module xil_defaultlib.floating_multiply
Compiling architecture behavioral of entity xil_defaultlib.uyg114
Built simulation snapshot uyg114_behav
run_program: Time (s): cpu = 00:00:08 ; elapsed = 00:01:14 . Memory (MB): peak = 1359.188 ; gain = 0.000
INFO: [USF-XSim-69] 'elaborate' step finished in '74' seconds
INFO: [USF-XSim-4] XSim::Simulate design
INFO: [USF-XSim-61] Executing 'SIMULATE' step in 'E:/bildiri ve makaleler/kitap/fpga/uygulamalar/prj_bolum11_uyg4/prj_bolum11_uyg4.sim/sim_1/behav/xsim'
INFO: [USF-XSim-98] *** Running xsim
   with args "uyg114_behav -key {Behavioral:sim_1:Functional:uyg114} -tclbatch {uyg114.tcl} -log {simulate.log}"
INFO: [USF-XSim-8] Loading simulator feature
Vivado Simulator 2017.4
Time resolution is 1 ps
source uyg114.tcl
# set curr_wave [current_wave_config]
# if { [string length $curr_wave] == 0 } {
#   if { [llength [get_objects]] > 0} {
#     add_wave /
#     set_property needs_save false [current_wave_config]
#   } else {
#      send_msg_id Add_Wave-1 WARNING "No top level signals found. Simulator will start without a wave window. If you want to open a wave window go to 'File->New Waveform Configuration' or type 'create_wave_config' in the TCL console."
#   }
# }
# run 1000ns
xsim: Time (s): cpu = 00:00:07 ; elapsed = 00:00:07 . Memory (MB): peak = 1359.188 ; gain = 0.000
INFO: [USF-XSim-96] XSim completed. Design snapshot 'uyg114_behav' loaded.
INFO: [USF-XSim-97] XSim simulation ran for 1000ns
launch_simulation: Time (s): cpu = 00:00:23 ; elapsed = 00:01:52 . Memory (MB): peak = 1359.188 ; gain = 0.000
add_force {/uyg114/clk} -radix hex {0 0ns} {1 50000ps} -repeat_every 100000ps
add_force {/uyg114/s1} -radix bin {01000000110011110010001011010001 0ns}
add_force {/uyg114/s2} -radix bin {00111111111010110000001000001100 0ns}
run 500 ns
run 500 ns
run 500 ns
run 500 ns
run 500 ns
run 500 ns
close_sim
INFO: [Simtcl 6-16] Simulation closed
launch_simulation
INFO: [Vivado 12-5698] Checking validity of IPs in the design for the 'XSim' simulator...
INFO: [Vivado 12-5682] Launching behavioral simulation in 'E:/bildiri ve makaleler/kitap/fpga/uygulamalar/prj_bolum11_uyg4/prj_bolum11_uyg4.sim/sim_1/behav/xsim'
INFO: [Vivado 12-4795] Using compiled simulation libraries for IPs
INFO: [SIM-utils-51] Simulation object is 'sim_1'
INFO: [USF-XSim-7] Finding pre-compiled libraries...
INFO: [USF-XSim-11] File 'C:/Xilinx/Vivado/2017.4/data/xsim/ip/xsim_ip.ini' copied to run dir:'E:/bildiri ve makaleler/kitap/fpga/uygulamalar/prj_bolum11_uyg4/prj_bolum11_uyg4.sim/sim_1/behav/xsim'
INFO: [SIM-utils-54] Inspecting design source files for 'uyg114' in fileset 'sim_1'...
INFO: [USF-XSim-97] Finding global include files...
INFO: [USF-XSim-98] Fetching design files from 'sim_1'...
INFO: [USF-XSim-2] XSim::Compile design
INFO: [USF-XSim-61] Executing 'COMPILE and ANALYZE' step in 'E:/bildiri ve makaleler/kitap/fpga/uygulamalar/prj_bolum11_uyg4/prj_bolum11_uyg4.sim/sim_1/behav/xsim'
"xvlog --incr --relax -prj uyg114_vlog.prj"
INFO: [VRFC 10-2263] Analyzing Verilog file "E:/bildiri ve makaleler/kitap/fpga/uygulamalar/prj_bolum11_uyg4/prj_bolum11_uyg4.srcs/sources_1/ip/floating_divide/floating_divide_sim_netlist.v" into library xil_defaultlib
INFO: [VRFC 10-311] analyzing module floating_divide
INFO: [VRFC 10-311] analyzing module floating_divide_floating_point_v7_1_5
INFO: [VRFC 10-311] analyzing module floating_divide_axi_slave_2to1
INFO: [VRFC 10-311] analyzing module floating_divide_carry_chain
INFO: [VRFC 10-311] analyzing module floating_divide_carry_chain_102
INFO: [VRFC 10-311] analyzing module floating_divide_carry_chain_106
INFO: [VRFC 10-311] analyzing module floating_divide_carry_chain_111
INFO: [VRFC 10-311] analyzing module floating_divide_carry_chain_115
INFO: [VRFC 10-311] analyzing module floating_divide_carry_chain_119
INFO: [VRFC 10-311] analyzing module floating_divide_carry_chain_123
INFO: [VRFC 10-311] analyzing module floating_divide_carry_chain_127
INFO: [VRFC 10-311] analyzing module floating_divide_carry_chain_131
INFO: [VRFC 10-311] analyzing module floating_divide_carry_chain_135
INFO: [VRFC 10-311] analyzing module floating_divide_carry_chain_139
INFO: [VRFC 10-311] analyzing module floating_divide_carry_chain_143
INFO: [VRFC 10-311] analyzing module floating_divide_carry_chain_147
INFO: [VRFC 10-311] analyzing module floating_divide_carry_chain_151
INFO: [VRFC 10-311] analyzing module floating_divide_carry_chain_155
INFO: [VRFC 10-311] analyzing module floating_divide_carry_chain_57
INFO: [VRFC 10-311] analyzing module floating_divide_carry_chain_61
INFO: [VRFC 10-311] analyzing module floating_divide_carry_chain_65
INFO: [VRFC 10-311] analyzing module floating_divide_carry_chain_69
INFO: [VRFC 10-311] analyzing module floating_divide_carry_chain_73
INFO: [VRFC 10-311] analyzing module floating_divide_carry_chain_77
INFO: [VRFC 10-311] analyzing module floating_divide_carry_chain_81
INFO: [VRFC 10-311] analyzing module floating_divide_carry_chain_85
INFO: [VRFC 10-311] analyzing module floating_divide_carry_chain_90
INFO: [VRFC 10-311] analyzing module floating_divide_carry_chain_94
INFO: [VRFC 10-311] analyzing module floating_divide_carry_chain_98
INFO: [VRFC 10-311] analyzing module floating_divide_carry_chain__parameterized0
INFO: [VRFC 10-311] analyzing module floating_divide_carry_chain__parameterized1
INFO: [VRFC 10-311] analyzing module floating_divide_carry_chain__parameterized2
INFO: [VRFC 10-311] analyzing module floating_divide_carry_chain__parameterized3
INFO: [VRFC 10-311] analyzing module floating_divide_delay
INFO: [VRFC 10-311] analyzing module floating_divide_delay_11
INFO: [VRFC 10-311] analyzing module floating_divide_delay_13
INFO: [VRFC 10-311] analyzing module floating_divide_delay_15
INFO: [VRFC 10-311] analyzing module floating_divide_delay_17
INFO: [VRFC 10-311] analyzing module floating_divide_delay_19
INFO: [VRFC 10-311] analyzing module floating_divide_delay_21
INFO: [VRFC 10-311] analyzing module floating_divide_delay_23
INFO: [VRFC 10-311] analyzing module floating_divide_delay_25
INFO: [VRFC 10-311] analyzing module floating_divide_delay_27
INFO: [VRFC 10-311] analyzing module floating_divide_delay_29
INFO: [VRFC 10-311] analyzing module floating_divide_delay_31
INFO: [VRFC 10-311] analyzing module floating_divide_delay_33
INFO: [VRFC 10-311] analyzing module floating_divide_delay_35
INFO: [VRFC 10-311] analyzing module floating_divide_delay_40
INFO: [VRFC 10-311] analyzing module floating_divide_delay_43
INFO: [VRFC 10-311] analyzing module floating_divide_delay_45
INFO: [VRFC 10-311] analyzing module floating_divide_delay_47
INFO: [VRFC 10-311] analyzing module floating_divide_delay_49
INFO: [VRFC 10-311] analyzing module floating_divide_delay_5
INFO: [VRFC 10-311] analyzing module floating_divide_delay_51
INFO: [VRFC 10-311] analyzing module floating_divide_delay_53
INFO: [VRFC 10-311] analyzing module floating_divide_delay_55
INFO: [VRFC 10-311] analyzing module floating_divide_delay_7
INFO: [VRFC 10-311] analyzing module floating_divide_delay_9
INFO: [VRFC 10-311] analyzing module floating_divide_delay__parameterized10
INFO: [VRFC 10-311] analyzing module floating_divide_delay__parameterized11
INFO: [VRFC 10-311] analyzing module floating_divide_delay__parameterized12
INFO: [VRFC 10-311] analyzing module floating_divide_delay__parameterized13
INFO: [VRFC 10-311] analyzing module floating_divide_delay__parameterized14
INFO: [VRFC 10-311] analyzing module floating_divide_delay__parameterized15
INFO: [VRFC 10-311] analyzing module floating_divide_delay__parameterized16
INFO: [VRFC 10-311] analyzing module floating_divide_delay__parameterized17
INFO: [VRFC 10-311] analyzing module floating_divide_delay__parameterized18
INFO: [VRFC 10-311] analyzing module floating_divide_delay__parameterized19
INFO: [VRFC 10-311] analyzing module floating_divide_delay__parameterized2
INFO: [VRFC 10-311] analyzing module floating_divide_delay__parameterized20
INFO: [VRFC 10-311] analyzing module floating_divide_delay__parameterized21
INFO: [VRFC 10-311] analyzing module floating_divide_delay__parameterized27
INFO: [VRFC 10-311] analyzing module floating_divide_delay__parameterized27_0
INFO: [VRFC 10-311] analyzing module floating_divide_delay__parameterized2_103
INFO: [VRFC 10-311] analyzing module floating_divide_delay__parameterized2_107
INFO: [VRFC 10-311] analyzing module floating_divide_delay__parameterized2_112
INFO: [VRFC 10-311] analyzing module floating_divide_delay__parameterized2_116
INFO: [VRFC 10-311] analyzing module floating_divide_delay__parameterized2_120
INFO: [VRFC 10-311] analyzing module floating_divide_delay__parameterized2_124
INFO: [VRFC 10-311] analyzing module floating_divide_delay__parameterized2_128
INFO: [VRFC 10-311] analyzing module floating_divide_delay__parameterized2_132
INFO: [VRFC 10-311] analyzing module floating_divide_delay__parameterized2_136
INFO: [VRFC 10-311] analyzing module floating_divide_delay__parameterized2_140
INFO: [VRFC 10-311] analyzing module floating_divide_delay__parameterized2_144
INFO: [VRFC 10-311] analyzing module floating_divide_delay__parameterized2_148
INFO: [VRFC 10-311] analyzing module floating_divide_delay__parameterized2_152
INFO: [VRFC 10-311] analyzing module floating_divide_delay__parameterized2_156
INFO: [VRFC 10-311] analyzing module floating_divide_delay__parameterized2_58
INFO: [VRFC 10-311] analyzing module floating_divide_delay__parameterized2_62
INFO: [VRFC 10-311] analyzing module floating_divide_delay__parameterized2_66
INFO: [VRFC 10-311] analyzing module floating_divide_delay__parameterized2_70
INFO: [VRFC 10-311] analyzing module floating_divide_delay__parameterized2_74
INFO: [VRFC 10-311] analyzing module floating_divide_delay__parameterized2_78
INFO: [VRFC 10-311] analyzing module floating_divide_delay__parameterized2_82
INFO: [VRFC 10-311] analyzing module floating_divide_delay__parameterized2_86
INFO: [VRFC 10-311] analyzing module floating_divide_delay__parameterized2_91
INFO: [VRFC 10-311] analyzing module floating_divide_delay__parameterized2_95
INFO: [VRFC 10-311] analyzing module floating_divide_delay__parameterized2_99
INFO: [VRFC 10-311] analyzing module floating_divide_delay__parameterized3
INFO: [VRFC 10-311] analyzing module floating_divide_delay__parameterized32
INFO: [VRFC 10-311] analyzing module floating_divide_delay__parameterized32_1
INFO: [VRFC 10-311] analyzing module floating_divide_delay__parameterized3_36
INFO: [VRFC 10-311] analyzing module floating_divide_delay__parameterized3_38
INFO: [VRFC 10-311] analyzing module floating_divide_delay__parameterized3_41
INFO: [VRFC 10-311] analyzing module floating_divide_delay__parameterized6
INFO: [VRFC 10-311] analyzing module floating_divide_delay__parameterized7
INFO: [VRFC 10-311] analyzing module floating_divide_delay__parameterized7_165
INFO: [VRFC 10-311] analyzing module floating_divide_delay__parameterized8
INFO: [VRFC 10-311] analyzing module floating_divide_delay__parameterized8_160
INFO: [VRFC 10-311] analyzing module floating_divide_delay__parameterized8_163
INFO: [VRFC 10-311] analyzing module floating_divide_delay__parameterized8_164
INFO: [VRFC 10-311] analyzing module floating_divide_delay__parameterized9
INFO: [VRFC 10-311] analyzing module floating_divide_floating_point_v7_1_5_viv
INFO: [VRFC 10-311] analyzing module floating_divide_flt_dec_op_lat
INFO: [VRFC 10-311] analyzing module floating_divide_flt_div
INFO: [VRFC 10-311] analyzing module floating_divide_flt_div_exp
INFO: [VRFC 10-311] analyzing module floating_divide_flt_div_mant
INFO: [VRFC 10-311] analyzing module floating_divide_flt_div_mant_addsub
INFO: [VRFC 10-311] analyzing module floating_divide_flt_div_mant_addsub_10
INFO: [VRFC 10-311] analyzing module floating_divide_flt_div_mant_addsub_12
INFO: [VRFC 10-311] analyzing module floating_divide_flt_div_mant_addsub_14
INFO: [VRFC 10-311] analyzing module floating_divide_flt_div_mant_addsub_16
INFO: [VRFC 10-311] analyzing module floating_divide_flt_div_mant_addsub_18
INFO: [VRFC 10-311] analyzing module floating_divide_flt_div_mant_addsub_20
INFO: [VRFC 10-311] analyzing module floating_divide_flt_div_mant_addsub_22
INFO: [VRFC 10-311] analyzing module floating_divide_flt_div_mant_addsub_24
INFO: [VRFC 10-311] analyzing module floating_divide_flt_div_mant_addsub_26
INFO: [VRFC 10-311] analyzing module floating_divide_flt_div_mant_addsub_28
INFO: [VRFC 10-311] analyzing module floating_divide_flt_div_mant_addsub_30
INFO: [VRFC 10-311] analyzing module floating_divide_flt_div_mant_addsub_32
INFO: [VRFC 10-311] analyzing module floating_divide_flt_div_mant_addsub_34
INFO: [VRFC 10-311] analyzing module floating_divide_flt_div_mant_addsub_37
INFO: [VRFC 10-311] analyzing module floating_divide_flt_div_mant_addsub_39
INFO: [VRFC 10-311] analyzing module floating_divide_flt_div_mant_addsub_4
INFO: [VRFC 10-311] analyzing module floating_divide_flt_div_mant_addsub_42
INFO: [VRFC 10-311] analyzing module floating_divide_flt_div_mant_addsub_44
INFO: [VRFC 10-311] analyzing module floating_divide_flt_div_mant_addsub_46
INFO: [VRFC 10-311] analyzing module floating_divide_flt_div_mant_addsub_48
INFO: [VRFC 10-311] analyzing module floating_divide_flt_div_mant_addsub_50
INFO: [VRFC 10-311] analyzing module floating_divide_flt_div_mant_addsub_52
INFO: [VRFC 10-311] analyzing module floating_divide_flt_div_mant_addsub_54
INFO: [VRFC 10-311] analyzing module floating_divide_flt_div_mant_addsub_6
INFO: [VRFC 10-311] analyzing module floating_divide_flt_div_mant_addsub_8
INFO: [VRFC 10-311] analyzing module floating_divide_flt_round_bit
INFO: [VRFC 10-311] analyzing module floating_divide_renorm_and_round_logic
INFO: [VRFC 10-311] analyzing module floating_divide_special_detect
INFO: [VRFC 10-311] analyzing module floating_divide_special_detect_158
INFO: [VRFC 10-311] analyzing module floating_divide_xbip_pipe_v3_0_4_viv
INFO: [VRFC 10-311] analyzing module floating_divide_xbip_pipe_v3_0_4_viv__parameterized1
INFO: [VRFC 10-311] analyzing module floating_divide_xbip_pipe_v3_0_4_viv__parameterized11
INFO: [VRFC 10-311] analyzing module floating_divide_xbip_pipe_v3_0_4_viv__parameterized15
INFO: [VRFC 10-311] analyzing module floating_divide_xbip_pipe_v3_0_4_viv__parameterized17
INFO: [VRFC 10-311] analyzing module floating_divide_xbip_pipe_v3_0_4_viv__parameterized17_161
INFO: [VRFC 10-311] analyzing module floating_divide_xbip_pipe_v3_0_4_viv__parameterized17_162
INFO: [VRFC 10-311] analyzing module floating_divide_xbip_pipe_v3_0_4_viv__parameterized17_166
INFO: [VRFC 10-311] analyzing module floating_divide_xbip_pipe_v3_0_4_viv__parameterized17_167
INFO: [VRFC 10-311] analyzing module floating_divide_xbip_pipe_v3_0_4_viv__parameterized17_168
INFO: [VRFC 10-311] analyzing module floating_divide_xbip_pipe_v3_0_4_viv__parameterized19
INFO: [VRFC 10-311] analyzing module floating_divide_xbip_pipe_v3_0_4_viv__parameterized1_101
INFO: [VRFC 10-311] analyzing module floating_divide_xbip_pipe_v3_0_4_viv__parameterized1_105
INFO: [VRFC 10-311] analyzing module floating_divide_xbip_pipe_v3_0_4_viv__parameterized1_110
INFO: [VRFC 10-311] analyzing module floating_divide_xbip_pipe_v3_0_4_viv__parameterized1_114
INFO: [VRFC 10-311] analyzing module floating_divide_xbip_pipe_v3_0_4_viv__parameterized1_118
INFO: [VRFC 10-311] analyzing module floating_divide_xbip_pipe_v3_0_4_viv__parameterized1_122
INFO: [VRFC 10-311] analyzing module floating_divide_xbip_pipe_v3_0_4_viv__parameterized1_126
INFO: [VRFC 10-311] analyzing module floating_divide_xbip_pipe_v3_0_4_viv__parameterized1_130
INFO: [VRFC 10-311] analyzing module floating_divide_xbip_pipe_v3_0_4_viv__parameterized1_134
INFO: [VRFC 10-311] analyzing module floating_divide_xbip_pipe_v3_0_4_viv__parameterized1_138
INFO: [VRFC 10-311] analyzing module floating_divide_xbip_pipe_v3_0_4_viv__parameterized1_142
INFO: [VRFC 10-311] analyzing module floating_divide_xbip_pipe_v3_0_4_viv__parameterized1_146
INFO: [VRFC 10-311] analyzing module floating_divide_xbip_pipe_v3_0_4_viv__parameterized1_150
INFO: [VRFC 10-311] analyzing module floating_divide_xbip_pipe_v3_0_4_viv__parameterized1_154
INFO: [VRFC 10-311] analyzing module floating_divide_xbip_pipe_v3_0_4_viv__parameterized1_56
INFO: [VRFC 10-311] analyzing module floating_divide_xbip_pipe_v3_0_4_viv__parameterized1_60
INFO: [VRFC 10-311] analyzing module floating_divide_xbip_pipe_v3_0_4_viv__parameterized1_64
INFO: [VRFC 10-311] analyzing module floating_divide_xbip_pipe_v3_0_4_viv__parameterized1_68
INFO: [VRFC 10-311] analyzing module floating_divide_xbip_pipe_v3_0_4_viv__parameterized1_72
INFO: [VRFC 10-311] analyzing module floating_divide_xbip_pipe_v3_0_4_viv__parameterized1_76
INFO: [VRFC 10-311] analyzing module floating_divide_xbip_pipe_v3_0_4_viv__parameterized1_80
INFO: [VRFC 10-311] analyzing module floating_divide_xbip_pipe_v3_0_4_viv__parameterized1_89
INFO: [VRFC 10-311] analyzing module floating_divide_xbip_pipe_v3_0_4_viv__parameterized1_93
INFO: [VRFC 10-311] analyzing module floating_divide_xbip_pipe_v3_0_4_viv__parameterized1_97
INFO: [VRFC 10-311] analyzing module floating_divide_xbip_pipe_v3_0_4_viv__parameterized21
INFO: [VRFC 10-311] analyzing module floating_divide_xbip_pipe_v3_0_4_viv__parameterized23
INFO: [VRFC 10-311] analyzing module floating_divide_xbip_pipe_v3_0_4_viv__parameterized25
INFO: [VRFC 10-311] analyzing module floating_divide_xbip_pipe_v3_0_4_viv__parameterized25_159
INFO: [VRFC 10-311] analyzing module floating_divide_xbip_pipe_v3_0_4_viv__parameterized27
INFO: [VRFC 10-311] analyzing module floating_divide_xbip_pipe_v3_0_4_viv__parameterized29
INFO: [VRFC 10-311] analyzing module floating_divide_xbip_pipe_v3_0_4_viv__parameterized31
INFO: [VRFC 10-311] analyzing module floating_divide_xbip_pipe_v3_0_4_viv__parameterized33
INFO: [VRFC 10-311] analyzing module floating_divide_xbip_pipe_v3_0_4_viv__parameterized35
INFO: [VRFC 10-311] analyzing module floating_divide_xbip_pipe_v3_0_4_viv__parameterized37
INFO: [VRFC 10-311] analyzing module floating_divide_xbip_pipe_v3_0_4_viv__parameterized39
INFO: [VRFC 10-311] analyzing module floating_divide_xbip_pipe_v3_0_4_viv__parameterized49
INFO: [VRFC 10-311] analyzing module floating_divide_xbip_pipe_v3_0_4_viv__parameterized49_3
INFO: [VRFC 10-311] analyzing module floating_divide_xbip_pipe_v3_0_4_viv__parameterized57
INFO: [VRFC 10-311] analyzing module floating_divide_xbip_pipe_v3_0_4_viv__parameterized57_2
INFO: [VRFC 10-311] analyzing module floating_divide_xbip_pipe_v3_0_4_viv__parameterized7
INFO: [VRFC 10-311] analyzing module floating_divide_xbip_pipe_v3_0_4_viv__parameterized7_100
INFO: [VRFC 10-311] analyzing module floating_divide_xbip_pipe_v3_0_4_viv__parameterized7_104
INFO: [VRFC 10-311] analyzing module floating_divide_xbip_pipe_v3_0_4_viv__parameterized7_108
INFO: [VRFC 10-311] analyzing module floating_divide_xbip_pipe_v3_0_4_viv__parameterized7_113
INFO: [VRFC 10-311] analyzing module floating_divide_xbip_pipe_v3_0_4_viv__parameterized7_117
INFO: [VRFC 10-311] analyzing module floating_divide_xbip_pipe_v3_0_4_viv__parameterized7_121
INFO: [VRFC 10-311] analyzing module floating_divide_xbip_pipe_v3_0_4_viv__parameterized7_125
INFO: [VRFC 10-311] analyzing module floating_divide_xbip_pipe_v3_0_4_viv__parameterized7_129
INFO: [VRFC 10-311] analyzing module floating_divide_xbip_pipe_v3_0_4_viv__parameterized7_133
INFO: [VRFC 10-311] analyzing module floating_divide_xbip_pipe_v3_0_4_viv__parameterized7_137
INFO: [VRFC 10-311] analyzing module floating_divide_xbip_pipe_v3_0_4_viv__parameterized7_141
INFO: [VRFC 10-311] analyzing module floating_divide_xbip_pipe_v3_0_4_viv__parameterized7_145
INFO: [VRFC 10-311] analyzing module floating_divide_xbip_pipe_v3_0_4_viv__parameterized7_149
INFO: [VRFC 10-311] analyzing module floating_divide_xbip_pipe_v3_0_4_viv__parameterized7_153
INFO: [VRFC 10-311] analyzing module floating_divide_xbip_pipe_v3_0_4_viv__parameterized7_157
INFO: [VRFC 10-311] analyzing module floating_divide_xbip_pipe_v3_0_4_viv__parameterized7_59
INFO: [VRFC 10-311] analyzing module floating_divide_xbip_pipe_v3_0_4_viv__parameterized7_63
INFO: [VRFC 10-311] analyzing module floating_divide_xbip_pipe_v3_0_4_viv__parameterized7_67
INFO: [VRFC 10-311] analyzing module floating_divide_xbip_pipe_v3_0_4_viv__parameterized7_71
INFO: [VRFC 10-311] analyzing module floating_divide_xbip_pipe_v3_0_4_viv__parameterized7_75
INFO: [VRFC 10-311] analyzing module floating_divide_xbip_pipe_v3_0_4_viv__parameterized7_79
INFO: [VRFC 10-311] analyzing module floating_divide_xbip_pipe_v3_0_4_viv__parameterized7_83
INFO: [VRFC 10-311] analyzing module floating_divide_xbip_pipe_v3_0_4_viv__parameterized7_87
INFO: [VRFC 10-311] analyzing module floating_divide_xbip_pipe_v3_0_4_viv__parameterized7_92
INFO: [VRFC 10-311] analyzing module floating_divide_xbip_pipe_v3_0_4_viv__parameterized7_96
INFO: [VRFC 10-311] analyzing module floating_divide_xbip_pipe_v3_0_4_viv__parameterized9
INFO: [VRFC 10-311] analyzing module floating_divide_xbip_pipe_v3_0_4_viv__parameterized9_109
INFO: [VRFC 10-311] analyzing module floating_divide_xbip_pipe_v3_0_4_viv__parameterized9_84
INFO: [VRFC 10-311] analyzing module floating_divide_xbip_pipe_v3_0_4_viv__parameterized9_88
INFO: [VRFC 10-311] analyzing module glbl
"xvhdl --incr --relax -prj uyg114_vhdl.prj"
INFO: [VRFC 10-163] Analyzing VHDL file "E:/bildiri ve makaleler/kitap/fpga/uygulamalar/prj_bolum11_uyg4/prj_bolum11_uyg4.srcs/sources_1/new/uyg114.vhd" into library xil_defaultlib
INFO: [VRFC 10-307] analyzing entity uyg114
run_program: Time (s): cpu = 00:00:02 ; elapsed = 00:00:49 . Memory (MB): peak = 1359.188 ; gain = 0.000
INFO: [USF-XSim-69] 'compile' step finished in '49' seconds
INFO: [USF-XSim-3] XSim::Elaborate design
INFO: [USF-XSim-61] Executing 'ELABORATE' step in 'E:/bildiri ve makaleler/kitap/fpga/uygulamalar/prj_bolum11_uyg4/prj_bolum11_uyg4.sim/sim_1/behav/xsim'
Vivado Simulator 2017.4
Copyright 1986-1999, 2001-2016 Xilinx, Inc. All Rights Reserved.
Running: C:/Xilinx/Vivado/2017.4/bin/unwrapped/win64.o/xelab.exe -wto b1bb3d5fb5f94c2facb5ea9b71634abe --incr --debug typical --relax --mt 2 -L xil_defaultlib -L unisims_ver -L unimacro_ver -L secureip -L xpm --snapshot uyg114_behav xil_defaultlib.uyg114 xil_defaultlib.glbl -log elaborate.log 
Using 2 slave threads.
Starting static elaboration
Completed static elaboration
Starting simulation data flow analysis
Completed simulation data flow analysis
Time Resolution for simulation is 1ps
Compiling package std.standard
Compiling package std.textio
Compiling package ieee.std_logic_1164
Compiling package vl.vl_types
Compiling module xil_defaultlib.glbl
Compiling module unisims_ver.GND
Compiling module unisims_ver.VCC
Compiling module unisims_ver.FDRE_default
Compiling module xil_defaultlib.floating_divide_xbip_pipe_v3_0_4...
Compiling module xil_defaultlib.floating_divide_delay__parameter...
Compiling module unisims_ver.LUT4
Compiling module xil_defaultlib.floating_divide_xbip_pipe_v3_0_4...
Compiling module xil_defaultlib.floating_divide_delay__parameter...
Compiling module unisims_ver.x_lut2_mux4
Compiling module unisims_ver.LUT2
Compiling module unisims_ver.LUT6
Compiling module xil_defaultlib.floating_divide_xbip_pipe_v3_0_4...
Compiling module xil_defaultlib.floating_divide_delay__parameter...
Compiling module xil_defaultlib.floating_divide_special_detect
Compiling module xil_defaultlib.floating_divide_xbip_pipe_v3_0_4...
Compiling module xil_defaultlib.floating_divide_delay__parameter...
Compiling module xil_defaultlib.floating_divide_xbip_pipe_v3_0_4...
Compiling module xil_defaultlib.floating_divide_delay__parameter...
Compiling module xil_defaultlib.floating_divide_xbip_pipe_v3_0_4...
Compiling module xil_defaultlib.floating_divide_delay__parameter...
Compiling module xil_defaultlib.floating_divide_special_detect_1...
Compiling module xil_defaultlib.floating_divide_xbip_pipe_v3_0_4...
Compiling module xil_defaultlib.floating_divide_delay__parameter...
Compiling module unisims_ver.SRLC32E_default
Compiling module xil_defaultlib.floating_divide_xbip_pipe_v3_0_4...
Compiling module xil_defaultlib.floating_divide_delay__parameter...
Compiling module unisims_ver.LUT5
Compiling module xil_defaultlib.floating_divide_xbip_pipe_v3_0_4...
Compiling module xil_defaultlib.floating_divide_delay__parameter...
Compiling module xil_defaultlib.floating_divide_xbip_pipe_v3_0_4...
Compiling module xil_defaultlib.floating_divide_delay__parameter...
Compiling module xil_defaultlib.floating_divide_xbip_pipe_v3_0_4...
Compiling module xil_defaultlib.floating_divide_delay__parameter...
Compiling module xil_defaultlib.floating_divide_xbip_pipe_v3_0_4...
Compiling module xil_defaultlib.floating_divide_delay__parameter...
Compiling module xil_defaultlib.floating_divide_xbip_pipe_v3_0_4...
Compiling module xil_defaultlib.floating_divide_delay__parameter...
Compiling module xil_defaultlib.floating_divide_xbip_pipe_v3_0_4...
Compiling module xil_defaultlib.floating_divide_delay__parameter...
Compiling module xil_defaultlib.floating_divide_xbip_pipe_v3_0_4...
Compiling module xil_defaultlib.floating_divide_delay__parameter...
Compiling module xil_defaultlib.floating_divide_xbip_pipe_v3_0_4...
Compiling module xil_defaultlib.floating_divide_delay__parameter...
Compiling module unisims_ver.x_lut3_mux8
Compiling module unisims_ver.LUT3
Compiling module xil_defaultlib.floating_divide_xbip_pipe_v3_0_4...
Compiling module xil_defaultlib.floating_divide_delay__parameter...
Compiling module xil_defaultlib.floating_divide_xbip_pipe_v3_0_4...
Compiling module xil_defaultlib.floating_divide_delay__parameter...
Compiling module xil_defaultlib.floating_divide_xbip_pipe_v3_0_4...
Compiling module xil_defaultlib.floating_divide_delay__parameter...
Compiling module unisims_ver.x_lut1_mux2
Compiling module unisims_ver.LUT1
Compiling module xil_defaultlib.floating_divide_xbip_pipe_v3_0_4...
Compiling module xil_defaultlib.floating_divide_delay__parameter...
Compiling module unisims_ver.CARRY4
Compiling module xil_defaultlib.floating_divide_flt_div_exp
Compiling module xil_defaultlib.floating_divide_xbip_pipe_v3_0_4...
Compiling module xil_defaultlib.floating_divide_delay__parameter...
Compiling module xil_defaultlib.floating_divide_carry_chain_155
Compiling module xil_defaultlib.floating_divide_flt_div_mant_add...
Compiling module xil_defaultlib.floating_divide_xbip_pipe_v3_0_4...
Compiling module xil_defaultlib.floating_divide_delay
Compiling module xil_defaultlib.floating_divide_xbip_pipe_v3_0_4...
Compiling module xil_defaultlib.floating_divide_delay__parameter...
Compiling module xil_defaultlib.floating_divide_carry_chain_151
Compiling module xil_defaultlib.floating_divide_flt_div_mant_add...
Compiling module xil_defaultlib.floating_divide_xbip_pipe_v3_0_4...
Compiling module xil_defaultlib.floating_divide_delay_5
Compiling module xil_defaultlib.floating_divide_xbip_pipe_v3_0_4...
Compiling module xil_defaultlib.floating_divide_delay__parameter...
Compiling module xil_defaultlib.floating_divide_carry_chain_147
Compiling module xil_defaultlib.floating_divide_flt_div_mant_add...
Compiling module xil_defaultlib.floating_divide_xbip_pipe_v3_0_4...
Compiling module xil_defaultlib.floating_divide_delay_7
Compiling module xil_defaultlib.floating_divide_xbip_pipe_v3_0_4...
Compiling module xil_defaultlib.floating_divide_delay__parameter...
Compiling module xil_defaultlib.floating_divide_carry_chain_143
Compiling module xil_defaultlib.floating_divide_flt_div_mant_add...
Compiling module xil_defaultlib.floating_divide_xbip_pipe_v3_0_4...
Compiling module xil_defaultlib.floating_divide_delay_9
Compiling module xil_defaultlib.floating_divide_xbip_pipe_v3_0_4...
Compiling module xil_defaultlib.floating_divide_delay__parameter...
Compiling module xil_defaultlib.floating_divide_carry_chain_139
Compiling module xil_defaultlib.floating_divide_flt_div_mant_add...
Compiling module xil_defaultlib.floating_divide_xbip_pipe_v3_0_4...
Compiling module xil_defaultlib.floating_divide_delay_11
Compiling module xil_defaultlib.floating_divide_xbip_pipe_v3_0_4...
Compiling module xil_defaultlib.floating_divide_delay__parameter...
Compiling module xil_defaultlib.floating_divide_carry_chain_135
Compiling module xil_defaultlib.floating_divide_flt_div_mant_add...
Compiling module xil_defaultlib.floating_divide_xbip_pipe_v3_0_4...
Compiling module xil_defaultlib.floating_divide_delay_13
Compiling module xil_defaultlib.floating_divide_xbip_pipe_v3_0_4...
Compiling module xil_defaultlib.floating_divide_delay__parameter...
Compiling module xil_defaultlib.floating_divide_carry_chain_131
Compiling module xil_defaultlib.floating_divide_flt_div_mant_add...
Compiling module xil_defaultlib.floating_divide_xbip_pipe_v3_0_4...
Compiling module xil_defaultlib.floating_divide_delay_15
Compiling module xil_defaultlib.floating_divide_xbip_pipe_v3_0_4...
Compiling module xil_defaultlib.floating_divide_delay__parameter...
Compiling module xil_defaultlib.floating_divide_carry_chain_127
Compiling module xil_defaultlib.floating_divide_flt_div_mant_add...
Compiling module xil_defaultlib.floating_divide_xbip_pipe_v3_0_4...
Compiling module xil_defaultlib.floating_divide_delay_17
Compiling module xil_defaultlib.floating_divide_xbip_pipe_v3_0_4...
Compiling module xil_defaultlib.floating_divide_delay__parameter...
Compiling module xil_defaultlib.floating_divide_carry_chain_123
Compiling module xil_defaultlib.floating_divide_flt_div_mant_add...
Compiling module xil_defaultlib.floating_divide_xbip_pipe_v3_0_4...
Compiling module xil_defaultlib.floating_divide_delay_19
Compiling module xil_defaultlib.floating_divide_xbip_pipe_v3_0_4...
Compiling module xil_defaultlib.floating_divide_delay__parameter...
Compiling module xil_defaultlib.floating_divide_carry_chain_119
Compiling module xil_defaultlib.floating_divide_flt_div_mant_add...
Compiling module xil_defaultlib.floating_divide_xbip_pipe_v3_0_4...
Compiling module xil_defaultlib.floating_divide_delay_21
Compiling module xil_defaultlib.floating_divide_xbip_pipe_v3_0_4...
Compiling module xil_defaultlib.floating_divide_delay__parameter...
Compiling module xil_defaultlib.floating_divide_carry_chain_115
Compiling module xil_defaultlib.floating_divide_flt_div_mant_add...
Compiling module xil_defaultlib.floating_divide_xbip_pipe_v3_0_4...
Compiling module xil_defaultlib.floating_divide_delay_23
Compiling module xil_defaultlib.floating_divide_xbip_pipe_v3_0_4...
Compiling module xil_defaultlib.floating_divide_delay__parameter...
Compiling module xil_defaultlib.floating_divide_carry_chain_111
Compiling module xil_defaultlib.floating_divide_flt_div_mant_add...
Compiling module xil_defaultlib.floating_divide_xbip_pipe_v3_0_4...
Compiling module xil_defaultlib.floating_divide_delay_25
Compiling module xil_defaultlib.floating_divide_xbip_pipe_v3_0_4...
Compiling module xil_defaultlib.floating_divide_delay__parameter...
Compiling module xil_defaultlib.floating_divide_xbip_pipe_v3_0_4...
Compiling module xil_defaultlib.floating_divide_delay__parameter...
Compiling module xil_defaultlib.floating_divide_carry_chain_106
Compiling module xil_defaultlib.floating_divide_flt_div_mant_add...
Compiling module xil_defaultlib.floating_divide_xbip_pipe_v3_0_4...
Compiling module xil_defaultlib.floating_divide_delay_27
Compiling module xil_defaultlib.floating_divide_xbip_pipe_v3_0_4...
Compiling module xil_defaultlib.floating_divide_delay__parameter...
Compiling module xil_defaultlib.floating_divide_carry_chain_102
Compiling module xil_defaultlib.floating_divide_flt_div_mant_add...
Compiling module xil_defaultlib.floating_divide_xbip_pipe_v3_0_4...
Compiling module xil_defaultlib.floating_divide_delay_29
Compiling module xil_defaultlib.floating_divide_xbip_pipe_v3_0_4...
Compiling module xil_defaultlib.floating_divide_delay__parameter...
Compiling module xil_defaultlib.floating_divide_carry_chain_98
Compiling module xil_defaultlib.floating_divide_flt_div_mant_add...
Compiling module xil_defaultlib.floating_divide_xbip_pipe_v3_0_4...
Compiling module xil_defaultlib.floating_divide_delay_31
Compiling module xil_defaultlib.floating_divide_xbip_pipe_v3_0_4...
Compiling module xil_defaultlib.floating_divide_delay__parameter...
Compiling module xil_defaultlib.floating_divide_carry_chain_94
Compiling module xil_defaultlib.floating_divide_flt_div_mant_add...
Compiling module xil_defaultlib.floating_divide_xbip_pipe_v3_0_4...
Compiling module xil_defaultlib.floating_divide_delay_33
Compiling module xil_defaultlib.floating_divide_xbip_pipe_v3_0_4...
Compiling module xil_defaultlib.floating_divide_delay__parameter...
Compiling module xil_defaultlib.floating_divide_carry_chain_90
Compiling module xil_defaultlib.floating_divide_flt_div_mant_add...
Compiling module xil_defaultlib.floating_divide_xbip_pipe_v3_0_4...
Compiling module xil_defaultlib.floating_divide_delay_35
Compiling module unisims_ver.SRL16E_default
Compiling module xil_defaultlib.floating_divide_xbip_pipe_v3_0_4...
Compiling module xil_defaultlib.floating_divide_delay__parameter...
Compiling module xil_defaultlib.floating_divide_xbip_pipe_v3_0_4...
Compiling module xil_defaultlib.floating_divide_delay__parameter...
Compiling module xil_defaultlib.floating_divide_carry_chain_85
Compiling module xil_defaultlib.floating_divide_flt_div_mant_add...
Compiling module xil_defaultlib.floating_divide_xbip_pipe_v3_0_4...
Compiling module xil_defaultlib.floating_divide_delay__parameter...
Compiling module xil_defaultlib.floating_divide_xbip_pipe_v3_0_4...
Compiling module xil_defaultlib.floating_divide_delay__parameter...
Compiling module xil_defaultlib.floating_divide_carry_chain_81
Compiling module xil_defaultlib.floating_divide_flt_div_mant_add...
Compiling module xil_defaultlib.floating_divide_xbip_pipe_v3_0_4...
Compiling module xil_defaultlib.floating_divide_delay_40
Compiling module xil_defaultlib.floating_divide_xbip_pipe_v3_0_4...
Compiling module xil_defaultlib.floating_divide_delay__parameter...
Compiling module xil_defaultlib.floating_divide_xbip_pipe_v3_0_4...
Compiling module xil_defaultlib.floating_divide_delay__parameter...
Compiling module xil_defaultlib.floating_divide_carry_chain_77
Compiling module xil_defaultlib.floating_divide_flt_div_mant_add...
Compiling module xil_defaultlib.floating_divide_xbip_pipe_v3_0_4...
Compiling module xil_defaultlib.floating_divide_delay_43
Compiling module xil_defaultlib.floating_divide_xbip_pipe_v3_0_4...
Compiling module xil_defaultlib.floating_divide_delay__parameter...
Compiling module xil_defaultlib.floating_divide_carry_chain_73
Compiling module xil_defaultlib.floating_divide_flt_div_mant_add...
Compiling module xil_defaultlib.floating_divide_xbip_pipe_v3_0_4...
Compiling module xil_defaultlib.floating_divide_delay_45
Compiling module xil_defaultlib.floating_divide_xbip_pipe_v3_0_4...
Compiling module xil_defaultlib.floating_divide_delay__parameter...
Compiling module xil_defaultlib.floating_divide_carry_chain_69
Compiling module xil_defaultlib.floating_divide_flt_div_mant_add...
Compiling module xil_defaultlib.floating_divide_xbip_pipe_v3_0_4...
Compiling module xil_defaultlib.floating_divide_delay_47
Compiling module xil_defaultlib.floating_divide_xbip_pipe_v3_0_4...
Compiling module xil_defaultlib.floating_divide_delay__parameter...
Compiling module xil_defaultlib.floating_divide_carry_chain_65
Compiling module xil_defaultlib.floating_divide_flt_div_mant_add...
Compiling module xil_defaultlib.floating_divide_xbip_pipe_v3_0_4...
Compiling module xil_defaultlib.floating_divide_delay_49
Compiling module xil_defaultlib.floating_divide_xbip_pipe_v3_0_4...
Compiling module xil_defaultlib.floating_divide_delay__parameter...
Compiling module xil_defaultlib.floating_divide_carry_chain_61
Compiling module xil_defaultlib.floating_divide_flt_div_mant_add...
Compiling module xil_defaultlib.floating_divide_xbip_pipe_v3_0_4...
Compiling module xil_defaultlib.floating_divide_delay_51
Compiling module xil_defaultlib.floating_divide_xbip_pipe_v3_0_4...
Compiling module xil_defaultlib.floating_divide_delay__parameter...
Compiling module xil_defaultlib.floating_divide_carry_chain_57
Compiling module xil_defaultlib.floating_divide_flt_div_mant_add...
Compiling module xil_defaultlib.floating_divide_xbip_pipe_v3_0_4...
Compiling module xil_defaultlib.floating_divide_delay_53
Compiling module xil_defaultlib.floating_divide_xbip_pipe_v3_0_4...
Compiling module xil_defaultlib.floating_divide_delay__parameter...
Compiling module xil_defaultlib.floating_divide_carry_chain
Compiling module xil_defaultlib.floating_divide_flt_div_mant_add...
Compiling module xil_defaultlib.floating_divide_xbip_pipe_v3_0_4...
Compiling module xil_defaultlib.floating_divide_delay_55
Compiling module xil_defaultlib.floating_divide_flt_div_mant
Compiling module xil_defaultlib.floating_divide_flt_dec_op_lat
Compiling module xil_defaultlib.floating_divide_carry_chain__par...
Compiling module xil_defaultlib.floating_divide_xbip_pipe_v3_0_4...
Compiling module xil_defaultlib.floating_divide_delay__parameter...
Compiling module xil_defaultlib.floating_divide_xbip_pipe_v3_0_4...
Compiling module xil_defaultlib.floating_divide_delay__parameter...
Compiling module xil_defaultlib.floating_divide_xbip_pipe_v3_0_4...
Compiling module xil_defaultlib.floating_divide_delay__parameter...
Compiling module xil_defaultlib.floating_divide_carry_chain__par...
Compiling module xil_defaultlib.floating_divide_xbip_pipe_v3_0_4...
Compiling module xil_defaultlib.floating_divide_delay__parameter...
Compiling module xil_defaultlib.floating_divide_carry_chain__par...
Compiling module xil_defaultlib.floating_divide_carry_chain__par...
Compiling module xil_defaultlib.floating_divide_flt_round_bit
Compiling module xil_defaultlib.floating_divide_renorm_and_round...
Compiling module xil_defaultlib.floating_divide_flt_div
Compiling module xil_defaultlib.floating_divide_xbip_pipe_v3_0_4...
Compiling module unisims_ver.FDRE(INIT=1'b1)
Compiling module xil_defaultlib.floating_divide_axi_slave_2to1
Compiling module xil_defaultlib.floating_divide_floating_point_v...
Compiling module xil_defaultlib.floating_divide_floating_point_v...
Compiling module xil_defaultlib.floating_divide
Compiling module unisims_ver.FDRE_default_1
Compiling module xil_defaultlib.floating_multiply_xbip_pipe_v3_0...
Compiling module xil_defaultlib.floating_multiply_delay__paramet...
Compiling module xil_defaultlib.floating_multiply_xbip_pipe_v3_0...
Compiling module xil_defaultlib.floating_multiply_delay__paramet...
Compiling module xil_defaultlib.floating_multiply_carry_chain__p...
Compiling module xil_defaultlib.floating_multiply_compare_eq_im_...
Compiling module xil_defaultlib.floating_multiply_special_detect
Compiling module xil_defaultlib.floating_multiply_xbip_pipe_v3_0...
Compiling module xil_defaultlib.floating_multiply_delay__paramet...
Compiling module xil_defaultlib.floating_multiply_xbip_pipe_v3_0...
Compiling module xil_defaultlib.floating_multiply_delay__paramet...
Compiling module xil_defaultlib.floating_multiply_carry_chain__p...
Compiling module xil_defaultlib.floating_multiply_compare_eq_im
Compiling module xil_defaultlib.floating_multiply_special_detect...
Compiling module xil_defaultlib.floating_multiply_xbip_pipe_v3_0...
Compiling module xil_defaultlib.floating_multiply_delay__paramet...
Compiling module xil_defaultlib.floating_multiply_carry_chain
Compiling module xil_defaultlib.floating_multiply_xbip_pipe_v3_0...
Compiling module xil_defaultlib.floating_multiply_delay__paramet...
Compiling module xil_defaultlib.floating_multiply_xbip_pipe_v3_0...
Compiling module xil_defaultlib.floating_multiply_delay__paramet...
Compiling module xil_defaultlib.floating_multiply_xbip_pipe_v3_0...
Compiling module xil_defaultlib.floating_multiply_delay__paramet...
Compiling module unisims_ver.SRL16E_default_1
Compiling module xil_defaultlib.floating_multiply_xbip_pipe_v3_0...
Compiling module xil_defaultlib.floating_multiply_delay__paramet...
Compiling module xil_defaultlib.floating_multiply_xbip_pipe_v3_0...
Compiling module xil_defaultlib.floating_multiply_delay__paramet...
Compiling module xil_defaultlib.floating_multiply_xbip_pipe_v3_0...
Compiling module xil_defaultlib.floating_multiply_delay__paramet...
Compiling module xil_defaultlib.floating_multiply_xbip_pipe_v3_0...
Compiling module xil_defaultlib.floating_multiply_delay__paramet...
Compiling module xil_defaultlib.floating_multiply_xbip_pipe_v3_0...
Compiling module xil_defaultlib.floating_multiply_delay__paramet...
Compiling module xil_defaultlib.floating_multiply_xbip_pipe_v3_0...
Compiling module xil_defaultlib.floating_multiply_delay__paramet...
Compiling module xil_defaultlib.floating_multiply_xbip_pipe_v3_0...
Compiling module xil_defaultlib.floating_multiply_delay__paramet...
Compiling module xil_defaultlib.floating_multiply_flt_mult_exp
Compiling module unisims_ver.DSP48E1(ALUMODEREG=0,CARRYINREG=...
Compiling module unisims_ver.DSP48E1(A_INPUT="CASCADE",BCASCR...
Compiling module xil_defaultlib.floating_multiply_delay_line__pa...
Compiling module xil_defaultlib.floating_multiply_dsp
Compiling module xil_defaultlib.floating_multiply_mult_gen_v12_0...
Compiling module xil_defaultlib.floating_multiply_xbip_pipe_v3_0...
Compiling module xil_defaultlib.floating_multiply_delay
Compiling module xil_defaultlib.floating_multiply_xbip_pipe_v3_0...
Compiling module xil_defaultlib.floating_multiply_delay__paramet...
Compiling module xil_defaultlib.floating_multiply_fix_mult_xx
Compiling module xil_defaultlib.floating_multiply_fix_mult
Compiling module xil_defaultlib.floating_multiply_flt_dec_op_lat
Compiling module xil_defaultlib.floating_multiply_carry_chain__p...
Compiling module xil_defaultlib.floating_multiply_xbip_pipe_v3_0...
Compiling module xil_defaultlib.floating_multiply_delay__paramet...
Compiling module xil_defaultlib.floating_multiply_xbip_pipe_v3_0...
Compiling module xil_defaultlib.floating_multiply_delay__paramet...
Compiling module xil_defaultlib.floating_multiply_xbip_pipe_v3_0...
Compiling module xil_defaultlib.floating_multiply_delay__paramet...
Compiling module xil_defaultlib.floating_multiply_xbip_pipe_v3_0...
Compiling module xil_defaultlib.floating_multiply_delay__paramet...
Compiling module xil_defaultlib.floating_multiply_carry_chain__p...
Compiling module xil_defaultlib.floating_multiply_xbip_pipe_v3_0...
Compiling module xil_defaultlib.floating_multiply_delay__paramet...
Compiling module xil_defaultlib.floating_multiply_carry_chain__p...
Compiling module xil_defaultlib.floating_multiply_xbip_pipe_v3_0...
Compiling module xil_defaultlib.floating_multiply_delay__paramet...
Compiling module xil_defaultlib.floating_multiply_xbip_pipe_v3_0...
Compiling module xil_defaultlib.floating_multiply_delay__paramet...
Compiling module xil_defaultlib.floating_multiply_carry_chain__p...
Compiling module xil_defaultlib.floating_multiply_flt_round_bit
Compiling module xil_defaultlib.floating_multiply_renorm_and_rou...
Compiling module xil_defaultlib.floating_multiply_flt_mult_round
Compiling module xil_defaultlib.floating_multiply_flt_mult
Compiling module xil_defaultlib.floating_multiply_xbip_pipe_v3_0...
Compiling module xil_defaultlib.floating_multiply_axi_slave_2to1
Compiling module xil_defaultlib.floating_multiply_floating_point...
Compiling module xil_defaultlib.floating_multiply_floating_point...
Compiling module xil_defaultlib.floating_multiply
Compiling architecture behavioral of entity xil_defaultlib.uyg114
Built simulation snapshot uyg114_behav
run_program: Time (s): cpu = 00:00:03 ; elapsed = 00:00:57 . Memory (MB): peak = 1359.188 ; gain = 0.000
INFO: [USF-XSim-69] 'elaborate' step finished in '57' seconds
INFO: [USF-XSim-4] XSim::Simulate design
INFO: [USF-XSim-61] Executing 'SIMULATE' step in 'E:/bildiri ve makaleler/kitap/fpga/uygulamalar/prj_bolum11_uyg4/prj_bolum11_uyg4.sim/sim_1/behav/xsim'
INFO: [USF-XSim-98] *** Running xsim
   with args "uyg114_behav -key {Behavioral:sim_1:Functional:uyg114} -tclbatch {uyg114.tcl} -log {simulate.log}"
INFO: [USF-XSim-8] Loading simulator feature
Vivado Simulator 2017.4
Time resolution is 1 ps
source uyg114.tcl
# set curr_wave [current_wave_config]
# if { [string length $curr_wave] == 0 } {
#   if { [llength [get_objects]] > 0} {
#     add_wave /
#     set_property needs_save false [current_wave_config]
#   } else {
#      send_msg_id Add_Wave-1 WARNING "No top level signals found. Simulator will start without a wave window. If you want to open a wave window go to 'File->New Waveform Configuration' or type 'create_wave_config' in the TCL console."
#   }
# }
# run 1000ns
xsim: Time (s): cpu = 00:00:06 ; elapsed = 00:00:05 . Memory (MB): peak = 1359.188 ; gain = 0.000
INFO: [USF-XSim-96] XSim completed. Design snapshot 'uyg114_behav' loaded.
INFO: [USF-XSim-97] XSim simulation ran for 1000ns
launch_simulation: Time (s): cpu = 00:00:13 ; elapsed = 00:01:56 . Memory (MB): peak = 1359.188 ; gain = 0.000
close_sim
INFO: [Simtcl 6-16] Simulation closed
launch_simulation
INFO: [Vivado 12-5698] Checking validity of IPs in the design for the 'XSim' simulator...
INFO: [Vivado 12-5682] Launching behavioral simulation in 'E:/bildiri ve makaleler/kitap/fpga/uygulamalar/prj_bolum11_uyg4/prj_bolum11_uyg4.sim/sim_1/behav/xsim'
INFO: [Vivado 12-4795] Using compiled simulation libraries for IPs
INFO: [SIM-utils-51] Simulation object is 'sim_1'
INFO: [USF-XSim-7] Finding pre-compiled libraries...
INFO: [USF-XSim-11] File 'C:/Xilinx/Vivado/2017.4/data/xsim/ip/xsim_ip.ini' copied to run dir:'E:/bildiri ve makaleler/kitap/fpga/uygulamalar/prj_bolum11_uyg4/prj_bolum11_uyg4.sim/sim_1/behav/xsim'
INFO: [SIM-utils-54] Inspecting design source files for 'uyg114' in fileset 'sim_1'...
INFO: [USF-XSim-97] Finding global include files...
INFO: [USF-XSim-98] Fetching design files from 'sim_1'...
INFO: [USF-XSim-2] XSim::Compile design
INFO: [USF-XSim-61] Executing 'COMPILE and ANALYZE' step in 'E:/bildiri ve makaleler/kitap/fpga/uygulamalar/prj_bolum11_uyg4/prj_bolum11_uyg4.sim/sim_1/behav/xsim'
"xvlog --incr --relax -prj uyg114_vlog.prj"
INFO: [VRFC 10-2263] Analyzing Verilog file "E:/bildiri ve makaleler/kitap/fpga/uygulamalar/prj_bolum11_uyg4/prj_bolum11_uyg4.srcs/sources_1/ip/floating_multiply/floating_multiply_sim_netlist.v" into library xil_defaultlib
INFO: [VRFC 10-311] analyzing module floating_multiply
INFO: [VRFC 10-311] analyzing module floating_multiply_floating_point_v7_1_5
INFO: [VRFC 10-311] analyzing module floating_multiply_axi_slave_2to1
INFO: [VRFC 10-311] analyzing module floating_multiply_carry_chain
INFO: [VRFC 10-311] analyzing module floating_multiply_carry_chain__parameterized0
INFO: [VRFC 10-311] analyzing module floating_multiply_carry_chain__parameterized0_15
INFO: [VRFC 10-311] analyzing module floating_multiply_carry_chain__parameterized1
INFO: [VRFC 10-311] analyzing module floating_multiply_carry_chain__parameterized2
INFO: [VRFC 10-311] analyzing module floating_multiply_carry_chain__parameterized3
INFO: [VRFC 10-311] analyzing module floating_multiply_carry_chain__parameterized4
INFO: [VRFC 10-311] analyzing module floating_multiply_compare_eq_im
INFO: [VRFC 10-311] analyzing module floating_multiply_compare_eq_im_14
INFO: [VRFC 10-311] analyzing module floating_multiply_delay
INFO: [VRFC 10-311] analyzing module floating_multiply_delay__parameterized0
INFO: [VRFC 10-311] analyzing module floating_multiply_delay__parameterized0_2
INFO: [VRFC 10-311] analyzing module floating_multiply_delay__parameterized10
INFO: [VRFC 10-311] analyzing module floating_multiply_delay__parameterized11
INFO: [VRFC 10-311] analyzing module floating_multiply_delay__parameterized12
INFO: [VRFC 10-311] analyzing module floating_multiply_delay__parameterized14
INFO: [VRFC 10-311] analyzing module floating_multiply_delay__parameterized16
INFO: [VRFC 10-311] analyzing module floating_multiply_delay__parameterized17
INFO: [VRFC 10-311] analyzing module floating_multiply_delay__parameterized18
INFO: [VRFC 10-311] analyzing module floating_multiply_delay__parameterized19
INFO: [VRFC 10-311] analyzing module floating_multiply_delay__parameterized19_5
INFO: [VRFC 10-311] analyzing module floating_multiply_delay__parameterized24
INFO: [VRFC 10-311] analyzing module floating_multiply_delay__parameterized25
INFO: [VRFC 10-311] analyzing module floating_multiply_delay__parameterized25_0
INFO: [VRFC 10-311] analyzing module floating_multiply_delay__parameterized29
INFO: [VRFC 10-311] analyzing module floating_multiply_delay__parameterized30
INFO: [VRFC 10-311] analyzing module floating_multiply_delay__parameterized4
INFO: [VRFC 10-311] analyzing module floating_multiply_delay__parameterized6
INFO: [VRFC 10-311] analyzing module floating_multiply_delay__parameterized6_12
INFO: [VRFC 10-311] analyzing module floating_multiply_delay__parameterized6_13
INFO: [VRFC 10-311] analyzing module floating_multiply_delay__parameterized6_8
INFO: [VRFC 10-311] analyzing module floating_multiply_delay__parameterized6_9
INFO: [VRFC 10-311] analyzing module floating_multiply_delay__parameterized7
INFO: [VRFC 10-311] analyzing module floating_multiply_delay_line__parameterized5
INFO: [VRFC 10-311] analyzing module floating_multiply_dsp
INFO: [VRFC 10-311] analyzing module floating_multiply_fix_mult
INFO: [VRFC 10-311] analyzing module floating_multiply_fix_mult_xx
INFO: [VRFC 10-311] analyzing module floating_multiply_floating_point_v7_1_5_viv
INFO: [VRFC 10-311] analyzing module floating_multiply_flt_dec_op_lat
INFO: [VRFC 10-311] analyzing module floating_multiply_flt_mult
INFO: [VRFC 10-311] analyzing module floating_multiply_flt_mult_exp
INFO: [VRFC 10-311] analyzing module floating_multiply_flt_mult_round
INFO: [VRFC 10-311] analyzing module floating_multiply_flt_round_bit
INFO: [VRFC 10-311] analyzing module floating_multiply_mult_gen_v12_0_13_viv
INFO: [VRFC 10-311] analyzing module floating_multiply_renorm_and_round_logic
INFO: [VRFC 10-311] analyzing module floating_multiply_special_detect
INFO: [VRFC 10-311] analyzing module floating_multiply_special_detect_4
INFO: [VRFC 10-311] analyzing module floating_multiply_xbip_pipe_v3_0_4_viv
INFO: [VRFC 10-311] analyzing module floating_multiply_xbip_pipe_v3_0_4_viv__parameterized1
INFO: [VRFC 10-311] analyzing module floating_multiply_xbip_pipe_v3_0_4_viv__parameterized11
INFO: [VRFC 10-311] analyzing module floating_multiply_xbip_pipe_v3_0_4_viv__parameterized15
INFO: [VRFC 10-311] analyzing module floating_multiply_xbip_pipe_v3_0_4_viv__parameterized15_10
INFO: [VRFC 10-311] analyzing module floating_multiply_xbip_pipe_v3_0_4_viv__parameterized15_11
INFO: [VRFC 10-311] analyzing module floating_multiply_xbip_pipe_v3_0_4_viv__parameterized15_16
INFO: [VRFC 10-311] analyzing module floating_multiply_xbip_pipe_v3_0_4_viv__parameterized15_17
INFO: [VRFC 10-311] analyzing module floating_multiply_xbip_pipe_v3_0_4_viv__parameterized17
INFO: [VRFC 10-311] analyzing module floating_multiply_xbip_pipe_v3_0_4_viv__parameterized17_7
INFO: [VRFC 10-311] analyzing module floating_multiply_xbip_pipe_v3_0_4_viv__parameterized21
INFO: [VRFC 10-311] analyzing module floating_multiply_xbip_pipe_v3_0_4_viv__parameterized23
INFO: [VRFC 10-311] analyzing module floating_multiply_xbip_pipe_v3_0_4_viv__parameterized25
INFO: [VRFC 10-311] analyzing module floating_multiply_xbip_pipe_v3_0_4_viv__parameterized27
INFO: [VRFC 10-311] analyzing module floating_multiply_xbip_pipe_v3_0_4_viv__parameterized3
INFO: [VRFC 10-311] analyzing module floating_multiply_xbip_pipe_v3_0_4_viv__parameterized31
INFO: [VRFC 10-311] analyzing module floating_multiply_xbip_pipe_v3_0_4_viv__parameterized33
INFO: [VRFC 10-311] analyzing module floating_multiply_xbip_pipe_v3_0_4_viv__parameterized35
INFO: [VRFC 10-311] analyzing module floating_multiply_xbip_pipe_v3_0_4_viv__parameterized37
INFO: [VRFC 10-311] analyzing module floating_multiply_xbip_pipe_v3_0_4_viv__parameterized37_6
INFO: [VRFC 10-311] analyzing module floating_multiply_xbip_pipe_v3_0_4_viv__parameterized3_3
INFO: [VRFC 10-311] analyzing module floating_multiply_xbip_pipe_v3_0_4_viv__parameterized47
INFO: [VRFC 10-311] analyzing module floating_multiply_xbip_pipe_v3_0_4_viv__parameterized47_1
INFO: [VRFC 10-311] analyzing module floating_multiply_xbip_pipe_v3_0_4_viv__parameterized53
INFO: [VRFC 10-311] analyzing module floating_multiply_xbip_pipe_v3_0_4_viv__parameterized55
INFO: [VRFC 10-311] analyzing module glbl
"xvhdl --incr --relax -prj uyg114_vhdl.prj"
INFO: [VRFC 10-163] Analyzing VHDL file "E:/bildiri ve makaleler/kitap/fpga/uygulamalar/prj_bolum11_uyg4/prj_bolum11_uyg4.srcs/sources_1/new/uyg114.vhd" into library xil_defaultlib
INFO: [VRFC 10-307] analyzing entity uyg114
ERROR: [VRFC 10-91] s1 is not declared [E:/bildiri ve makaleler/kitap/fpga/uygulamalar/prj_bolum11_uyg4/prj_bolum11_uyg4.srcs/sources_1/new/uyg114.vhd:65]
ERROR: [VRFC 10-91] s2 is not declared [E:/bildiri ve makaleler/kitap/fpga/uygulamalar/prj_bolum11_uyg4/prj_bolum11_uyg4.srcs/sources_1/new/uyg114.vhd:68]
ERROR: [VRFC 10-91] sonuc_div is not declared [E:/bildiri ve makaleler/kitap/fpga/uygulamalar/prj_bolum11_uyg4/prj_bolum11_uyg4.srcs/sources_1/new/uyg114.vhd:71]
ERROR: [VRFC 10-283] actual of formal out port m_axis_result_tdata cannot be an expression [E:/bildiri ve makaleler/kitap/fpga/uygulamalar/prj_bolum11_uyg4/prj_bolum11_uyg4.srcs/sources_1/new/uyg114.vhd:71]
ERROR: [VRFC 10-91] s1 is not declared [E:/bildiri ve makaleler/kitap/fpga/uygulamalar/prj_bolum11_uyg4/prj_bolum11_uyg4.srcs/sources_1/new/uyg114.vhd:79]
ERROR: [VRFC 10-91] s2 is not declared [E:/bildiri ve makaleler/kitap/fpga/uygulamalar/prj_bolum11_uyg4/prj_bolum11_uyg4.srcs/sources_1/new/uyg114.vhd:82]
ERROR: [VRFC 10-91] sonuc_mul is not declared [E:/bildiri ve makaleler/kitap/fpga/uygulamalar/prj_bolum11_uyg4/prj_bolum11_uyg4.srcs/sources_1/new/uyg114.vhd:85]
ERROR: [VRFC 10-283] actual of formal out port m_axis_result_tdata cannot be an expression [E:/bildiri ve makaleler/kitap/fpga/uygulamalar/prj_bolum11_uyg4/prj_bolum11_uyg4.srcs/sources_1/new/uyg114.vhd:85]
ERROR: [VRFC 10-1504] unit behavioral ignored due to previous errors [E:/bildiri ve makaleler/kitap/fpga/uygulamalar/prj_bolum11_uyg4/prj_bolum11_uyg4.srcs/sources_1/new/uyg114.vhd:17]
INFO: [VRFC 10-240] VHDL file E:/bildiri ve makaleler/kitap/fpga/uygulamalar/prj_bolum11_uyg4/prj_bolum11_uyg4.srcs/sources_1/new/uyg114.vhd ignored due to errors
run_program: Time (s): cpu = 00:00:01 ; elapsed = 00:00:23 . Memory (MB): peak = 1359.188 ; gain = 0.000
INFO: [USF-XSim-69] 'compile' step finished in '23' seconds
INFO: [USF-XSim-99] Step results log file:'E:/bildiri ve makaleler/kitap/fpga/uygulamalar/prj_bolum11_uyg4/prj_bolum11_uyg4.sim/sim_1/behav/xsim/xvhdl.log'
ERROR: [USF-XSim-62] 'compile' step failed with error(s). Please check the Tcl console output or 'E:/bildiri ve makaleler/kitap/fpga/uygulamalar/prj_bolum11_uyg4/prj_bolum11_uyg4.sim/sim_1/behav/xsim/xvhdl.log' file for more information.
ERROR: [Vivado 12-4473] Detected error while running simulation. Please correct the issue and retry this operation.
launch_simulation: Time (s): cpu = 00:00:02 ; elapsed = 00:00:25 . Memory (MB): peak = 1359.188 ; gain = 0.000
ERROR: [Common 17-39] 'launch_simulation' failed due to earlier errors.
launch_simulation
INFO: [Vivado 12-5698] Checking validity of IPs in the design for the 'XSim' simulator...
INFO: [Vivado 12-5682] Launching behavioral simulation in 'E:/bildiri ve makaleler/kitap/fpga/uygulamalar/prj_bolum11_uyg4/prj_bolum11_uyg4.sim/sim_1/behav/xsim'
INFO: [Vivado 12-4795] Using compiled simulation libraries for IPs
INFO: [SIM-utils-51] Simulation object is 'sim_1'
INFO: [USF-XSim-7] Finding pre-compiled libraries...
INFO: [USF-XSim-11] File 'C:/Xilinx/Vivado/2017.4/data/xsim/ip/xsim_ip.ini' copied to run dir:'E:/bildiri ve makaleler/kitap/fpga/uygulamalar/prj_bolum11_uyg4/prj_bolum11_uyg4.sim/sim_1/behav/xsim'
INFO: [SIM-utils-54] Inspecting design source files for 'uyg114' in fileset 'sim_1'...
INFO: [USF-XSim-97] Finding global include files...
INFO: [USF-XSim-98] Fetching design files from 'sim_1'...
INFO: [USF-XSim-2] XSim::Compile design
INFO: [USF-XSim-61] Executing 'COMPILE and ANALYZE' step in 'E:/bildiri ve makaleler/kitap/fpga/uygulamalar/prj_bolum11_uyg4/prj_bolum11_uyg4.sim/sim_1/behav/xsim'
"xvlog --incr --relax -prj uyg114_vlog.prj"
INFO: [VRFC 10-2263] Analyzing Verilog file "E:/bildiri ve makaleler/kitap/fpga/uygulamalar/prj_bolum11_uyg4/prj_bolum11_uyg4.srcs/sources_1/ip/floating_divide/floating_divide_sim_netlist.v" into library xil_defaultlib
INFO: [VRFC 10-311] analyzing module floating_divide
INFO: [VRFC 10-311] analyzing module floating_divide_floating_point_v7_1_5
INFO: [VRFC 10-311] analyzing module floating_divide_axi_slave_2to1
INFO: [VRFC 10-311] analyzing module floating_divide_carry_chain
INFO: [VRFC 10-311] analyzing module floating_divide_carry_chain_102
INFO: [VRFC 10-311] analyzing module floating_divide_carry_chain_106
INFO: [VRFC 10-311] analyzing module floating_divide_carry_chain_111
INFO: [VRFC 10-311] analyzing module floating_divide_carry_chain_115
INFO: [VRFC 10-311] analyzing module floating_divide_carry_chain_119
INFO: [VRFC 10-311] analyzing module floating_divide_carry_chain_123
INFO: [VRFC 10-311] analyzing module floating_divide_carry_chain_127
INFO: [VRFC 10-311] analyzing module floating_divide_carry_chain_131
INFO: [VRFC 10-311] analyzing module floating_divide_carry_chain_135
INFO: [VRFC 10-311] analyzing module floating_divide_carry_chain_139
INFO: [VRFC 10-311] analyzing module floating_divide_carry_chain_143
INFO: [VRFC 10-311] analyzing module floating_divide_carry_chain_147
INFO: [VRFC 10-311] analyzing module floating_divide_carry_chain_151
INFO: [VRFC 10-311] analyzing module floating_divide_carry_chain_155
INFO: [VRFC 10-311] analyzing module floating_divide_carry_chain_57
INFO: [VRFC 10-311] analyzing module floating_divide_carry_chain_61
INFO: [VRFC 10-311] analyzing module floating_divide_carry_chain_65
INFO: [VRFC 10-311] analyzing module floating_divide_carry_chain_69
INFO: [VRFC 10-311] analyzing module floating_divide_carry_chain_73
INFO: [VRFC 10-311] analyzing module floating_divide_carry_chain_77
INFO: [VRFC 10-311] analyzing module floating_divide_carry_chain_81
INFO: [VRFC 10-311] analyzing module floating_divide_carry_chain_85
INFO: [VRFC 10-311] analyzing module floating_divide_carry_chain_90
INFO: [VRFC 10-311] analyzing module floating_divide_carry_chain_94
INFO: [VRFC 10-311] analyzing module floating_divide_carry_chain_98
INFO: [VRFC 10-311] analyzing module floating_divide_carry_chain__parameterized0
INFO: [VRFC 10-311] analyzing module floating_divide_carry_chain__parameterized1
INFO: [VRFC 10-311] analyzing module floating_divide_carry_chain__parameterized2
INFO: [VRFC 10-311] analyzing module floating_divide_carry_chain__parameterized3
INFO: [VRFC 10-311] analyzing module floating_divide_delay
INFO: [VRFC 10-311] analyzing module floating_divide_delay_11
INFO: [VRFC 10-311] analyzing module floating_divide_delay_13
INFO: [VRFC 10-311] analyzing module floating_divide_delay_15
INFO: [VRFC 10-311] analyzing module floating_divide_delay_17
INFO: [VRFC 10-311] analyzing module floating_divide_delay_19
INFO: [VRFC 10-311] analyzing module floating_divide_delay_21
INFO: [VRFC 10-311] analyzing module floating_divide_delay_23
INFO: [VRFC 10-311] analyzing module floating_divide_delay_25
INFO: [VRFC 10-311] analyzing module floating_divide_delay_27
INFO: [VRFC 10-311] analyzing module floating_divide_delay_29
INFO: [VRFC 10-311] analyzing module floating_divide_delay_31
INFO: [VRFC 10-311] analyzing module floating_divide_delay_33
INFO: [VRFC 10-311] analyzing module floating_divide_delay_35
INFO: [VRFC 10-311] analyzing module floating_divide_delay_40
INFO: [VRFC 10-311] analyzing module floating_divide_delay_43
INFO: [VRFC 10-311] analyzing module floating_divide_delay_45
INFO: [VRFC 10-311] analyzing module floating_divide_delay_47
INFO: [VRFC 10-311] analyzing module floating_divide_delay_49
INFO: [VRFC 10-311] analyzing module floating_divide_delay_5
INFO: [VRFC 10-311] analyzing module floating_divide_delay_51
INFO: [VRFC 10-311] analyzing module floating_divide_delay_53
INFO: [VRFC 10-311] analyzing module floating_divide_delay_55
INFO: [VRFC 10-311] analyzing module floating_divide_delay_7
INFO: [VRFC 10-311] analyzing module floating_divide_delay_9
INFO: [VRFC 10-311] analyzing module floating_divide_delay__parameterized10
INFO: [VRFC 10-311] analyzing module floating_divide_delay__parameterized11
INFO: [VRFC 10-311] analyzing module floating_divide_delay__parameterized12
INFO: [VRFC 10-311] analyzing module floating_divide_delay__parameterized13
INFO: [VRFC 10-311] analyzing module floating_divide_delay__parameterized14
INFO: [VRFC 10-311] analyzing module floating_divide_delay__parameterized15
INFO: [VRFC 10-311] analyzing module floating_divide_delay__parameterized16
INFO: [VRFC 10-311] analyzing module floating_divide_delay__parameterized17
INFO: [VRFC 10-311] analyzing module floating_divide_delay__parameterized18
INFO: [VRFC 10-311] analyzing module floating_divide_delay__parameterized19
INFO: [VRFC 10-311] analyzing module floating_divide_delay__parameterized2
INFO: [VRFC 10-311] analyzing module floating_divide_delay__parameterized20
INFO: [VRFC 10-311] analyzing module floating_divide_delay__parameterized21
INFO: [VRFC 10-311] analyzing module floating_divide_delay__parameterized27
INFO: [VRFC 10-311] analyzing module floating_divide_delay__parameterized27_0
INFO: [VRFC 10-311] analyzing module floating_divide_delay__parameterized2_103
INFO: [VRFC 10-311] analyzing module floating_divide_delay__parameterized2_107
INFO: [VRFC 10-311] analyzing module floating_divide_delay__parameterized2_112
INFO: [VRFC 10-311] analyzing module floating_divide_delay__parameterized2_116
INFO: [VRFC 10-311] analyzing module floating_divide_delay__parameterized2_120
INFO: [VRFC 10-311] analyzing module floating_divide_delay__parameterized2_124
INFO: [VRFC 10-311] analyzing module floating_divide_delay__parameterized2_128
INFO: [VRFC 10-311] analyzing module floating_divide_delay__parameterized2_132
INFO: [VRFC 10-311] analyzing module floating_divide_delay__parameterized2_136
INFO: [VRFC 10-311] analyzing module floating_divide_delay__parameterized2_140
INFO: [VRFC 10-311] analyzing module floating_divide_delay__parameterized2_144
INFO: [VRFC 10-311] analyzing module floating_divide_delay__parameterized2_148
INFO: [VRFC 10-311] analyzing module floating_divide_delay__parameterized2_152
INFO: [VRFC 10-311] analyzing module floating_divide_delay__parameterized2_156
INFO: [VRFC 10-311] analyzing module floating_divide_delay__parameterized2_58
INFO: [VRFC 10-311] analyzing module floating_divide_delay__parameterized2_62
INFO: [VRFC 10-311] analyzing module floating_divide_delay__parameterized2_66
INFO: [VRFC 10-311] analyzing module floating_divide_delay__parameterized2_70
INFO: [VRFC 10-311] analyzing module floating_divide_delay__parameterized2_74
INFO: [VRFC 10-311] analyzing module floating_divide_delay__parameterized2_78
INFO: [VRFC 10-311] analyzing module floating_divide_delay__parameterized2_82
INFO: [VRFC 10-311] analyzing module floating_divide_delay__parameterized2_86
INFO: [VRFC 10-311] analyzing module floating_divide_delay__parameterized2_91
INFO: [VRFC 10-311] analyzing module floating_divide_delay__parameterized2_95
INFO: [VRFC 10-311] analyzing module floating_divide_delay__parameterized2_99
INFO: [VRFC 10-311] analyzing module floating_divide_delay__parameterized3
INFO: [VRFC 10-311] analyzing module floating_divide_delay__parameterized32
INFO: [VRFC 10-311] analyzing module floating_divide_delay__parameterized32_1
INFO: [VRFC 10-311] analyzing module floating_divide_delay__parameterized3_36
INFO: [VRFC 10-311] analyzing module floating_divide_delay__parameterized3_38
INFO: [VRFC 10-311] analyzing module floating_divide_delay__parameterized3_41
INFO: [VRFC 10-311] analyzing module floating_divide_delay__parameterized6
INFO: [VRFC 10-311] analyzing module floating_divide_delay__parameterized7
INFO: [VRFC 10-311] analyzing module floating_divide_delay__parameterized7_165
INFO: [VRFC 10-311] analyzing module floating_divide_delay__parameterized8
INFO: [VRFC 10-311] analyzing module floating_divide_delay__parameterized8_160
INFO: [VRFC 10-311] analyzing module floating_divide_delay__parameterized8_163
INFO: [VRFC 10-311] analyzing module floating_divide_delay__parameterized8_164
INFO: [VRFC 10-311] analyzing module floating_divide_delay__parameterized9
INFO: [VRFC 10-311] analyzing module floating_divide_floating_point_v7_1_5_viv
INFO: [VRFC 10-311] analyzing module floating_divide_flt_dec_op_lat
INFO: [VRFC 10-311] analyzing module floating_divide_flt_div
INFO: [VRFC 10-311] analyzing module floating_divide_flt_div_exp
INFO: [VRFC 10-311] analyzing module floating_divide_flt_div_mant
INFO: [VRFC 10-311] analyzing module floating_divide_flt_div_mant_addsub
INFO: [VRFC 10-311] analyzing module floating_divide_flt_div_mant_addsub_10
INFO: [VRFC 10-311] analyzing module floating_divide_flt_div_mant_addsub_12
INFO: [VRFC 10-311] analyzing module floating_divide_flt_div_mant_addsub_14
INFO: [VRFC 10-311] analyzing module floating_divide_flt_div_mant_addsub_16
INFO: [VRFC 10-311] analyzing module floating_divide_flt_div_mant_addsub_18
INFO: [VRFC 10-311] analyzing module floating_divide_flt_div_mant_addsub_20
INFO: [VRFC 10-311] analyzing module floating_divide_flt_div_mant_addsub_22
INFO: [VRFC 10-311] analyzing module floating_divide_flt_div_mant_addsub_24
INFO: [VRFC 10-311] analyzing module floating_divide_flt_div_mant_addsub_26
INFO: [VRFC 10-311] analyzing module floating_divide_flt_div_mant_addsub_28
INFO: [VRFC 10-311] analyzing module floating_divide_flt_div_mant_addsub_30
INFO: [VRFC 10-311] analyzing module floating_divide_flt_div_mant_addsub_32
INFO: [VRFC 10-311] analyzing module floating_divide_flt_div_mant_addsub_34
INFO: [VRFC 10-311] analyzing module floating_divide_flt_div_mant_addsub_37
INFO: [VRFC 10-311] analyzing module floating_divide_flt_div_mant_addsub_39
INFO: [VRFC 10-311] analyzing module floating_divide_flt_div_mant_addsub_4
INFO: [VRFC 10-311] analyzing module floating_divide_flt_div_mant_addsub_42
INFO: [VRFC 10-311] analyzing module floating_divide_flt_div_mant_addsub_44
INFO: [VRFC 10-311] analyzing module floating_divide_flt_div_mant_addsub_46
INFO: [VRFC 10-311] analyzing module floating_divide_flt_div_mant_addsub_48
INFO: [VRFC 10-311] analyzing module floating_divide_flt_div_mant_addsub_50
INFO: [VRFC 10-311] analyzing module floating_divide_flt_div_mant_addsub_52
INFO: [VRFC 10-311] analyzing module floating_divide_flt_div_mant_addsub_54
INFO: [VRFC 10-311] analyzing module floating_divide_flt_div_mant_addsub_6
INFO: [VRFC 10-311] analyzing module floating_divide_flt_div_mant_addsub_8
INFO: [VRFC 10-311] analyzing module floating_divide_flt_round_bit
INFO: [VRFC 10-311] analyzing module floating_divide_renorm_and_round_logic
INFO: [VRFC 10-311] analyzing module floating_divide_special_detect
INFO: [VRFC 10-311] analyzing module floating_divide_special_detect_158
INFO: [VRFC 10-311] analyzing module floating_divide_xbip_pipe_v3_0_4_viv
INFO: [VRFC 10-311] analyzing module floating_divide_xbip_pipe_v3_0_4_viv__parameterized1
INFO: [VRFC 10-311] analyzing module floating_divide_xbip_pipe_v3_0_4_viv__parameterized11
INFO: [VRFC 10-311] analyzing module floating_divide_xbip_pipe_v3_0_4_viv__parameterized15
INFO: [VRFC 10-311] analyzing module floating_divide_xbip_pipe_v3_0_4_viv__parameterized17
INFO: [VRFC 10-311] analyzing module floating_divide_xbip_pipe_v3_0_4_viv__parameterized17_161
INFO: [VRFC 10-311] analyzing module floating_divide_xbip_pipe_v3_0_4_viv__parameterized17_162
INFO: [VRFC 10-311] analyzing module floating_divide_xbip_pipe_v3_0_4_viv__parameterized17_166
INFO: [VRFC 10-311] analyzing module floating_divide_xbip_pipe_v3_0_4_viv__parameterized17_167
INFO: [VRFC 10-311] analyzing module floating_divide_xbip_pipe_v3_0_4_viv__parameterized17_168
INFO: [VRFC 10-311] analyzing module floating_divide_xbip_pipe_v3_0_4_viv__parameterized19
INFO: [VRFC 10-311] analyzing module floating_divide_xbip_pipe_v3_0_4_viv__parameterized1_101
INFO: [VRFC 10-311] analyzing module floating_divide_xbip_pipe_v3_0_4_viv__parameterized1_105
INFO: [VRFC 10-311] analyzing module floating_divide_xbip_pipe_v3_0_4_viv__parameterized1_110
INFO: [VRFC 10-311] analyzing module floating_divide_xbip_pipe_v3_0_4_viv__parameterized1_114
INFO: [VRFC 10-311] analyzing module floating_divide_xbip_pipe_v3_0_4_viv__parameterized1_118
INFO: [VRFC 10-311] analyzing module floating_divide_xbip_pipe_v3_0_4_viv__parameterized1_122
INFO: [VRFC 10-311] analyzing module floating_divide_xbip_pipe_v3_0_4_viv__parameterized1_126
INFO: [VRFC 10-311] analyzing module floating_divide_xbip_pipe_v3_0_4_viv__parameterized1_130
INFO: [VRFC 10-311] analyzing module floating_divide_xbip_pipe_v3_0_4_viv__parameterized1_134
INFO: [VRFC 10-311] analyzing module floating_divide_xbip_pipe_v3_0_4_viv__parameterized1_138
INFO: [VRFC 10-311] analyzing module floating_divide_xbip_pipe_v3_0_4_viv__parameterized1_142
INFO: [VRFC 10-311] analyzing module floating_divide_xbip_pipe_v3_0_4_viv__parameterized1_146
INFO: [VRFC 10-311] analyzing module floating_divide_xbip_pipe_v3_0_4_viv__parameterized1_150
INFO: [VRFC 10-311] analyzing module floating_divide_xbip_pipe_v3_0_4_viv__parameterized1_154
INFO: [VRFC 10-311] analyzing module floating_divide_xbip_pipe_v3_0_4_viv__parameterized1_56
INFO: [VRFC 10-311] analyzing module floating_divide_xbip_pipe_v3_0_4_viv__parameterized1_60
INFO: [VRFC 10-311] analyzing module floating_divide_xbip_pipe_v3_0_4_viv__parameterized1_64
INFO: [VRFC 10-311] analyzing module floating_divide_xbip_pipe_v3_0_4_viv__parameterized1_68
INFO: [VRFC 10-311] analyzing module floating_divide_xbip_pipe_v3_0_4_viv__parameterized1_72
INFO: [VRFC 10-311] analyzing module floating_divide_xbip_pipe_v3_0_4_viv__parameterized1_76
INFO: [VRFC 10-311] analyzing module floating_divide_xbip_pipe_v3_0_4_viv__parameterized1_80
INFO: [VRFC 10-311] analyzing module floating_divide_xbip_pipe_v3_0_4_viv__parameterized1_89
INFO: [VRFC 10-311] analyzing module floating_divide_xbip_pipe_v3_0_4_viv__parameterized1_93
INFO: [VRFC 10-311] analyzing module floating_divide_xbip_pipe_v3_0_4_viv__parameterized1_97
INFO: [VRFC 10-311] analyzing module floating_divide_xbip_pipe_v3_0_4_viv__parameterized21
INFO: [VRFC 10-311] analyzing module floating_divide_xbip_pipe_v3_0_4_viv__parameterized23
INFO: [VRFC 10-311] analyzing module floating_divide_xbip_pipe_v3_0_4_viv__parameterized25
INFO: [VRFC 10-311] analyzing module floating_divide_xbip_pipe_v3_0_4_viv__parameterized25_159
INFO: [VRFC 10-311] analyzing module floating_divide_xbip_pipe_v3_0_4_viv__parameterized27
INFO: [VRFC 10-311] analyzing module floating_divide_xbip_pipe_v3_0_4_viv__parameterized29
INFO: [VRFC 10-311] analyzing module floating_divide_xbip_pipe_v3_0_4_viv__parameterized31
INFO: [VRFC 10-311] analyzing module floating_divide_xbip_pipe_v3_0_4_viv__parameterized33
INFO: [VRFC 10-311] analyzing module floating_divide_xbip_pipe_v3_0_4_viv__parameterized35
INFO: [VRFC 10-311] analyzing module floating_divide_xbip_pipe_v3_0_4_viv__parameterized37
INFO: [VRFC 10-311] analyzing module floating_divide_xbip_pipe_v3_0_4_viv__parameterized39
INFO: [VRFC 10-311] analyzing module floating_divide_xbip_pipe_v3_0_4_viv__parameterized49
INFO: [VRFC 10-311] analyzing module floating_divide_xbip_pipe_v3_0_4_viv__parameterized49_3
INFO: [VRFC 10-311] analyzing module floating_divide_xbip_pipe_v3_0_4_viv__parameterized57
INFO: [VRFC 10-311] analyzing module floating_divide_xbip_pipe_v3_0_4_viv__parameterized57_2
INFO: [VRFC 10-311] analyzing module floating_divide_xbip_pipe_v3_0_4_viv__parameterized7
INFO: [VRFC 10-311] analyzing module floating_divide_xbip_pipe_v3_0_4_viv__parameterized7_100
INFO: [VRFC 10-311] analyzing module floating_divide_xbip_pipe_v3_0_4_viv__parameterized7_104
INFO: [VRFC 10-311] analyzing module floating_divide_xbip_pipe_v3_0_4_viv__parameterized7_108
INFO: [VRFC 10-311] analyzing module floating_divide_xbip_pipe_v3_0_4_viv__parameterized7_113
INFO: [VRFC 10-311] analyzing module floating_divide_xbip_pipe_v3_0_4_viv__parameterized7_117
INFO: [VRFC 10-311] analyzing module floating_divide_xbip_pipe_v3_0_4_viv__parameterized7_121
INFO: [VRFC 10-311] analyzing module floating_divide_xbip_pipe_v3_0_4_viv__parameterized7_125
INFO: [VRFC 10-311] analyzing module floating_divide_xbip_pipe_v3_0_4_viv__parameterized7_129
INFO: [VRFC 10-311] analyzing module floating_divide_xbip_pipe_v3_0_4_viv__parameterized7_133
INFO: [VRFC 10-311] analyzing module floating_divide_xbip_pipe_v3_0_4_viv__parameterized7_137
INFO: [VRFC 10-311] analyzing module floating_divide_xbip_pipe_v3_0_4_viv__parameterized7_141
INFO: [VRFC 10-311] analyzing module floating_divide_xbip_pipe_v3_0_4_viv__parameterized7_145
INFO: [VRFC 10-311] analyzing module floating_divide_xbip_pipe_v3_0_4_viv__parameterized7_149
INFO: [VRFC 10-311] analyzing module floating_divide_xbip_pipe_v3_0_4_viv__parameterized7_153
INFO: [VRFC 10-311] analyzing module floating_divide_xbip_pipe_v3_0_4_viv__parameterized7_157
INFO: [VRFC 10-311] analyzing module floating_divide_xbip_pipe_v3_0_4_viv__parameterized7_59
INFO: [VRFC 10-311] analyzing module floating_divide_xbip_pipe_v3_0_4_viv__parameterized7_63
INFO: [VRFC 10-311] analyzing module floating_divide_xbip_pipe_v3_0_4_viv__parameterized7_67
INFO: [VRFC 10-311] analyzing module floating_divide_xbip_pipe_v3_0_4_viv__parameterized7_71
INFO: [VRFC 10-311] analyzing module floating_divide_xbip_pipe_v3_0_4_viv__parameterized7_75
INFO: [VRFC 10-311] analyzing module floating_divide_xbip_pipe_v3_0_4_viv__parameterized7_79
INFO: [VRFC 10-311] analyzing module floating_divide_xbip_pipe_v3_0_4_viv__parameterized7_83
INFO: [VRFC 10-311] analyzing module floating_divide_xbip_pipe_v3_0_4_viv__parameterized7_87
INFO: [VRFC 10-311] analyzing module floating_divide_xbip_pipe_v3_0_4_viv__parameterized7_92
INFO: [VRFC 10-311] analyzing module floating_divide_xbip_pipe_v3_0_4_viv__parameterized7_96
INFO: [VRFC 10-311] analyzing module floating_divide_xbip_pipe_v3_0_4_viv__parameterized9
INFO: [VRFC 10-311] analyzing module floating_divide_xbip_pipe_v3_0_4_viv__parameterized9_109
INFO: [VRFC 10-311] analyzing module floating_divide_xbip_pipe_v3_0_4_viv__parameterized9_84
INFO: [VRFC 10-311] analyzing module floating_divide_xbip_pipe_v3_0_4_viv__parameterized9_88
INFO: [VRFC 10-311] analyzing module glbl
"xvhdl --incr --relax -prj uyg114_vhdl.prj"
INFO: [VRFC 10-163] Analyzing VHDL file "E:/bildiri ve makaleler/kitap/fpga/uygulamalar/prj_bolum11_uyg4/prj_bolum11_uyg4.srcs/sources_1/new/uyg114.vhd" into library xil_defaultlib
INFO: [VRFC 10-307] analyzing entity uyg114
run_program: Time (s): cpu = 00:00:02 ; elapsed = 00:00:50 . Memory (MB): peak = 1359.188 ; gain = 0.000
INFO: [USF-XSim-69] 'compile' step finished in '50' seconds
INFO: [USF-XSim-3] XSim::Elaborate design
INFO: [USF-XSim-61] Executing 'ELABORATE' step in 'E:/bildiri ve makaleler/kitap/fpga/uygulamalar/prj_bolum11_uyg4/prj_bolum11_uyg4.sim/sim_1/behav/xsim'
Vivado Simulator 2017.4
Copyright 1986-1999, 2001-2016 Xilinx, Inc. All Rights Reserved.
Running: C:/Xilinx/Vivado/2017.4/bin/unwrapped/win64.o/xelab.exe -wto b1bb3d5fb5f94c2facb5ea9b71634abe --incr --debug typical --relax --mt 2 -L xil_defaultlib -L unisims_ver -L unimacro_ver -L secureip -L xpm --snapshot uyg114_behav xil_defaultlib.uyg114 xil_defaultlib.glbl -log elaborate.log 
Using 2 slave threads.
Starting static elaboration
Completed static elaboration
Starting simulation data flow analysis
Completed simulation data flow analysis
Time Resolution for simulation is 1ps
Compiling package std.standard
Compiling package std.textio
Compiling package ieee.std_logic_1164
Compiling package vl.vl_types
Compiling module xil_defaultlib.glbl
Compiling module unisims_ver.GND
Compiling module unisims_ver.VCC
Compiling module unisims_ver.FDRE_default
Compiling module xil_defaultlib.floating_divide_xbip_pipe_v3_0_4...
Compiling module xil_defaultlib.floating_divide_delay__parameter...
Compiling module unisims_ver.LUT4
Compiling module xil_defaultlib.floating_divide_xbip_pipe_v3_0_4...
Compiling module xil_defaultlib.floating_divide_delay__parameter...
Compiling module unisims_ver.x_lut2_mux4
Compiling module unisims_ver.LUT2
Compiling module unisims_ver.LUT6
Compiling module xil_defaultlib.floating_divide_xbip_pipe_v3_0_4...
Compiling module xil_defaultlib.floating_divide_delay__parameter...
Compiling module xil_defaultlib.floating_divide_special_detect
Compiling module xil_defaultlib.floating_divide_xbip_pipe_v3_0_4...
Compiling module xil_defaultlib.floating_divide_delay__parameter...
Compiling module xil_defaultlib.floating_divide_xbip_pipe_v3_0_4...
Compiling module xil_defaultlib.floating_divide_delay__parameter...
Compiling module xil_defaultlib.floating_divide_xbip_pipe_v3_0_4...
Compiling module xil_defaultlib.floating_divide_delay__parameter...
Compiling module xil_defaultlib.floating_divide_special_detect_1...
Compiling module xil_defaultlib.floating_divide_xbip_pipe_v3_0_4...
Compiling module xil_defaultlib.floating_divide_delay__parameter...
Compiling module unisims_ver.SRLC32E_default
Compiling module xil_defaultlib.floating_divide_xbip_pipe_v3_0_4...
Compiling module xil_defaultlib.floating_divide_delay__parameter...
Compiling module unisims_ver.LUT5
Compiling module xil_defaultlib.floating_divide_xbip_pipe_v3_0_4...
Compiling module xil_defaultlib.floating_divide_delay__parameter...
Compiling module xil_defaultlib.floating_divide_xbip_pipe_v3_0_4...
Compiling module xil_defaultlib.floating_divide_delay__parameter...
Compiling module xil_defaultlib.floating_divide_xbip_pipe_v3_0_4...
Compiling module xil_defaultlib.floating_divide_delay__parameter...
Compiling module xil_defaultlib.floating_divide_xbip_pipe_v3_0_4...
Compiling module xil_defaultlib.floating_divide_delay__parameter...
Compiling module xil_defaultlib.floating_divide_xbip_pipe_v3_0_4...
Compiling module xil_defaultlib.floating_divide_delay__parameter...
Compiling module xil_defaultlib.floating_divide_xbip_pipe_v3_0_4...
Compiling module xil_defaultlib.floating_divide_delay__parameter...
Compiling module xil_defaultlib.floating_divide_xbip_pipe_v3_0_4...
Compiling module xil_defaultlib.floating_divide_delay__parameter...
Compiling module xil_defaultlib.floating_divide_xbip_pipe_v3_0_4...
Compiling module xil_defaultlib.floating_divide_delay__parameter...
Compiling module unisims_ver.x_lut3_mux8
Compiling module unisims_ver.LUT3
Compiling module xil_defaultlib.floating_divide_xbip_pipe_v3_0_4...
Compiling module xil_defaultlib.floating_divide_delay__parameter...
Compiling module xil_defaultlib.floating_divide_xbip_pipe_v3_0_4...
Compiling module xil_defaultlib.floating_divide_delay__parameter...
Compiling module xil_defaultlib.floating_divide_xbip_pipe_v3_0_4...
Compiling module xil_defaultlib.floating_divide_delay__parameter...
Compiling module unisims_ver.x_lut1_mux2
Compiling module unisims_ver.LUT1
Compiling module xil_defaultlib.floating_divide_xbip_pipe_v3_0_4...
Compiling module xil_defaultlib.floating_divide_delay__parameter...
Compiling module unisims_ver.CARRY4
Compiling module xil_defaultlib.floating_divide_flt_div_exp
Compiling module xil_defaultlib.floating_divide_xbip_pipe_v3_0_4...
Compiling module xil_defaultlib.floating_divide_delay__parameter...
Compiling module xil_defaultlib.floating_divide_carry_chain_155
Compiling module xil_defaultlib.floating_divide_flt_div_mant_add...
Compiling module xil_defaultlib.floating_divide_xbip_pipe_v3_0_4...
Compiling module xil_defaultlib.floating_divide_delay
Compiling module xil_defaultlib.floating_divide_xbip_pipe_v3_0_4...
Compiling module xil_defaultlib.floating_divide_delay__parameter...
Compiling module xil_defaultlib.floating_divide_carry_chain_151
Compiling module xil_defaultlib.floating_divide_flt_div_mant_add...
Compiling module xil_defaultlib.floating_divide_xbip_pipe_v3_0_4...
Compiling module xil_defaultlib.floating_divide_delay_5
Compiling module xil_defaultlib.floating_divide_xbip_pipe_v3_0_4...
Compiling module xil_defaultlib.floating_divide_delay__parameter...
Compiling module xil_defaultlib.floating_divide_carry_chain_147
Compiling module xil_defaultlib.floating_divide_flt_div_mant_add...
Compiling module xil_defaultlib.floating_divide_xbip_pipe_v3_0_4...
Compiling module xil_defaultlib.floating_divide_delay_7
Compiling module xil_defaultlib.floating_divide_xbip_pipe_v3_0_4...
Compiling module xil_defaultlib.floating_divide_delay__parameter...
Compiling module xil_defaultlib.floating_divide_carry_chain_143
Compiling module xil_defaultlib.floating_divide_flt_div_mant_add...
Compiling module xil_defaultlib.floating_divide_xbip_pipe_v3_0_4...
Compiling module xil_defaultlib.floating_divide_delay_9
Compiling module xil_defaultlib.floating_divide_xbip_pipe_v3_0_4...
Compiling module xil_defaultlib.floating_divide_delay__parameter...
Compiling module xil_defaultlib.floating_divide_carry_chain_139
Compiling module xil_defaultlib.floating_divide_flt_div_mant_add...
Compiling module xil_defaultlib.floating_divide_xbip_pipe_v3_0_4...
Compiling module xil_defaultlib.floating_divide_delay_11
Compiling module xil_defaultlib.floating_divide_xbip_pipe_v3_0_4...
Compiling module xil_defaultlib.floating_divide_delay__parameter...
Compiling module xil_defaultlib.floating_divide_carry_chain_135
Compiling module xil_defaultlib.floating_divide_flt_div_mant_add...
Compiling module xil_defaultlib.floating_divide_xbip_pipe_v3_0_4...
Compiling module xil_defaultlib.floating_divide_delay_13
Compiling module xil_defaultlib.floating_divide_xbip_pipe_v3_0_4...
Compiling module xil_defaultlib.floating_divide_delay__parameter...
Compiling module xil_defaultlib.floating_divide_carry_chain_131
Compiling module xil_defaultlib.floating_divide_flt_div_mant_add...
Compiling module xil_defaultlib.floating_divide_xbip_pipe_v3_0_4...
Compiling module xil_defaultlib.floating_divide_delay_15
Compiling module xil_defaultlib.floating_divide_xbip_pipe_v3_0_4...
Compiling module xil_defaultlib.floating_divide_delay__parameter...
Compiling module xil_defaultlib.floating_divide_carry_chain_127
Compiling module xil_defaultlib.floating_divide_flt_div_mant_add...
Compiling module xil_defaultlib.floating_divide_xbip_pipe_v3_0_4...
Compiling module xil_defaultlib.floating_divide_delay_17
Compiling module xil_defaultlib.floating_divide_xbip_pipe_v3_0_4...
Compiling module xil_defaultlib.floating_divide_delay__parameter...
Compiling module xil_defaultlib.floating_divide_carry_chain_123
Compiling module xil_defaultlib.floating_divide_flt_div_mant_add...
Compiling module xil_defaultlib.floating_divide_xbip_pipe_v3_0_4...
Compiling module xil_defaultlib.floating_divide_delay_19
Compiling module xil_defaultlib.floating_divide_xbip_pipe_v3_0_4...
Compiling module xil_defaultlib.floating_divide_delay__parameter...
Compiling module xil_defaultlib.floating_divide_carry_chain_119
Compiling module xil_defaultlib.floating_divide_flt_div_mant_add...
Compiling module xil_defaultlib.floating_divide_xbip_pipe_v3_0_4...
Compiling module xil_defaultlib.floating_divide_delay_21
Compiling module xil_defaultlib.floating_divide_xbip_pipe_v3_0_4...
Compiling module xil_defaultlib.floating_divide_delay__parameter...
Compiling module xil_defaultlib.floating_divide_carry_chain_115
Compiling module xil_defaultlib.floating_divide_flt_div_mant_add...
Compiling module xil_defaultlib.floating_divide_xbip_pipe_v3_0_4...
Compiling module xil_defaultlib.floating_divide_delay_23
Compiling module xil_defaultlib.floating_divide_xbip_pipe_v3_0_4...
Compiling module xil_defaultlib.floating_divide_delay__parameter...
Compiling module xil_defaultlib.floating_divide_carry_chain_111
Compiling module xil_defaultlib.floating_divide_flt_div_mant_add...
Compiling module xil_defaultlib.floating_divide_xbip_pipe_v3_0_4...
Compiling module xil_defaultlib.floating_divide_delay_25
Compiling module xil_defaultlib.floating_divide_xbip_pipe_v3_0_4...
Compiling module xil_defaultlib.floating_divide_delay__parameter...
Compiling module xil_defaultlib.floating_divide_xbip_pipe_v3_0_4...
Compiling module xil_defaultlib.floating_divide_delay__parameter...
Compiling module xil_defaultlib.floating_divide_carry_chain_106
Compiling module xil_defaultlib.floating_divide_flt_div_mant_add...
Compiling module xil_defaultlib.floating_divide_xbip_pipe_v3_0_4...
Compiling module xil_defaultlib.floating_divide_delay_27
Compiling module xil_defaultlib.floating_divide_xbip_pipe_v3_0_4...
Compiling module xil_defaultlib.floating_divide_delay__parameter...
Compiling module xil_defaultlib.floating_divide_carry_chain_102
Compiling module xil_defaultlib.floating_divide_flt_div_mant_add...
Compiling module xil_defaultlib.floating_divide_xbip_pipe_v3_0_4...
Compiling module xil_defaultlib.floating_divide_delay_29
Compiling module xil_defaultlib.floating_divide_xbip_pipe_v3_0_4...
Compiling module xil_defaultlib.floating_divide_delay__parameter...
Compiling module xil_defaultlib.floating_divide_carry_chain_98
Compiling module xil_defaultlib.floating_divide_flt_div_mant_add...
Compiling module xil_defaultlib.floating_divide_xbip_pipe_v3_0_4...
Compiling module xil_defaultlib.floating_divide_delay_31
Compiling module xil_defaultlib.floating_divide_xbip_pipe_v3_0_4...
Compiling module xil_defaultlib.floating_divide_delay__parameter...
Compiling module xil_defaultlib.floating_divide_carry_chain_94
Compiling module xil_defaultlib.floating_divide_flt_div_mant_add...
Compiling module xil_defaultlib.floating_divide_xbip_pipe_v3_0_4...
Compiling module xil_defaultlib.floating_divide_delay_33
Compiling module xil_defaultlib.floating_divide_xbip_pipe_v3_0_4...
Compiling module xil_defaultlib.floating_divide_delay__parameter...
Compiling module xil_defaultlib.floating_divide_carry_chain_90
Compiling module xil_defaultlib.floating_divide_flt_div_mant_add...
Compiling module xil_defaultlib.floating_divide_xbip_pipe_v3_0_4...
Compiling module xil_defaultlib.floating_divide_delay_35
Compiling module unisims_ver.SRL16E_default
Compiling module xil_defaultlib.floating_divide_xbip_pipe_v3_0_4...
Compiling module xil_defaultlib.floating_divide_delay__parameter...
Compiling module xil_defaultlib.floating_divide_xbip_pipe_v3_0_4...
Compiling module xil_defaultlib.floating_divide_delay__parameter...
Compiling module xil_defaultlib.floating_divide_carry_chain_85
Compiling module xil_defaultlib.floating_divide_flt_div_mant_add...
Compiling module xil_defaultlib.floating_divide_xbip_pipe_v3_0_4...
Compiling module xil_defaultlib.floating_divide_delay__parameter...
Compiling module xil_defaultlib.floating_divide_xbip_pipe_v3_0_4...
Compiling module xil_defaultlib.floating_divide_delay__parameter...
Compiling module xil_defaultlib.floating_divide_carry_chain_81
Compiling module xil_defaultlib.floating_divide_flt_div_mant_add...
Compiling module xil_defaultlib.floating_divide_xbip_pipe_v3_0_4...
Compiling module xil_defaultlib.floating_divide_delay_40
Compiling module xil_defaultlib.floating_divide_xbip_pipe_v3_0_4...
Compiling module xil_defaultlib.floating_divide_delay__parameter...
Compiling module xil_defaultlib.floating_divide_xbip_pipe_v3_0_4...
Compiling module xil_defaultlib.floating_divide_delay__parameter...
Compiling module xil_defaultlib.floating_divide_carry_chain_77
Compiling module xil_defaultlib.floating_divide_flt_div_mant_add...
Compiling module xil_defaultlib.floating_divide_xbip_pipe_v3_0_4...
Compiling module xil_defaultlib.floating_divide_delay_43
Compiling module xil_defaultlib.floating_divide_xbip_pipe_v3_0_4...
Compiling module xil_defaultlib.floating_divide_delay__parameter...
Compiling module xil_defaultlib.floating_divide_carry_chain_73
Compiling module xil_defaultlib.floating_divide_flt_div_mant_add...
Compiling module xil_defaultlib.floating_divide_xbip_pipe_v3_0_4...
Compiling module xil_defaultlib.floating_divide_delay_45
Compiling module xil_defaultlib.floating_divide_xbip_pipe_v3_0_4...
Compiling module xil_defaultlib.floating_divide_delay__parameter...
Compiling module xil_defaultlib.floating_divide_carry_chain_69
Compiling module xil_defaultlib.floating_divide_flt_div_mant_add...
Compiling module xil_defaultlib.floating_divide_xbip_pipe_v3_0_4...
Compiling module xil_defaultlib.floating_divide_delay_47
Compiling module xil_defaultlib.floating_divide_xbip_pipe_v3_0_4...
Compiling module xil_defaultlib.floating_divide_delay__parameter...
Compiling module xil_defaultlib.floating_divide_carry_chain_65
Compiling module xil_defaultlib.floating_divide_flt_div_mant_add...
Compiling module xil_defaultlib.floating_divide_xbip_pipe_v3_0_4...
Compiling module xil_defaultlib.floating_divide_delay_49
Compiling module xil_defaultlib.floating_divide_xbip_pipe_v3_0_4...
Compiling module xil_defaultlib.floating_divide_delay__parameter...
Compiling module xil_defaultlib.floating_divide_carry_chain_61
Compiling module xil_defaultlib.floating_divide_flt_div_mant_add...
Compiling module xil_defaultlib.floating_divide_xbip_pipe_v3_0_4...
Compiling module xil_defaultlib.floating_divide_delay_51
Compiling module xil_defaultlib.floating_divide_xbip_pipe_v3_0_4...
Compiling module xil_defaultlib.floating_divide_delay__parameter...
Compiling module xil_defaultlib.floating_divide_carry_chain_57
Compiling module xil_defaultlib.floating_divide_flt_div_mant_add...
Compiling module xil_defaultlib.floating_divide_xbip_pipe_v3_0_4...
Compiling module xil_defaultlib.floating_divide_delay_53
Compiling module xil_defaultlib.floating_divide_xbip_pipe_v3_0_4...
Compiling module xil_defaultlib.floating_divide_delay__parameter...
Compiling module xil_defaultlib.floating_divide_carry_chain
Compiling module xil_defaultlib.floating_divide_flt_div_mant_add...
Compiling module xil_defaultlib.floating_divide_xbip_pipe_v3_0_4...
Compiling module xil_defaultlib.floating_divide_delay_55
Compiling module xil_defaultlib.floating_divide_flt_div_mant
Compiling module xil_defaultlib.floating_divide_flt_dec_op_lat
Compiling module xil_defaultlib.floating_divide_carry_chain__par...
Compiling module xil_defaultlib.floating_divide_xbip_pipe_v3_0_4...
Compiling module xil_defaultlib.floating_divide_delay__parameter...
Compiling module xil_defaultlib.floating_divide_xbip_pipe_v3_0_4...
Compiling module xil_defaultlib.floating_divide_delay__parameter...
Compiling module xil_defaultlib.floating_divide_xbip_pipe_v3_0_4...
Compiling module xil_defaultlib.floating_divide_delay__parameter...
Compiling module xil_defaultlib.floating_divide_carry_chain__par...
Compiling module xil_defaultlib.floating_divide_xbip_pipe_v3_0_4...
Compiling module xil_defaultlib.floating_divide_delay__parameter...
Compiling module xil_defaultlib.floating_divide_carry_chain__par...
Compiling module xil_defaultlib.floating_divide_carry_chain__par...
Compiling module xil_defaultlib.floating_divide_flt_round_bit
Compiling module xil_defaultlib.floating_divide_renorm_and_round...
Compiling module xil_defaultlib.floating_divide_flt_div
Compiling module xil_defaultlib.floating_divide_xbip_pipe_v3_0_4...
Compiling module unisims_ver.FDRE(INIT=1'b1)
Compiling module xil_defaultlib.floating_divide_axi_slave_2to1
Compiling module xil_defaultlib.floating_divide_floating_point_v...
Compiling module xil_defaultlib.floating_divide_floating_point_v...
Compiling module xil_defaultlib.floating_divide
Compiling module unisims_ver.FDRE_default_1
Compiling module xil_defaultlib.floating_multiply_xbip_pipe_v3_0...
Compiling module xil_defaultlib.floating_multiply_delay__paramet...
Compiling module xil_defaultlib.floating_multiply_xbip_pipe_v3_0...
Compiling module xil_defaultlib.floating_multiply_delay__paramet...
Compiling module xil_defaultlib.floating_multiply_carry_chain__p...
Compiling module xil_defaultlib.floating_multiply_compare_eq_im_...
Compiling module xil_defaultlib.floating_multiply_special_detect
Compiling module xil_defaultlib.floating_multiply_xbip_pipe_v3_0...
Compiling module xil_defaultlib.floating_multiply_delay__paramet...
Compiling module xil_defaultlib.floating_multiply_xbip_pipe_v3_0...
Compiling module xil_defaultlib.floating_multiply_delay__paramet...
Compiling module xil_defaultlib.floating_multiply_carry_chain__p...
Compiling module xil_defaultlib.floating_multiply_compare_eq_im
Compiling module xil_defaultlib.floating_multiply_special_detect...
Compiling module xil_defaultlib.floating_multiply_xbip_pipe_v3_0...
Compiling module xil_defaultlib.floating_multiply_delay__paramet...
Compiling module xil_defaultlib.floating_multiply_carry_chain
Compiling module xil_defaultlib.floating_multiply_xbip_pipe_v3_0...
Compiling module xil_defaultlib.floating_multiply_delay__paramet...
Compiling module xil_defaultlib.floating_multiply_xbip_pipe_v3_0...
Compiling module xil_defaultlib.floating_multiply_delay__paramet...
Compiling module xil_defaultlib.floating_multiply_xbip_pipe_v3_0...
Compiling module xil_defaultlib.floating_multiply_delay__paramet...
Compiling module unisims_ver.SRL16E_default_1
Compiling module xil_defaultlib.floating_multiply_xbip_pipe_v3_0...
Compiling module xil_defaultlib.floating_multiply_delay__paramet...
Compiling module xil_defaultlib.floating_multiply_xbip_pipe_v3_0...
Compiling module xil_defaultlib.floating_multiply_delay__paramet...
Compiling module xil_defaultlib.floating_multiply_xbip_pipe_v3_0...
Compiling module xil_defaultlib.floating_multiply_delay__paramet...
Compiling module xil_defaultlib.floating_multiply_xbip_pipe_v3_0...
Compiling module xil_defaultlib.floating_multiply_delay__paramet...
Compiling module xil_defaultlib.floating_multiply_xbip_pipe_v3_0...
Compiling module xil_defaultlib.floating_multiply_delay__paramet...
Compiling module xil_defaultlib.floating_multiply_xbip_pipe_v3_0...
Compiling module xil_defaultlib.floating_multiply_delay__paramet...
Compiling module xil_defaultlib.floating_multiply_xbip_pipe_v3_0...
Compiling module xil_defaultlib.floating_multiply_delay__paramet...
Compiling module xil_defaultlib.floating_multiply_flt_mult_exp
Compiling module unisims_ver.DSP48E1(ALUMODEREG=0,CARRYINREG=...
Compiling module unisims_ver.DSP48E1(A_INPUT="CASCADE",BCASCR...
Compiling module xil_defaultlib.floating_multiply_delay_line__pa...
Compiling module xil_defaultlib.floating_multiply_dsp
Compiling module xil_defaultlib.floating_multiply_mult_gen_v12_0...
Compiling module xil_defaultlib.floating_multiply_xbip_pipe_v3_0...
Compiling module xil_defaultlib.floating_multiply_delay
Compiling module xil_defaultlib.floating_multiply_xbip_pipe_v3_0...
Compiling module xil_defaultlib.floating_multiply_delay__paramet...
Compiling module xil_defaultlib.floating_multiply_fix_mult_xx
Compiling module xil_defaultlib.floating_multiply_fix_mult
Compiling module xil_defaultlib.floating_multiply_flt_dec_op_lat
Compiling module xil_defaultlib.floating_multiply_carry_chain__p...
Compiling module xil_defaultlib.floating_multiply_xbip_pipe_v3_0...
Compiling module xil_defaultlib.floating_multiply_delay__paramet...
Compiling module xil_defaultlib.floating_multiply_xbip_pipe_v3_0...
Compiling module xil_defaultlib.floating_multiply_delay__paramet...
Compiling module xil_defaultlib.floating_multiply_xbip_pipe_v3_0...
Compiling module xil_defaultlib.floating_multiply_delay__paramet...
Compiling module xil_defaultlib.floating_multiply_xbip_pipe_v3_0...
Compiling module xil_defaultlib.floating_multiply_delay__paramet...
Compiling module xil_defaultlib.floating_multiply_carry_chain__p...
Compiling module xil_defaultlib.floating_multiply_xbip_pipe_v3_0...
Compiling module xil_defaultlib.floating_multiply_delay__paramet...
Compiling module xil_defaultlib.floating_multiply_carry_chain__p...
Compiling module xil_defaultlib.floating_multiply_xbip_pipe_v3_0...
Compiling module xil_defaultlib.floating_multiply_delay__paramet...
Compiling module xil_defaultlib.floating_multiply_xbip_pipe_v3_0...
Compiling module xil_defaultlib.floating_multiply_delay__paramet...
Compiling module xil_defaultlib.floating_multiply_carry_chain__p...
Compiling module xil_defaultlib.floating_multiply_flt_round_bit
Compiling module xil_defaultlib.floating_multiply_renorm_and_rou...
Compiling module xil_defaultlib.floating_multiply_flt_mult_round
Compiling module xil_defaultlib.floating_multiply_flt_mult
Compiling module xil_defaultlib.floating_multiply_xbip_pipe_v3_0...
Compiling module xil_defaultlib.floating_multiply_axi_slave_2to1
Compiling module xil_defaultlib.floating_multiply_floating_point...
Compiling module xil_defaultlib.floating_multiply_floating_point...
Compiling module xil_defaultlib.floating_multiply
Compiling architecture behavioral of entity xil_defaultlib.uyg114
Built simulation snapshot uyg114_behav
run_program: Time (s): cpu = 00:00:03 ; elapsed = 00:00:59 . Memory (MB): peak = 1359.188 ; gain = 0.000
INFO: [USF-XSim-69] 'elaborate' step finished in '59' seconds
INFO: [USF-XSim-4] XSim::Simulate design
INFO: [USF-XSim-61] Executing 'SIMULATE' step in 'E:/bildiri ve makaleler/kitap/fpga/uygulamalar/prj_bolum11_uyg4/prj_bolum11_uyg4.sim/sim_1/behav/xsim'
INFO: [USF-XSim-98] *** Running xsim
   with args "uyg114_behav -key {Behavioral:sim_1:Functional:uyg114} -tclbatch {uyg114.tcl} -log {simulate.log}"
INFO: [USF-XSim-8] Loading simulator feature
Vivado Simulator 2017.4
Time resolution is 1 ps
source uyg114.tcl
# set curr_wave [current_wave_config]
# if { [string length $curr_wave] == 0 } {
#   if { [llength [get_objects]] > 0} {
#     add_wave /
#     set_property needs_save false [current_wave_config]
#   } else {
#      send_msg_id Add_Wave-1 WARNING "No top level signals found. Simulator will start without a wave window. If you want to open a wave window go to 'File->New Waveform Configuration' or type 'create_wave_config' in the TCL console."
#   }
# }
# run 1000ns
INFO: [USF-XSim-96] XSim completed. Design snapshot 'uyg114_behav' loaded.
INFO: [USF-XSim-97] XSim simulation ran for 1000ns
launch_simulation: Time (s): cpu = 00:00:12 ; elapsed = 00:01:58 . Memory (MB): peak = 1359.188 ; gain = 0.000
add_force {/uyg114/clk} -radix hex {0 0ns} {1 50000ps} -repeat_every 100000ps
add_force {/uyg114/s2} -radix bin {00111111111010110000001000001100 0ns}
add_force {/uyg114/s1} -radix bin {01000000100011110101110000101001 0ns}
run 500 ns
run 500 ns
run 500 ns
run 500 ns
run 500 ns
run 500 ns
close_sim
INFO: [Simtcl 6-16] Simulation closed
launch_simulation
INFO: [Vivado 12-5698] Checking validity of IPs in the design for the 'XSim' simulator...
INFO: [Vivado 12-5682] Launching behavioral simulation in 'E:/bildiri ve makaleler/kitap/fpga/uygulamalar/prj_bolum11_uyg4/prj_bolum11_uyg4.sim/sim_1/behav/xsim'
INFO: [Vivado 12-4795] Using compiled simulation libraries for IPs
INFO: [SIM-utils-51] Simulation object is 'sim_1'
INFO: [USF-XSim-7] Finding pre-compiled libraries...
INFO: [USF-XSim-11] File 'C:/Xilinx/Vivado/2017.4/data/xsim/ip/xsim_ip.ini' copied to run dir:'E:/bildiri ve makaleler/kitap/fpga/uygulamalar/prj_bolum11_uyg4/prj_bolum11_uyg4.sim/sim_1/behav/xsim'
INFO: [SIM-utils-54] Inspecting design source files for 'uyg114' in fileset 'sim_1'...
INFO: [USF-XSim-97] Finding global include files...
INFO: [USF-XSim-98] Fetching design files from 'sim_1'...
INFO: [USF-XSim-2] XSim::Compile design
INFO: [USF-XSim-61] Executing 'COMPILE and ANALYZE' step in 'E:/bildiri ve makaleler/kitap/fpga/uygulamalar/prj_bolum11_uyg4/prj_bolum11_uyg4.sim/sim_1/behav/xsim'
"xvlog --incr --relax -prj uyg114_vlog.prj"
INFO: [VRFC 10-2263] Analyzing Verilog file "E:/bildiri ve makaleler/kitap/fpga/uygulamalar/prj_bolum11_uyg4/prj_bolum11_uyg4.srcs/sources_1/ip/floating_multiply/floating_multiply_sim_netlist.v" into library xil_defaultlib
INFO: [VRFC 10-311] analyzing module floating_multiply
INFO: [VRFC 10-311] analyzing module floating_multiply_floating_point_v7_1_5
INFO: [VRFC 10-311] analyzing module floating_multiply_axi_slave_2to1
INFO: [VRFC 10-311] analyzing module floating_multiply_carry_chain
INFO: [VRFC 10-311] analyzing module floating_multiply_carry_chain__parameterized0
INFO: [VRFC 10-311] analyzing module floating_multiply_carry_chain__parameterized0_15
INFO: [VRFC 10-311] analyzing module floating_multiply_carry_chain__parameterized1
INFO: [VRFC 10-311] analyzing module floating_multiply_carry_chain__parameterized2
INFO: [VRFC 10-311] analyzing module floating_multiply_carry_chain__parameterized3
INFO: [VRFC 10-311] analyzing module floating_multiply_carry_chain__parameterized4
INFO: [VRFC 10-311] analyzing module floating_multiply_compare_eq_im
INFO: [VRFC 10-311] analyzing module floating_multiply_compare_eq_im_14
INFO: [VRFC 10-311] analyzing module floating_multiply_delay
INFO: [VRFC 10-311] analyzing module floating_multiply_delay__parameterized0
INFO: [VRFC 10-311] analyzing module floating_multiply_delay__parameterized0_2
INFO: [VRFC 10-311] analyzing module floating_multiply_delay__parameterized10
INFO: [VRFC 10-311] analyzing module floating_multiply_delay__parameterized11
INFO: [VRFC 10-311] analyzing module floating_multiply_delay__parameterized12
INFO: [VRFC 10-311] analyzing module floating_multiply_delay__parameterized14
INFO: [VRFC 10-311] analyzing module floating_multiply_delay__parameterized16
INFO: [VRFC 10-311] analyzing module floating_multiply_delay__parameterized17
INFO: [VRFC 10-311] analyzing module floating_multiply_delay__parameterized18
INFO: [VRFC 10-311] analyzing module floating_multiply_delay__parameterized19
INFO: [VRFC 10-311] analyzing module floating_multiply_delay__parameterized19_5
INFO: [VRFC 10-311] analyzing module floating_multiply_delay__parameterized24
INFO: [VRFC 10-311] analyzing module floating_multiply_delay__parameterized25
INFO: [VRFC 10-311] analyzing module floating_multiply_delay__parameterized25_0
INFO: [VRFC 10-311] analyzing module floating_multiply_delay__parameterized29
INFO: [VRFC 10-311] analyzing module floating_multiply_delay__parameterized30
INFO: [VRFC 10-311] analyzing module floating_multiply_delay__parameterized4
INFO: [VRFC 10-311] analyzing module floating_multiply_delay__parameterized6
INFO: [VRFC 10-311] analyzing module floating_multiply_delay__parameterized6_12
INFO: [VRFC 10-311] analyzing module floating_multiply_delay__parameterized6_13
INFO: [VRFC 10-311] analyzing module floating_multiply_delay__parameterized6_8
INFO: [VRFC 10-311] analyzing module floating_multiply_delay__parameterized6_9
INFO: [VRFC 10-311] analyzing module floating_multiply_delay__parameterized7
INFO: [VRFC 10-311] analyzing module floating_multiply_delay_line__parameterized5
INFO: [VRFC 10-311] analyzing module floating_multiply_dsp
INFO: [VRFC 10-311] analyzing module floating_multiply_fix_mult
INFO: [VRFC 10-311] analyzing module floating_multiply_fix_mult_xx
INFO: [VRFC 10-311] analyzing module floating_multiply_floating_point_v7_1_5_viv
INFO: [VRFC 10-311] analyzing module floating_multiply_flt_dec_op_lat
INFO: [VRFC 10-311] analyzing module floating_multiply_flt_mult
INFO: [VRFC 10-311] analyzing module floating_multiply_flt_mult_exp
INFO: [VRFC 10-311] analyzing module floating_multiply_flt_mult_round
INFO: [VRFC 10-311] analyzing module floating_multiply_flt_round_bit
INFO: [VRFC 10-311] analyzing module floating_multiply_mult_gen_v12_0_13_viv
INFO: [VRFC 10-311] analyzing module floating_multiply_renorm_and_round_logic
INFO: [VRFC 10-311] analyzing module floating_multiply_special_detect
INFO: [VRFC 10-311] analyzing module floating_multiply_special_detect_4
INFO: [VRFC 10-311] analyzing module floating_multiply_xbip_pipe_v3_0_4_viv
INFO: [VRFC 10-311] analyzing module floating_multiply_xbip_pipe_v3_0_4_viv__parameterized1
INFO: [VRFC 10-311] analyzing module floating_multiply_xbip_pipe_v3_0_4_viv__parameterized11
INFO: [VRFC 10-311] analyzing module floating_multiply_xbip_pipe_v3_0_4_viv__parameterized15
INFO: [VRFC 10-311] analyzing module floating_multiply_xbip_pipe_v3_0_4_viv__parameterized15_10
INFO: [VRFC 10-311] analyzing module floating_multiply_xbip_pipe_v3_0_4_viv__parameterized15_11
INFO: [VRFC 10-311] analyzing module floating_multiply_xbip_pipe_v3_0_4_viv__parameterized15_16
INFO: [VRFC 10-311] analyzing module floating_multiply_xbip_pipe_v3_0_4_viv__parameterized15_17
INFO: [VRFC 10-311] analyzing module floating_multiply_xbip_pipe_v3_0_4_viv__parameterized17
INFO: [VRFC 10-311] analyzing module floating_multiply_xbip_pipe_v3_0_4_viv__parameterized17_7
INFO: [VRFC 10-311] analyzing module floating_multiply_xbip_pipe_v3_0_4_viv__parameterized21
INFO: [VRFC 10-311] analyzing module floating_multiply_xbip_pipe_v3_0_4_viv__parameterized23
INFO: [VRFC 10-311] analyzing module floating_multiply_xbip_pipe_v3_0_4_viv__parameterized25
INFO: [VRFC 10-311] analyzing module floating_multiply_xbip_pipe_v3_0_4_viv__parameterized27
INFO: [VRFC 10-311] analyzing module floating_multiply_xbip_pipe_v3_0_4_viv__parameterized3
INFO: [VRFC 10-311] analyzing module floating_multiply_xbip_pipe_v3_0_4_viv__parameterized31
INFO: [VRFC 10-311] analyzing module floating_multiply_xbip_pipe_v3_0_4_viv__parameterized33
INFO: [VRFC 10-311] analyzing module floating_multiply_xbip_pipe_v3_0_4_viv__parameterized35
INFO: [VRFC 10-311] analyzing module floating_multiply_xbip_pipe_v3_0_4_viv__parameterized37
INFO: [VRFC 10-311] analyzing module floating_multiply_xbip_pipe_v3_0_4_viv__parameterized37_6
INFO: [VRFC 10-311] analyzing module floating_multiply_xbip_pipe_v3_0_4_viv__parameterized3_3
INFO: [VRFC 10-311] analyzing module floating_multiply_xbip_pipe_v3_0_4_viv__parameterized47
INFO: [VRFC 10-311] analyzing module floating_multiply_xbip_pipe_v3_0_4_viv__parameterized47_1
INFO: [VRFC 10-311] analyzing module floating_multiply_xbip_pipe_v3_0_4_viv__parameterized53
INFO: [VRFC 10-311] analyzing module floating_multiply_xbip_pipe_v3_0_4_viv__parameterized55
INFO: [VRFC 10-311] analyzing module glbl
"xvhdl --incr --relax -prj uyg114_vhdl.prj"
INFO: [VRFC 10-163] Analyzing VHDL file "E:/bildiri ve makaleler/kitap/fpga/uygulamalar/prj_bolum11_uyg4/prj_bolum11_uyg4.srcs/sources_1/new/uyg114.vhd" into library xil_defaultlib
INFO: [VRFC 10-307] analyzing entity uyg114
run_program: Time (s): cpu = 00:00:02 ; elapsed = 00:00:28 . Memory (MB): peak = 1364.363 ; gain = 0.000
INFO: [USF-XSim-69] 'compile' step finished in '28' seconds
INFO: [USF-XSim-3] XSim::Elaborate design
INFO: [USF-XSim-61] Executing 'ELABORATE' step in 'E:/bildiri ve makaleler/kitap/fpga/uygulamalar/prj_bolum11_uyg4/prj_bolum11_uyg4.sim/sim_1/behav/xsim'
Vivado Simulator 2017.4
Copyright 1986-1999, 2001-2016 Xilinx, Inc. All Rights Reserved.
Running: C:/Xilinx/Vivado/2017.4/bin/unwrapped/win64.o/xelab.exe -wto b1bb3d5fb5f94c2facb5ea9b71634abe --incr --debug typical --relax --mt 2 -L xil_defaultlib -L unisims_ver -L unimacro_ver -L secureip -L xpm --snapshot uyg114_behav xil_defaultlib.uyg114 xil_defaultlib.glbl -log elaborate.log 
Using 2 slave threads.
Starting static elaboration
Completed static elaboration
Starting simulation data flow analysis
Completed simulation data flow analysis
Time Resolution for simulation is 1ps
Compiling package std.standard
Compiling package std.textio
Compiling package ieee.std_logic_1164
Compiling package vl.vl_types
Compiling module xil_defaultlib.glbl
Compiling module unisims_ver.GND
Compiling module unisims_ver.VCC
Compiling module unisims_ver.FDRE_default
Compiling module xil_defaultlib.floating_divide_xbip_pipe_v3_0_4...
Compiling module xil_defaultlib.floating_divide_delay__parameter...
Compiling module unisims_ver.LUT4
Compiling module xil_defaultlib.floating_divide_xbip_pipe_v3_0_4...
Compiling module xil_defaultlib.floating_divide_delay__parameter...
Compiling module unisims_ver.x_lut2_mux4
Compiling module unisims_ver.LUT2
Compiling module unisims_ver.LUT6
Compiling module xil_defaultlib.floating_divide_xbip_pipe_v3_0_4...
Compiling module xil_defaultlib.floating_divide_delay__parameter...
Compiling module xil_defaultlib.floating_divide_special_detect
Compiling module xil_defaultlib.floating_divide_xbip_pipe_v3_0_4...
Compiling module xil_defaultlib.floating_divide_delay__parameter...
Compiling module xil_defaultlib.floating_divide_xbip_pipe_v3_0_4...
Compiling module xil_defaultlib.floating_divide_delay__parameter...
Compiling module xil_defaultlib.floating_divide_xbip_pipe_v3_0_4...
Compiling module xil_defaultlib.floating_divide_delay__parameter...
Compiling module xil_defaultlib.floating_divide_special_detect_1...
Compiling module xil_defaultlib.floating_divide_xbip_pipe_v3_0_4...
Compiling module xil_defaultlib.floating_divide_delay__parameter...
Compiling module unisims_ver.SRLC32E_default
Compiling module xil_defaultlib.floating_divide_xbip_pipe_v3_0_4...
Compiling module xil_defaultlib.floating_divide_delay__parameter...
Compiling module unisims_ver.LUT5
Compiling module xil_defaultlib.floating_divide_xbip_pipe_v3_0_4...
Compiling module xil_defaultlib.floating_divide_delay__parameter...
Compiling module xil_defaultlib.floating_divide_xbip_pipe_v3_0_4...
Compiling module xil_defaultlib.floating_divide_delay__parameter...
Compiling module xil_defaultlib.floating_divide_xbip_pipe_v3_0_4...
Compiling module xil_defaultlib.floating_divide_delay__parameter...
Compiling module xil_defaultlib.floating_divide_xbip_pipe_v3_0_4...
Compiling module xil_defaultlib.floating_divide_delay__parameter...
Compiling module xil_defaultlib.floating_divide_xbip_pipe_v3_0_4...
Compiling module xil_defaultlib.floating_divide_delay__parameter...
Compiling module xil_defaultlib.floating_divide_xbip_pipe_v3_0_4...
Compiling module xil_defaultlib.floating_divide_delay__parameter...
Compiling module xil_defaultlib.floating_divide_xbip_pipe_v3_0_4...
Compiling module xil_defaultlib.floating_divide_delay__parameter...
Compiling module xil_defaultlib.floating_divide_xbip_pipe_v3_0_4...
Compiling module xil_defaultlib.floating_divide_delay__parameter...
Compiling module unisims_ver.x_lut3_mux8
Compiling module unisims_ver.LUT3
Compiling module xil_defaultlib.floating_divide_xbip_pipe_v3_0_4...
Compiling module xil_defaultlib.floating_divide_delay__parameter...
Compiling module xil_defaultlib.floating_divide_xbip_pipe_v3_0_4...
Compiling module xil_defaultlib.floating_divide_delay__parameter...
Compiling module xil_defaultlib.floating_divide_xbip_pipe_v3_0_4...
Compiling module xil_defaultlib.floating_divide_delay__parameter...
Compiling module unisims_ver.x_lut1_mux2
Compiling module unisims_ver.LUT1
Compiling module xil_defaultlib.floating_divide_xbip_pipe_v3_0_4...
Compiling module xil_defaultlib.floating_divide_delay__parameter...
Compiling module unisims_ver.CARRY4
Compiling module xil_defaultlib.floating_divide_flt_div_exp
Compiling module xil_defaultlib.floating_divide_xbip_pipe_v3_0_4...
Compiling module xil_defaultlib.floating_divide_delay__parameter...
Compiling module xil_defaultlib.floating_divide_carry_chain_155
Compiling module xil_defaultlib.floating_divide_flt_div_mant_add...
Compiling module xil_defaultlib.floating_divide_xbip_pipe_v3_0_4...
Compiling module xil_defaultlib.floating_divide_delay
Compiling module xil_defaultlib.floating_divide_xbip_pipe_v3_0_4...
Compiling module xil_defaultlib.floating_divide_delay__parameter...
Compiling module xil_defaultlib.floating_divide_carry_chain_151
Compiling module xil_defaultlib.floating_divide_flt_div_mant_add...
Compiling module xil_defaultlib.floating_divide_xbip_pipe_v3_0_4...
Compiling module xil_defaultlib.floating_divide_delay_5
Compiling module xil_defaultlib.floating_divide_xbip_pipe_v3_0_4...
Compiling module xil_defaultlib.floating_divide_delay__parameter...
Compiling module xil_defaultlib.floating_divide_carry_chain_147
Compiling module xil_defaultlib.floating_divide_flt_div_mant_add...
Compiling module xil_defaultlib.floating_divide_xbip_pipe_v3_0_4...
Compiling module xil_defaultlib.floating_divide_delay_7
Compiling module xil_defaultlib.floating_divide_xbip_pipe_v3_0_4...
Compiling module xil_defaultlib.floating_divide_delay__parameter...
Compiling module xil_defaultlib.floating_divide_carry_chain_143
Compiling module xil_defaultlib.floating_divide_flt_div_mant_add...
Compiling module xil_defaultlib.floating_divide_xbip_pipe_v3_0_4...
Compiling module xil_defaultlib.floating_divide_delay_9
Compiling module xil_defaultlib.floating_divide_xbip_pipe_v3_0_4...
Compiling module xil_defaultlib.floating_divide_delay__parameter...
Compiling module xil_defaultlib.floating_divide_carry_chain_139
Compiling module xil_defaultlib.floating_divide_flt_div_mant_add...
Compiling module xil_defaultlib.floating_divide_xbip_pipe_v3_0_4...
Compiling module xil_defaultlib.floating_divide_delay_11
Compiling module xil_defaultlib.floating_divide_xbip_pipe_v3_0_4...
Compiling module xil_defaultlib.floating_divide_delay__parameter...
Compiling module xil_defaultlib.floating_divide_carry_chain_135
Compiling module xil_defaultlib.floating_divide_flt_div_mant_add...
Compiling module xil_defaultlib.floating_divide_xbip_pipe_v3_0_4...
Compiling module xil_defaultlib.floating_divide_delay_13
Compiling module xil_defaultlib.floating_divide_xbip_pipe_v3_0_4...
Compiling module xil_defaultlib.floating_divide_delay__parameter...
Compiling module xil_defaultlib.floating_divide_carry_chain_131
Compiling module xil_defaultlib.floating_divide_flt_div_mant_add...
Compiling module xil_defaultlib.floating_divide_xbip_pipe_v3_0_4...
Compiling module xil_defaultlib.floating_divide_delay_15
Compiling module xil_defaultlib.floating_divide_xbip_pipe_v3_0_4...
Compiling module xil_defaultlib.floating_divide_delay__parameter...
Compiling module xil_defaultlib.floating_divide_carry_chain_127
Compiling module xil_defaultlib.floating_divide_flt_div_mant_add...
Compiling module xil_defaultlib.floating_divide_xbip_pipe_v3_0_4...
Compiling module xil_defaultlib.floating_divide_delay_17
Compiling module xil_defaultlib.floating_divide_xbip_pipe_v3_0_4...
Compiling module xil_defaultlib.floating_divide_delay__parameter...
Compiling module xil_defaultlib.floating_divide_carry_chain_123
Compiling module xil_defaultlib.floating_divide_flt_div_mant_add...
Compiling module xil_defaultlib.floating_divide_xbip_pipe_v3_0_4...
Compiling module xil_defaultlib.floating_divide_delay_19
Compiling module xil_defaultlib.floating_divide_xbip_pipe_v3_0_4...
Compiling module xil_defaultlib.floating_divide_delay__parameter...
Compiling module xil_defaultlib.floating_divide_carry_chain_119
Compiling module xil_defaultlib.floating_divide_flt_div_mant_add...
Compiling module xil_defaultlib.floating_divide_xbip_pipe_v3_0_4...
Compiling module xil_defaultlib.floating_divide_delay_21
Compiling module xil_defaultlib.floating_divide_xbip_pipe_v3_0_4...
Compiling module xil_defaultlib.floating_divide_delay__parameter...
Compiling module xil_defaultlib.floating_divide_carry_chain_115
Compiling module xil_defaultlib.floating_divide_flt_div_mant_add...
Compiling module xil_defaultlib.floating_divide_xbip_pipe_v3_0_4...
Compiling module xil_defaultlib.floating_divide_delay_23
Compiling module xil_defaultlib.floating_divide_xbip_pipe_v3_0_4...
Compiling module xil_defaultlib.floating_divide_delay__parameter...
Compiling module xil_defaultlib.floating_divide_carry_chain_111
Compiling module xil_defaultlib.floating_divide_flt_div_mant_add...
Compiling module xil_defaultlib.floating_divide_xbip_pipe_v3_0_4...
Compiling module xil_defaultlib.floating_divide_delay_25
Compiling module xil_defaultlib.floating_divide_xbip_pipe_v3_0_4...
Compiling module xil_defaultlib.floating_divide_delay__parameter...
Compiling module xil_defaultlib.floating_divide_xbip_pipe_v3_0_4...
Compiling module xil_defaultlib.floating_divide_delay__parameter...
Compiling module xil_defaultlib.floating_divide_carry_chain_106
Compiling module xil_defaultlib.floating_divide_flt_div_mant_add...
Compiling module xil_defaultlib.floating_divide_xbip_pipe_v3_0_4...
Compiling module xil_defaultlib.floating_divide_delay_27
Compiling module xil_defaultlib.floating_divide_xbip_pipe_v3_0_4...
Compiling module xil_defaultlib.floating_divide_delay__parameter...
Compiling module xil_defaultlib.floating_divide_carry_chain_102
Compiling module xil_defaultlib.floating_divide_flt_div_mant_add...
Compiling module xil_defaultlib.floating_divide_xbip_pipe_v3_0_4...
Compiling module xil_defaultlib.floating_divide_delay_29
Compiling module xil_defaultlib.floating_divide_xbip_pipe_v3_0_4...
Compiling module xil_defaultlib.floating_divide_delay__parameter...
Compiling module xil_defaultlib.floating_divide_carry_chain_98
Compiling module xil_defaultlib.floating_divide_flt_div_mant_add...
Compiling module xil_defaultlib.floating_divide_xbip_pipe_v3_0_4...
Compiling module xil_defaultlib.floating_divide_delay_31
Compiling module xil_defaultlib.floating_divide_xbip_pipe_v3_0_4...
Compiling module xil_defaultlib.floating_divide_delay__parameter...
Compiling module xil_defaultlib.floating_divide_carry_chain_94
Compiling module xil_defaultlib.floating_divide_flt_div_mant_add...
Compiling module xil_defaultlib.floating_divide_xbip_pipe_v3_0_4...
Compiling module xil_defaultlib.floating_divide_delay_33
Compiling module xil_defaultlib.floating_divide_xbip_pipe_v3_0_4...
Compiling module xil_defaultlib.floating_divide_delay__parameter...
Compiling module xil_defaultlib.floating_divide_carry_chain_90
Compiling module xil_defaultlib.floating_divide_flt_div_mant_add...
Compiling module xil_defaultlib.floating_divide_xbip_pipe_v3_0_4...
Compiling module xil_defaultlib.floating_divide_delay_35
Compiling module unisims_ver.SRL16E_default
Compiling module xil_defaultlib.floating_divide_xbip_pipe_v3_0_4...
Compiling module xil_defaultlib.floating_divide_delay__parameter...
Compiling module xil_defaultlib.floating_divide_xbip_pipe_v3_0_4...
Compiling module xil_defaultlib.floating_divide_delay__parameter...
Compiling module xil_defaultlib.floating_divide_carry_chain_85
Compiling module xil_defaultlib.floating_divide_flt_div_mant_add...
Compiling module xil_defaultlib.floating_divide_xbip_pipe_v3_0_4...
Compiling module xil_defaultlib.floating_divide_delay__parameter...
Compiling module xil_defaultlib.floating_divide_xbip_pipe_v3_0_4...
Compiling module xil_defaultlib.floating_divide_delay__parameter...
Compiling module xil_defaultlib.floating_divide_carry_chain_81
Compiling module xil_defaultlib.floating_divide_flt_div_mant_add...
Compiling module xil_defaultlib.floating_divide_xbip_pipe_v3_0_4...
Compiling module xil_defaultlib.floating_divide_delay_40
Compiling module xil_defaultlib.floating_divide_xbip_pipe_v3_0_4...
Compiling module xil_defaultlib.floating_divide_delay__parameter...
Compiling module xil_defaultlib.floating_divide_xbip_pipe_v3_0_4...
Compiling module xil_defaultlib.floating_divide_delay__parameter...
Compiling module xil_defaultlib.floating_divide_carry_chain_77
Compiling module xil_defaultlib.floating_divide_flt_div_mant_add...
Compiling module xil_defaultlib.floating_divide_xbip_pipe_v3_0_4...
Compiling module xil_defaultlib.floating_divide_delay_43
Compiling module xil_defaultlib.floating_divide_xbip_pipe_v3_0_4...
Compiling module xil_defaultlib.floating_divide_delay__parameter...
Compiling module xil_defaultlib.floating_divide_carry_chain_73
Compiling module xil_defaultlib.floating_divide_flt_div_mant_add...
Compiling module xil_defaultlib.floating_divide_xbip_pipe_v3_0_4...
Compiling module xil_defaultlib.floating_divide_delay_45
Compiling module xil_defaultlib.floating_divide_xbip_pipe_v3_0_4...
Compiling module xil_defaultlib.floating_divide_delay__parameter...
Compiling module xil_defaultlib.floating_divide_carry_chain_69
Compiling module xil_defaultlib.floating_divide_flt_div_mant_add...
Compiling module xil_defaultlib.floating_divide_xbip_pipe_v3_0_4...
Compiling module xil_defaultlib.floating_divide_delay_47
Compiling module xil_defaultlib.floating_divide_xbip_pipe_v3_0_4...
Compiling module xil_defaultlib.floating_divide_delay__parameter...
Compiling module xil_defaultlib.floating_divide_carry_chain_65
Compiling module xil_defaultlib.floating_divide_flt_div_mant_add...
Compiling module xil_defaultlib.floating_divide_xbip_pipe_v3_0_4...
Compiling module xil_defaultlib.floating_divide_delay_49
Compiling module xil_defaultlib.floating_divide_xbip_pipe_v3_0_4...
Compiling module xil_defaultlib.floating_divide_delay__parameter...
Compiling module xil_defaultlib.floating_divide_carry_chain_61
Compiling module xil_defaultlib.floating_divide_flt_div_mant_add...
Compiling module xil_defaultlib.floating_divide_xbip_pipe_v3_0_4...
Compiling module xil_defaultlib.floating_divide_delay_51
Compiling module xil_defaultlib.floating_divide_xbip_pipe_v3_0_4...
Compiling module xil_defaultlib.floating_divide_delay__parameter...
Compiling module xil_defaultlib.floating_divide_carry_chain_57
Compiling module xil_defaultlib.floating_divide_flt_div_mant_add...
Compiling module xil_defaultlib.floating_divide_xbip_pipe_v3_0_4...
Compiling module xil_defaultlib.floating_divide_delay_53
Compiling module xil_defaultlib.floating_divide_xbip_pipe_v3_0_4...
Compiling module xil_defaultlib.floating_divide_delay__parameter...
Compiling module xil_defaultlib.floating_divide_carry_chain
Compiling module xil_defaultlib.floating_divide_flt_div_mant_add...
Compiling module xil_defaultlib.floating_divide_xbip_pipe_v3_0_4...
Compiling module xil_defaultlib.floating_divide_delay_55
Compiling module xil_defaultlib.floating_divide_flt_div_mant
Compiling module xil_defaultlib.floating_divide_flt_dec_op_lat
Compiling module xil_defaultlib.floating_divide_carry_chain__par...
Compiling module xil_defaultlib.floating_divide_xbip_pipe_v3_0_4...
Compiling module xil_defaultlib.floating_divide_delay__parameter...
Compiling module xil_defaultlib.floating_divide_xbip_pipe_v3_0_4...
Compiling module xil_defaultlib.floating_divide_delay__parameter...
Compiling module xil_defaultlib.floating_divide_xbip_pipe_v3_0_4...
Compiling module xil_defaultlib.floating_divide_delay__parameter...
Compiling module xil_defaultlib.floating_divide_carry_chain__par...
Compiling module xil_defaultlib.floating_divide_xbip_pipe_v3_0_4...
Compiling module xil_defaultlib.floating_divide_delay__parameter...
Compiling module xil_defaultlib.floating_divide_carry_chain__par...
Compiling module xil_defaultlib.floating_divide_carry_chain__par...
Compiling module xil_defaultlib.floating_divide_flt_round_bit
Compiling module xil_defaultlib.floating_divide_renorm_and_round...
Compiling module xil_defaultlib.floating_divide_flt_div
Compiling module xil_defaultlib.floating_divide_xbip_pipe_v3_0_4...
Compiling module unisims_ver.FDRE(INIT=1'b1)
Compiling module xil_defaultlib.floating_divide_axi_slave_2to1
Compiling module xil_defaultlib.floating_divide_floating_point_v...
Compiling module xil_defaultlib.floating_divide_floating_point_v...
Compiling module xil_defaultlib.floating_divide
Compiling module unisims_ver.FDRE_default_1
Compiling module xil_defaultlib.floating_multiply_xbip_pipe_v3_0...
Compiling module xil_defaultlib.floating_multiply_delay__paramet...
Compiling module xil_defaultlib.floating_multiply_xbip_pipe_v3_0...
Compiling module xil_defaultlib.floating_multiply_delay__paramet...
Compiling module xil_defaultlib.floating_multiply_carry_chain__p...
Compiling module xil_defaultlib.floating_multiply_compare_eq_im_...
Compiling module xil_defaultlib.floating_multiply_special_detect
Compiling module xil_defaultlib.floating_multiply_xbip_pipe_v3_0...
Compiling module xil_defaultlib.floating_multiply_delay__paramet...
Compiling module xil_defaultlib.floating_multiply_xbip_pipe_v3_0...
Compiling module xil_defaultlib.floating_multiply_delay__paramet...
Compiling module xil_defaultlib.floating_multiply_carry_chain__p...
Compiling module xil_defaultlib.floating_multiply_compare_eq_im
Compiling module xil_defaultlib.floating_multiply_special_detect...
Compiling module xil_defaultlib.floating_multiply_xbip_pipe_v3_0...
Compiling module xil_defaultlib.floating_multiply_delay__paramet...
Compiling module xil_defaultlib.floating_multiply_carry_chain
Compiling module xil_defaultlib.floating_multiply_xbip_pipe_v3_0...
Compiling module xil_defaultlib.floating_multiply_delay__paramet...
Compiling module xil_defaultlib.floating_multiply_xbip_pipe_v3_0...
Compiling module xil_defaultlib.floating_multiply_delay__paramet...
Compiling module xil_defaultlib.floating_multiply_xbip_pipe_v3_0...
Compiling module xil_defaultlib.floating_multiply_delay__paramet...
Compiling module unisims_ver.SRL16E_default_1
Compiling module xil_defaultlib.floating_multiply_xbip_pipe_v3_0...
Compiling module xil_defaultlib.floating_multiply_delay__paramet...
Compiling module xil_defaultlib.floating_multiply_xbip_pipe_v3_0...
Compiling module xil_defaultlib.floating_multiply_delay__paramet...
Compiling module xil_defaultlib.floating_multiply_xbip_pipe_v3_0...
Compiling module xil_defaultlib.floating_multiply_delay__paramet...
Compiling module xil_defaultlib.floating_multiply_xbip_pipe_v3_0...
Compiling module xil_defaultlib.floating_multiply_delay__paramet...
Compiling module xil_defaultlib.floating_multiply_xbip_pipe_v3_0...
Compiling module xil_defaultlib.floating_multiply_delay__paramet...
Compiling module xil_defaultlib.floating_multiply_xbip_pipe_v3_0...
Compiling module xil_defaultlib.floating_multiply_delay__paramet...
Compiling module xil_defaultlib.floating_multiply_xbip_pipe_v3_0...
Compiling module xil_defaultlib.floating_multiply_delay__paramet...
Compiling module xil_defaultlib.floating_multiply_flt_mult_exp
Compiling module unisims_ver.DSP48E1(ALUMODEREG=0,CARRYINREG=...
Compiling module unisims_ver.DSP48E1(A_INPUT="CASCADE",BCASCR...
Compiling module xil_defaultlib.floating_multiply_delay_line__pa...
Compiling module xil_defaultlib.floating_multiply_dsp
Compiling module xil_defaultlib.floating_multiply_mult_gen_v12_0...
Compiling module xil_defaultlib.floating_multiply_xbip_pipe_v3_0...
Compiling module xil_defaultlib.floating_multiply_delay
Compiling module xil_defaultlib.floating_multiply_xbip_pipe_v3_0...
Compiling module xil_defaultlib.floating_multiply_delay__paramet...
Compiling module xil_defaultlib.floating_multiply_fix_mult_xx
Compiling module xil_defaultlib.floating_multiply_fix_mult
Compiling module xil_defaultlib.floating_multiply_flt_dec_op_lat
Compiling module xil_defaultlib.floating_multiply_carry_chain__p...
Compiling module xil_defaultlib.floating_multiply_xbip_pipe_v3_0...
Compiling module xil_defaultlib.floating_multiply_delay__paramet...
Compiling module xil_defaultlib.floating_multiply_xbip_pipe_v3_0...
Compiling module xil_defaultlib.floating_multiply_delay__paramet...
Compiling module xil_defaultlib.floating_multiply_xbip_pipe_v3_0...
Compiling module xil_defaultlib.floating_multiply_delay__paramet...
Compiling module xil_defaultlib.floating_multiply_xbip_pipe_v3_0...
Compiling module xil_defaultlib.floating_multiply_delay__paramet...
Compiling module xil_defaultlib.floating_multiply_carry_chain__p...
Compiling module xil_defaultlib.floating_multiply_xbip_pipe_v3_0...
Compiling module xil_defaultlib.floating_multiply_delay__paramet...
Compiling module xil_defaultlib.floating_multiply_carry_chain__p...
Compiling module xil_defaultlib.floating_multiply_xbip_pipe_v3_0...
Compiling module xil_defaultlib.floating_multiply_delay__paramet...
Compiling module xil_defaultlib.floating_multiply_xbip_pipe_v3_0...
Compiling module xil_defaultlib.floating_multiply_delay__paramet...
Compiling module xil_defaultlib.floating_multiply_carry_chain__p...
Compiling module xil_defaultlib.floating_multiply_flt_round_bit
Compiling module xil_defaultlib.floating_multiply_renorm_and_rou...
Compiling module xil_defaultlib.floating_multiply_flt_mult_round
Compiling module xil_defaultlib.floating_multiply_flt_mult
Compiling module xil_defaultlib.floating_multiply_xbip_pipe_v3_0...
Compiling module xil_defaultlib.floating_multiply_axi_slave_2to1
Compiling module xil_defaultlib.floating_multiply_floating_point...
Compiling module xil_defaultlib.floating_multiply_floating_point...
Compiling module xil_defaultlib.floating_multiply
Compiling architecture behavioral of entity xil_defaultlib.uyg114
Built simulation snapshot uyg114_behav
run_program: Time (s): cpu = 00:00:04 ; elapsed = 00:01:09 . Memory (MB): peak = 1364.363 ; gain = 0.000
INFO: [USF-XSim-69] 'elaborate' step finished in '69' seconds
INFO: [USF-XSim-4] XSim::Simulate design
INFO: [USF-XSim-61] Executing 'SIMULATE' step in 'E:/bildiri ve makaleler/kitap/fpga/uygulamalar/prj_bolum11_uyg4/prj_bolum11_uyg4.sim/sim_1/behav/xsim'
INFO: [USF-XSim-98] *** Running xsim
   with args "uyg114_behav -key {Behavioral:sim_1:Functional:uyg114} -tclbatch {uyg114.tcl} -log {simulate.log}"
INFO: [USF-XSim-8] Loading simulator feature
Vivado Simulator 2017.4
Time resolution is 1 ps
source uyg114.tcl
# set curr_wave [current_wave_config]
# if { [string length $curr_wave] == 0 } {
#   if { [llength [get_objects]] > 0} {
#     add_wave /
#     set_property needs_save false [current_wave_config]
#   } else {
#      send_msg_id Add_Wave-1 WARNING "No top level signals found. Simulator will start without a wave window. If you want to open a wave window go to 'File->New Waveform Configuration' or type 'create_wave_config' in the TCL console."
#   }
# }
# run 1000ns
xsim: Time (s): cpu = 00:00:09 ; elapsed = 00:00:08 . Memory (MB): peak = 1364.363 ; gain = 0.000
INFO: [USF-XSim-96] XSim completed. Design snapshot 'uyg114_behav' loaded.
INFO: [USF-XSim-97] XSim simulation ran for 1000ns
launch_simulation: Time (s): cpu = 00:00:17 ; elapsed = 00:01:49 . Memory (MB): peak = 1364.363 ; gain = 0.000
add_force {/uyg114/clk} -radix hex {0 0ns} {1 50000ps} -repeat_every 100000ps
add_force {/uyg114/a} -radix bin {01000000100011110101110000101001 0ns}
add_force {/uyg114/b} -radix bin {00111111100100110011001100110011 0ns}
add_force {/uyg114/c} -radix bin {01000000011101110111110011101110 0ns}
run 500 ns
run 500 ns
run 500 ns
run 500 ns
run 500 ns
run 500 ns
run 500 ns
run 500 ns
run 500 ns
close_sim
INFO: [Simtcl 6-16] Simulation closed
launch_simulation
INFO: [Vivado 12-5698] Checking validity of IPs in the design for the 'XSim' simulator...
INFO: [Vivado 12-5682] Launching behavioral simulation in 'E:/bildiri ve makaleler/kitap/fpga/uygulamalar/prj_bolum11_uyg4/prj_bolum11_uyg4.sim/sim_1/behav/xsim'
INFO: [Vivado 12-4795] Using compiled simulation libraries for IPs
INFO: [SIM-utils-51] Simulation object is 'sim_1'
INFO: [USF-XSim-7] Finding pre-compiled libraries...
INFO: [USF-XSim-11] File 'C:/Xilinx/Vivado/2017.4/data/xsim/ip/xsim_ip.ini' copied to run dir:'E:/bildiri ve makaleler/kitap/fpga/uygulamalar/prj_bolum11_uyg4/prj_bolum11_uyg4.sim/sim_1/behav/xsim'
INFO: [SIM-utils-54] Inspecting design source files for 'uyg114' in fileset 'sim_1'...
INFO: [USF-XSim-97] Finding global include files...
INFO: [USF-XSim-98] Fetching design files from 'sim_1'...
INFO: [USF-XSim-2] XSim::Compile design
INFO: [USF-XSim-61] Executing 'COMPILE and ANALYZE' step in 'E:/bildiri ve makaleler/kitap/fpga/uygulamalar/prj_bolum11_uyg4/prj_bolum11_uyg4.sim/sim_1/behav/xsim'
"xvlog --incr --relax -prj uyg114_vlog.prj"
INFO: [VRFC 10-2263] Analyzing Verilog file "E:/bildiri ve makaleler/kitap/fpga/uygulamalar/prj_bolum11_uyg4/prj_bolum11_uyg4.srcs/sources_1/ip/floating_divide/floating_divide_sim_netlist.v" into library xil_defaultlib
INFO: [VRFC 10-311] analyzing module floating_divide
INFO: [VRFC 10-311] analyzing module floating_divide_floating_point_v7_1_5
INFO: [VRFC 10-311] analyzing module floating_divide_axi_slave_2to1
INFO: [VRFC 10-311] analyzing module floating_divide_carry_chain
INFO: [VRFC 10-311] analyzing module floating_divide_carry_chain_102
INFO: [VRFC 10-311] analyzing module floating_divide_carry_chain_106
INFO: [VRFC 10-311] analyzing module floating_divide_carry_chain_111
INFO: [VRFC 10-311] analyzing module floating_divide_carry_chain_115
INFO: [VRFC 10-311] analyzing module floating_divide_carry_chain_119
INFO: [VRFC 10-311] analyzing module floating_divide_carry_chain_123
INFO: [VRFC 10-311] analyzing module floating_divide_carry_chain_127
INFO: [VRFC 10-311] analyzing module floating_divide_carry_chain_131
INFO: [VRFC 10-311] analyzing module floating_divide_carry_chain_135
INFO: [VRFC 10-311] analyzing module floating_divide_carry_chain_139
INFO: [VRFC 10-311] analyzing module floating_divide_carry_chain_143
INFO: [VRFC 10-311] analyzing module floating_divide_carry_chain_147
INFO: [VRFC 10-311] analyzing module floating_divide_carry_chain_151
INFO: [VRFC 10-311] analyzing module floating_divide_carry_chain_155
INFO: [VRFC 10-311] analyzing module floating_divide_carry_chain_57
INFO: [VRFC 10-311] analyzing module floating_divide_carry_chain_61
INFO: [VRFC 10-311] analyzing module floating_divide_carry_chain_65
INFO: [VRFC 10-311] analyzing module floating_divide_carry_chain_69
INFO: [VRFC 10-311] analyzing module floating_divide_carry_chain_73
INFO: [VRFC 10-311] analyzing module floating_divide_carry_chain_77
INFO: [VRFC 10-311] analyzing module floating_divide_carry_chain_81
INFO: [VRFC 10-311] analyzing module floating_divide_carry_chain_85
INFO: [VRFC 10-311] analyzing module floating_divide_carry_chain_90
INFO: [VRFC 10-311] analyzing module floating_divide_carry_chain_94
INFO: [VRFC 10-311] analyzing module floating_divide_carry_chain_98
INFO: [VRFC 10-311] analyzing module floating_divide_carry_chain__parameterized0
INFO: [VRFC 10-311] analyzing module floating_divide_carry_chain__parameterized1
INFO: [VRFC 10-311] analyzing module floating_divide_carry_chain__parameterized2
INFO: [VRFC 10-311] analyzing module floating_divide_carry_chain__parameterized3
INFO: [VRFC 10-311] analyzing module floating_divide_delay
INFO: [VRFC 10-311] analyzing module floating_divide_delay_11
INFO: [VRFC 10-311] analyzing module floating_divide_delay_13
INFO: [VRFC 10-311] analyzing module floating_divide_delay_15
INFO: [VRFC 10-311] analyzing module floating_divide_delay_17
INFO: [VRFC 10-311] analyzing module floating_divide_delay_19
INFO: [VRFC 10-311] analyzing module floating_divide_delay_21
INFO: [VRFC 10-311] analyzing module floating_divide_delay_23
INFO: [VRFC 10-311] analyzing module floating_divide_delay_25
INFO: [VRFC 10-311] analyzing module floating_divide_delay_27
INFO: [VRFC 10-311] analyzing module floating_divide_delay_29
INFO: [VRFC 10-311] analyzing module floating_divide_delay_31
INFO: [VRFC 10-311] analyzing module floating_divide_delay_33
INFO: [VRFC 10-311] analyzing module floating_divide_delay_35
INFO: [VRFC 10-311] analyzing module floating_divide_delay_40
INFO: [VRFC 10-311] analyzing module floating_divide_delay_43
INFO: [VRFC 10-311] analyzing module floating_divide_delay_45
INFO: [VRFC 10-311] analyzing module floating_divide_delay_47
INFO: [VRFC 10-311] analyzing module floating_divide_delay_49
INFO: [VRFC 10-311] analyzing module floating_divide_delay_5
INFO: [VRFC 10-311] analyzing module floating_divide_delay_51
INFO: [VRFC 10-311] analyzing module floating_divide_delay_53
INFO: [VRFC 10-311] analyzing module floating_divide_delay_55
INFO: [VRFC 10-311] analyzing module floating_divide_delay_7
INFO: [VRFC 10-311] analyzing module floating_divide_delay_9
INFO: [VRFC 10-311] analyzing module floating_divide_delay__parameterized10
INFO: [VRFC 10-311] analyzing module floating_divide_delay__parameterized11
INFO: [VRFC 10-311] analyzing module floating_divide_delay__parameterized12
INFO: [VRFC 10-311] analyzing module floating_divide_delay__parameterized13
INFO: [VRFC 10-311] analyzing module floating_divide_delay__parameterized14
INFO: [VRFC 10-311] analyzing module floating_divide_delay__parameterized15
INFO: [VRFC 10-311] analyzing module floating_divide_delay__parameterized16
INFO: [VRFC 10-311] analyzing module floating_divide_delay__parameterized17
INFO: [VRFC 10-311] analyzing module floating_divide_delay__parameterized18
INFO: [VRFC 10-311] analyzing module floating_divide_delay__parameterized19
INFO: [VRFC 10-311] analyzing module floating_divide_delay__parameterized2
INFO: [VRFC 10-311] analyzing module floating_divide_delay__parameterized20
INFO: [VRFC 10-311] analyzing module floating_divide_delay__parameterized21
INFO: [VRFC 10-311] analyzing module floating_divide_delay__parameterized27
INFO: [VRFC 10-311] analyzing module floating_divide_delay__parameterized27_0
INFO: [VRFC 10-311] analyzing module floating_divide_delay__parameterized2_103
INFO: [VRFC 10-311] analyzing module floating_divide_delay__parameterized2_107
INFO: [VRFC 10-311] analyzing module floating_divide_delay__parameterized2_112
INFO: [VRFC 10-311] analyzing module floating_divide_delay__parameterized2_116
INFO: [VRFC 10-311] analyzing module floating_divide_delay__parameterized2_120
INFO: [VRFC 10-311] analyzing module floating_divide_delay__parameterized2_124
INFO: [VRFC 10-311] analyzing module floating_divide_delay__parameterized2_128
INFO: [VRFC 10-311] analyzing module floating_divide_delay__parameterized2_132
INFO: [VRFC 10-311] analyzing module floating_divide_delay__parameterized2_136
INFO: [VRFC 10-311] analyzing module floating_divide_delay__parameterized2_140
INFO: [VRFC 10-311] analyzing module floating_divide_delay__parameterized2_144
INFO: [VRFC 10-311] analyzing module floating_divide_delay__parameterized2_148
INFO: [VRFC 10-311] analyzing module floating_divide_delay__parameterized2_152
INFO: [VRFC 10-311] analyzing module floating_divide_delay__parameterized2_156
INFO: [VRFC 10-311] analyzing module floating_divide_delay__parameterized2_58
INFO: [VRFC 10-311] analyzing module floating_divide_delay__parameterized2_62
INFO: [VRFC 10-311] analyzing module floating_divide_delay__parameterized2_66
INFO: [VRFC 10-311] analyzing module floating_divide_delay__parameterized2_70
INFO: [VRFC 10-311] analyzing module floating_divide_delay__parameterized2_74
INFO: [VRFC 10-311] analyzing module floating_divide_delay__parameterized2_78
INFO: [VRFC 10-311] analyzing module floating_divide_delay__parameterized2_82
INFO: [VRFC 10-311] analyzing module floating_divide_delay__parameterized2_86
INFO: [VRFC 10-311] analyzing module floating_divide_delay__parameterized2_91
INFO: [VRFC 10-311] analyzing module floating_divide_delay__parameterized2_95
INFO: [VRFC 10-311] analyzing module floating_divide_delay__parameterized2_99
INFO: [VRFC 10-311] analyzing module floating_divide_delay__parameterized3
INFO: [VRFC 10-311] analyzing module floating_divide_delay__parameterized32
INFO: [VRFC 10-311] analyzing module floating_divide_delay__parameterized32_1
INFO: [VRFC 10-311] analyzing module floating_divide_delay__parameterized3_36
INFO: [VRFC 10-311] analyzing module floating_divide_delay__parameterized3_38
INFO: [VRFC 10-311] analyzing module floating_divide_delay__parameterized3_41
INFO: [VRFC 10-311] analyzing module floating_divide_delay__parameterized6
INFO: [VRFC 10-311] analyzing module floating_divide_delay__parameterized7
INFO: [VRFC 10-311] analyzing module floating_divide_delay__parameterized7_165
INFO: [VRFC 10-311] analyzing module floating_divide_delay__parameterized8
INFO: [VRFC 10-311] analyzing module floating_divide_delay__parameterized8_160
INFO: [VRFC 10-311] analyzing module floating_divide_delay__parameterized8_163
INFO: [VRFC 10-311] analyzing module floating_divide_delay__parameterized8_164
INFO: [VRFC 10-311] analyzing module floating_divide_delay__parameterized9
INFO: [VRFC 10-311] analyzing module floating_divide_floating_point_v7_1_5_viv
INFO: [VRFC 10-311] analyzing module floating_divide_flt_dec_op_lat
INFO: [VRFC 10-311] analyzing module floating_divide_flt_div
INFO: [VRFC 10-311] analyzing module floating_divide_flt_div_exp
INFO: [VRFC 10-311] analyzing module floating_divide_flt_div_mant
INFO: [VRFC 10-311] analyzing module floating_divide_flt_div_mant_addsub
INFO: [VRFC 10-311] analyzing module floating_divide_flt_div_mant_addsub_10
INFO: [VRFC 10-311] analyzing module floating_divide_flt_div_mant_addsub_12
INFO: [VRFC 10-311] analyzing module floating_divide_flt_div_mant_addsub_14
INFO: [VRFC 10-311] analyzing module floating_divide_flt_div_mant_addsub_16
INFO: [VRFC 10-311] analyzing module floating_divide_flt_div_mant_addsub_18
INFO: [VRFC 10-311] analyzing module floating_divide_flt_div_mant_addsub_20
INFO: [VRFC 10-311] analyzing module floating_divide_flt_div_mant_addsub_22
INFO: [VRFC 10-311] analyzing module floating_divide_flt_div_mant_addsub_24
INFO: [VRFC 10-311] analyzing module floating_divide_flt_div_mant_addsub_26
INFO: [VRFC 10-311] analyzing module floating_divide_flt_div_mant_addsub_28
INFO: [VRFC 10-311] analyzing module floating_divide_flt_div_mant_addsub_30
INFO: [VRFC 10-311] analyzing module floating_divide_flt_div_mant_addsub_32
INFO: [VRFC 10-311] analyzing module floating_divide_flt_div_mant_addsub_34
INFO: [VRFC 10-311] analyzing module floating_divide_flt_div_mant_addsub_37
INFO: [VRFC 10-311] analyzing module floating_divide_flt_div_mant_addsub_39
INFO: [VRFC 10-311] analyzing module floating_divide_flt_div_mant_addsub_4
INFO: [VRFC 10-311] analyzing module floating_divide_flt_div_mant_addsub_42
INFO: [VRFC 10-311] analyzing module floating_divide_flt_div_mant_addsub_44
INFO: [VRFC 10-311] analyzing module floating_divide_flt_div_mant_addsub_46
INFO: [VRFC 10-311] analyzing module floating_divide_flt_div_mant_addsub_48
INFO: [VRFC 10-311] analyzing module floating_divide_flt_div_mant_addsub_50
INFO: [VRFC 10-311] analyzing module floating_divide_flt_div_mant_addsub_52
INFO: [VRFC 10-311] analyzing module floating_divide_flt_div_mant_addsub_54
INFO: [VRFC 10-311] analyzing module floating_divide_flt_div_mant_addsub_6
INFO: [VRFC 10-311] analyzing module floating_divide_flt_div_mant_addsub_8
INFO: [VRFC 10-311] analyzing module floating_divide_flt_round_bit
INFO: [VRFC 10-311] analyzing module floating_divide_renorm_and_round_logic
INFO: [VRFC 10-311] analyzing module floating_divide_special_detect
INFO: [VRFC 10-311] analyzing module floating_divide_special_detect_158
INFO: [VRFC 10-311] analyzing module floating_divide_xbip_pipe_v3_0_4_viv
INFO: [VRFC 10-311] analyzing module floating_divide_xbip_pipe_v3_0_4_viv__parameterized1
INFO: [VRFC 10-311] analyzing module floating_divide_xbip_pipe_v3_0_4_viv__parameterized11
INFO: [VRFC 10-311] analyzing module floating_divide_xbip_pipe_v3_0_4_viv__parameterized15
INFO: [VRFC 10-311] analyzing module floating_divide_xbip_pipe_v3_0_4_viv__parameterized17
INFO: [VRFC 10-311] analyzing module floating_divide_xbip_pipe_v3_0_4_viv__parameterized17_161
INFO: [VRFC 10-311] analyzing module floating_divide_xbip_pipe_v3_0_4_viv__parameterized17_162
INFO: [VRFC 10-311] analyzing module floating_divide_xbip_pipe_v3_0_4_viv__parameterized17_166
INFO: [VRFC 10-311] analyzing module floating_divide_xbip_pipe_v3_0_4_viv__parameterized17_167
INFO: [VRFC 10-311] analyzing module floating_divide_xbip_pipe_v3_0_4_viv__parameterized17_168
INFO: [VRFC 10-311] analyzing module floating_divide_xbip_pipe_v3_0_4_viv__parameterized19
INFO: [VRFC 10-311] analyzing module floating_divide_xbip_pipe_v3_0_4_viv__parameterized1_101
INFO: [VRFC 10-311] analyzing module floating_divide_xbip_pipe_v3_0_4_viv__parameterized1_105
INFO: [VRFC 10-311] analyzing module floating_divide_xbip_pipe_v3_0_4_viv__parameterized1_110
INFO: [VRFC 10-311] analyzing module floating_divide_xbip_pipe_v3_0_4_viv__parameterized1_114
INFO: [VRFC 10-311] analyzing module floating_divide_xbip_pipe_v3_0_4_viv__parameterized1_118
INFO: [VRFC 10-311] analyzing module floating_divide_xbip_pipe_v3_0_4_viv__parameterized1_122
INFO: [VRFC 10-311] analyzing module floating_divide_xbip_pipe_v3_0_4_viv__parameterized1_126
INFO: [VRFC 10-311] analyzing module floating_divide_xbip_pipe_v3_0_4_viv__parameterized1_130
INFO: [VRFC 10-311] analyzing module floating_divide_xbip_pipe_v3_0_4_viv__parameterized1_134
INFO: [VRFC 10-311] analyzing module floating_divide_xbip_pipe_v3_0_4_viv__parameterized1_138
INFO: [VRFC 10-311] analyzing module floating_divide_xbip_pipe_v3_0_4_viv__parameterized1_142
INFO: [VRFC 10-311] analyzing module floating_divide_xbip_pipe_v3_0_4_viv__parameterized1_146
INFO: [VRFC 10-311] analyzing module floating_divide_xbip_pipe_v3_0_4_viv__parameterized1_150
INFO: [VRFC 10-311] analyzing module floating_divide_xbip_pipe_v3_0_4_viv__parameterized1_154
INFO: [VRFC 10-311] analyzing module floating_divide_xbip_pipe_v3_0_4_viv__parameterized1_56
INFO: [VRFC 10-311] analyzing module floating_divide_xbip_pipe_v3_0_4_viv__parameterized1_60
INFO: [VRFC 10-311] analyzing module floating_divide_xbip_pipe_v3_0_4_viv__parameterized1_64
INFO: [VRFC 10-311] analyzing module floating_divide_xbip_pipe_v3_0_4_viv__parameterized1_68
INFO: [VRFC 10-311] analyzing module floating_divide_xbip_pipe_v3_0_4_viv__parameterized1_72
INFO: [VRFC 10-311] analyzing module floating_divide_xbip_pipe_v3_0_4_viv__parameterized1_76
INFO: [VRFC 10-311] analyzing module floating_divide_xbip_pipe_v3_0_4_viv__parameterized1_80
INFO: [VRFC 10-311] analyzing module floating_divide_xbip_pipe_v3_0_4_viv__parameterized1_89
INFO: [VRFC 10-311] analyzing module floating_divide_xbip_pipe_v3_0_4_viv__parameterized1_93
INFO: [VRFC 10-311] analyzing module floating_divide_xbip_pipe_v3_0_4_viv__parameterized1_97
INFO: [VRFC 10-311] analyzing module floating_divide_xbip_pipe_v3_0_4_viv__parameterized21
INFO: [VRFC 10-311] analyzing module floating_divide_xbip_pipe_v3_0_4_viv__parameterized23
INFO: [VRFC 10-311] analyzing module floating_divide_xbip_pipe_v3_0_4_viv__parameterized25
INFO: [VRFC 10-311] analyzing module floating_divide_xbip_pipe_v3_0_4_viv__parameterized25_159
INFO: [VRFC 10-311] analyzing module floating_divide_xbip_pipe_v3_0_4_viv__parameterized27
INFO: [VRFC 10-311] analyzing module floating_divide_xbip_pipe_v3_0_4_viv__parameterized29
INFO: [VRFC 10-311] analyzing module floating_divide_xbip_pipe_v3_0_4_viv__parameterized31
INFO: [VRFC 10-311] analyzing module floating_divide_xbip_pipe_v3_0_4_viv__parameterized33
INFO: [VRFC 10-311] analyzing module floating_divide_xbip_pipe_v3_0_4_viv__parameterized35
INFO: [VRFC 10-311] analyzing module floating_divide_xbip_pipe_v3_0_4_viv__parameterized37
INFO: [VRFC 10-311] analyzing module floating_divide_xbip_pipe_v3_0_4_viv__parameterized39
INFO: [VRFC 10-311] analyzing module floating_divide_xbip_pipe_v3_0_4_viv__parameterized49
INFO: [VRFC 10-311] analyzing module floating_divide_xbip_pipe_v3_0_4_viv__parameterized49_3
INFO: [VRFC 10-311] analyzing module floating_divide_xbip_pipe_v3_0_4_viv__parameterized57
INFO: [VRFC 10-311] analyzing module floating_divide_xbip_pipe_v3_0_4_viv__parameterized57_2
INFO: [VRFC 10-311] analyzing module floating_divide_xbip_pipe_v3_0_4_viv__parameterized7
INFO: [VRFC 10-311] analyzing module floating_divide_xbip_pipe_v3_0_4_viv__parameterized7_100
INFO: [VRFC 10-311] analyzing module floating_divide_xbip_pipe_v3_0_4_viv__parameterized7_104
INFO: [VRFC 10-311] analyzing module floating_divide_xbip_pipe_v3_0_4_viv__parameterized7_108
INFO: [VRFC 10-311] analyzing module floating_divide_xbip_pipe_v3_0_4_viv__parameterized7_113
INFO: [VRFC 10-311] analyzing module floating_divide_xbip_pipe_v3_0_4_viv__parameterized7_117
INFO: [VRFC 10-311] analyzing module floating_divide_xbip_pipe_v3_0_4_viv__parameterized7_121
INFO: [VRFC 10-311] analyzing module floating_divide_xbip_pipe_v3_0_4_viv__parameterized7_125
INFO: [VRFC 10-311] analyzing module floating_divide_xbip_pipe_v3_0_4_viv__parameterized7_129
INFO: [VRFC 10-311] analyzing module floating_divide_xbip_pipe_v3_0_4_viv__parameterized7_133
INFO: [VRFC 10-311] analyzing module floating_divide_xbip_pipe_v3_0_4_viv__parameterized7_137
INFO: [VRFC 10-311] analyzing module floating_divide_xbip_pipe_v3_0_4_viv__parameterized7_141
INFO: [VRFC 10-311] analyzing module floating_divide_xbip_pipe_v3_0_4_viv__parameterized7_145
INFO: [VRFC 10-311] analyzing module floating_divide_xbip_pipe_v3_0_4_viv__parameterized7_149
INFO: [VRFC 10-311] analyzing module floating_divide_xbip_pipe_v3_0_4_viv__parameterized7_153
INFO: [VRFC 10-311] analyzing module floating_divide_xbip_pipe_v3_0_4_viv__parameterized7_157
INFO: [VRFC 10-311] analyzing module floating_divide_xbip_pipe_v3_0_4_viv__parameterized7_59
INFO: [VRFC 10-311] analyzing module floating_divide_xbip_pipe_v3_0_4_viv__parameterized7_63
INFO: [VRFC 10-311] analyzing module floating_divide_xbip_pipe_v3_0_4_viv__parameterized7_67
INFO: [VRFC 10-311] analyzing module floating_divide_xbip_pipe_v3_0_4_viv__parameterized7_71
INFO: [VRFC 10-311] analyzing module floating_divide_xbip_pipe_v3_0_4_viv__parameterized7_75
INFO: [VRFC 10-311] analyzing module floating_divide_xbip_pipe_v3_0_4_viv__parameterized7_79
INFO: [VRFC 10-311] analyzing module floating_divide_xbip_pipe_v3_0_4_viv__parameterized7_83
INFO: [VRFC 10-311] analyzing module floating_divide_xbip_pipe_v3_0_4_viv__parameterized7_87
INFO: [VRFC 10-311] analyzing module floating_divide_xbip_pipe_v3_0_4_viv__parameterized7_92
INFO: [VRFC 10-311] analyzing module floating_divide_xbip_pipe_v3_0_4_viv__parameterized7_96
INFO: [VRFC 10-311] analyzing module floating_divide_xbip_pipe_v3_0_4_viv__parameterized9
INFO: [VRFC 10-311] analyzing module floating_divide_xbip_pipe_v3_0_4_viv__parameterized9_109
INFO: [VRFC 10-311] analyzing module floating_divide_xbip_pipe_v3_0_4_viv__parameterized9_84
INFO: [VRFC 10-311] analyzing module floating_divide_xbip_pipe_v3_0_4_viv__parameterized9_88
INFO: [VRFC 10-311] analyzing module glbl
"xvhdl --incr --relax -prj uyg114_vhdl.prj"
INFO: [VRFC 10-163] Analyzing VHDL file "E:/bildiri ve makaleler/kitap/fpga/uygulamalar/prj_bolum11_uyg4/prj_bolum11_uyg4.srcs/sources_1/new/uyg114.vhd" into library xil_defaultlib
INFO: [VRFC 10-307] analyzing entity uyg114
run_program: Time (s): cpu = 00:00:03 ; elapsed = 00:00:55 . Memory (MB): peak = 1364.363 ; gain = 0.000
INFO: [USF-XSim-69] 'compile' step finished in '54' seconds
INFO: [USF-XSim-3] XSim::Elaborate design
INFO: [USF-XSim-61] Executing 'ELABORATE' step in 'E:/bildiri ve makaleler/kitap/fpga/uygulamalar/prj_bolum11_uyg4/prj_bolum11_uyg4.sim/sim_1/behav/xsim'
Vivado Simulator 2017.4
Copyright 1986-1999, 2001-2016 Xilinx, Inc. All Rights Reserved.
Running: C:/Xilinx/Vivado/2017.4/bin/unwrapped/win64.o/xelab.exe -wto b1bb3d5fb5f94c2facb5ea9b71634abe --incr --debug typical --relax --mt 2 -L xil_defaultlib -L unisims_ver -L unimacro_ver -L secureip -L xpm --snapshot uyg114_behav xil_defaultlib.uyg114 xil_defaultlib.glbl -log elaborate.log 
Using 2 slave threads.
Starting static elaboration
Completed static elaboration
Starting simulation data flow analysis
Completed simulation data flow analysis
Time Resolution for simulation is 1ps
Compiling package std.standard
Compiling package std.textio
Compiling package ieee.std_logic_1164
Compiling package vl.vl_types
Compiling module xil_defaultlib.glbl
Compiling module unisims_ver.GND
Compiling module unisims_ver.VCC
Compiling module unisims_ver.FDRE_default
Compiling module xil_defaultlib.floating_divide_xbip_pipe_v3_0_4...
Compiling module xil_defaultlib.floating_divide_delay__parameter...
Compiling module unisims_ver.LUT4
Compiling module xil_defaultlib.floating_divide_xbip_pipe_v3_0_4...
Compiling module xil_defaultlib.floating_divide_delay__parameter...
Compiling module unisims_ver.x_lut2_mux4
Compiling module unisims_ver.LUT2
Compiling module unisims_ver.LUT6
Compiling module xil_defaultlib.floating_divide_xbip_pipe_v3_0_4...
Compiling module xil_defaultlib.floating_divide_delay__parameter...
Compiling module xil_defaultlib.floating_divide_special_detect
Compiling module xil_defaultlib.floating_divide_xbip_pipe_v3_0_4...
Compiling module xil_defaultlib.floating_divide_delay__parameter...
Compiling module xil_defaultlib.floating_divide_xbip_pipe_v3_0_4...
Compiling module xil_defaultlib.floating_divide_delay__parameter...
Compiling module xil_defaultlib.floating_divide_xbip_pipe_v3_0_4...
Compiling module xil_defaultlib.floating_divide_delay__parameter...
Compiling module xil_defaultlib.floating_divide_special_detect_1...
Compiling module xil_defaultlib.floating_divide_xbip_pipe_v3_0_4...
Compiling module xil_defaultlib.floating_divide_delay__parameter...
Compiling module unisims_ver.SRLC32E_default
Compiling module xil_defaultlib.floating_divide_xbip_pipe_v3_0_4...
Compiling module xil_defaultlib.floating_divide_delay__parameter...
Compiling module unisims_ver.LUT5
Compiling module xil_defaultlib.floating_divide_xbip_pipe_v3_0_4...
Compiling module xil_defaultlib.floating_divide_delay__parameter...
Compiling module xil_defaultlib.floating_divide_xbip_pipe_v3_0_4...
Compiling module xil_defaultlib.floating_divide_delay__parameter...
Compiling module xil_defaultlib.floating_divide_xbip_pipe_v3_0_4...
Compiling module xil_defaultlib.floating_divide_delay__parameter...
Compiling module xil_defaultlib.floating_divide_xbip_pipe_v3_0_4...
Compiling module xil_defaultlib.floating_divide_delay__parameter...
Compiling module xil_defaultlib.floating_divide_xbip_pipe_v3_0_4...
Compiling module xil_defaultlib.floating_divide_delay__parameter...
Compiling module xil_defaultlib.floating_divide_xbip_pipe_v3_0_4...
Compiling module xil_defaultlib.floating_divide_delay__parameter...
Compiling module xil_defaultlib.floating_divide_xbip_pipe_v3_0_4...
Compiling module xil_defaultlib.floating_divide_delay__parameter...
Compiling module xil_defaultlib.floating_divide_xbip_pipe_v3_0_4...
Compiling module xil_defaultlib.floating_divide_delay__parameter...
Compiling module unisims_ver.x_lut3_mux8
Compiling module unisims_ver.LUT3
Compiling module xil_defaultlib.floating_divide_xbip_pipe_v3_0_4...
Compiling module xil_defaultlib.floating_divide_delay__parameter...
Compiling module xil_defaultlib.floating_divide_xbip_pipe_v3_0_4...
Compiling module xil_defaultlib.floating_divide_delay__parameter...
Compiling module xil_defaultlib.floating_divide_xbip_pipe_v3_0_4...
Compiling module xil_defaultlib.floating_divide_delay__parameter...
Compiling module unisims_ver.x_lut1_mux2
Compiling module unisims_ver.LUT1
Compiling module xil_defaultlib.floating_divide_xbip_pipe_v3_0_4...
Compiling module xil_defaultlib.floating_divide_delay__parameter...
Compiling module unisims_ver.CARRY4
Compiling module xil_defaultlib.floating_divide_flt_div_exp
Compiling module xil_defaultlib.floating_divide_xbip_pipe_v3_0_4...
Compiling module xil_defaultlib.floating_divide_delay__parameter...
Compiling module xil_defaultlib.floating_divide_carry_chain_155
Compiling module xil_defaultlib.floating_divide_flt_div_mant_add...
Compiling module xil_defaultlib.floating_divide_xbip_pipe_v3_0_4...
Compiling module xil_defaultlib.floating_divide_delay
Compiling module xil_defaultlib.floating_divide_xbip_pipe_v3_0_4...
Compiling module xil_defaultlib.floating_divide_delay__parameter...
Compiling module xil_defaultlib.floating_divide_carry_chain_151
Compiling module xil_defaultlib.floating_divide_flt_div_mant_add...
Compiling module xil_defaultlib.floating_divide_xbip_pipe_v3_0_4...
Compiling module xil_defaultlib.floating_divide_delay_5
Compiling module xil_defaultlib.floating_divide_xbip_pipe_v3_0_4...
Compiling module xil_defaultlib.floating_divide_delay__parameter...
Compiling module xil_defaultlib.floating_divide_carry_chain_147
Compiling module xil_defaultlib.floating_divide_flt_div_mant_add...
Compiling module xil_defaultlib.floating_divide_xbip_pipe_v3_0_4...
Compiling module xil_defaultlib.floating_divide_delay_7
Compiling module xil_defaultlib.floating_divide_xbip_pipe_v3_0_4...
Compiling module xil_defaultlib.floating_divide_delay__parameter...
Compiling module xil_defaultlib.floating_divide_carry_chain_143
Compiling module xil_defaultlib.floating_divide_flt_div_mant_add...
Compiling module xil_defaultlib.floating_divide_xbip_pipe_v3_0_4...
Compiling module xil_defaultlib.floating_divide_delay_9
Compiling module xil_defaultlib.floating_divide_xbip_pipe_v3_0_4...
Compiling module xil_defaultlib.floating_divide_delay__parameter...
Compiling module xil_defaultlib.floating_divide_carry_chain_139
Compiling module xil_defaultlib.floating_divide_flt_div_mant_add...
Compiling module xil_defaultlib.floating_divide_xbip_pipe_v3_0_4...
Compiling module xil_defaultlib.floating_divide_delay_11
Compiling module xil_defaultlib.floating_divide_xbip_pipe_v3_0_4...
Compiling module xil_defaultlib.floating_divide_delay__parameter...
Compiling module xil_defaultlib.floating_divide_carry_chain_135
Compiling module xil_defaultlib.floating_divide_flt_div_mant_add...
Compiling module xil_defaultlib.floating_divide_xbip_pipe_v3_0_4...
Compiling module xil_defaultlib.floating_divide_delay_13
Compiling module xil_defaultlib.floating_divide_xbip_pipe_v3_0_4...
Compiling module xil_defaultlib.floating_divide_delay__parameter...
Compiling module xil_defaultlib.floating_divide_carry_chain_131
Compiling module xil_defaultlib.floating_divide_flt_div_mant_add...
Compiling module xil_defaultlib.floating_divide_xbip_pipe_v3_0_4...
Compiling module xil_defaultlib.floating_divide_delay_15
Compiling module xil_defaultlib.floating_divide_xbip_pipe_v3_0_4...
Compiling module xil_defaultlib.floating_divide_delay__parameter...
Compiling module xil_defaultlib.floating_divide_carry_chain_127
Compiling module xil_defaultlib.floating_divide_flt_div_mant_add...
Compiling module xil_defaultlib.floating_divide_xbip_pipe_v3_0_4...
Compiling module xil_defaultlib.floating_divide_delay_17
Compiling module xil_defaultlib.floating_divide_xbip_pipe_v3_0_4...
Compiling module xil_defaultlib.floating_divide_delay__parameter...
Compiling module xil_defaultlib.floating_divide_carry_chain_123
Compiling module xil_defaultlib.floating_divide_flt_div_mant_add...
Compiling module xil_defaultlib.floating_divide_xbip_pipe_v3_0_4...
Compiling module xil_defaultlib.floating_divide_delay_19
Compiling module xil_defaultlib.floating_divide_xbip_pipe_v3_0_4...
Compiling module xil_defaultlib.floating_divide_delay__parameter...
Compiling module xil_defaultlib.floating_divide_carry_chain_119
Compiling module xil_defaultlib.floating_divide_flt_div_mant_add...
Compiling module xil_defaultlib.floating_divide_xbip_pipe_v3_0_4...
Compiling module xil_defaultlib.floating_divide_delay_21
Compiling module xil_defaultlib.floating_divide_xbip_pipe_v3_0_4...
Compiling module xil_defaultlib.floating_divide_delay__parameter...
Compiling module xil_defaultlib.floating_divide_carry_chain_115
Compiling module xil_defaultlib.floating_divide_flt_div_mant_add...
Compiling module xil_defaultlib.floating_divide_xbip_pipe_v3_0_4...
Compiling module xil_defaultlib.floating_divide_delay_23
Compiling module xil_defaultlib.floating_divide_xbip_pipe_v3_0_4...
Compiling module xil_defaultlib.floating_divide_delay__parameter...
Compiling module xil_defaultlib.floating_divide_carry_chain_111
Compiling module xil_defaultlib.floating_divide_flt_div_mant_add...
Compiling module xil_defaultlib.floating_divide_xbip_pipe_v3_0_4...
Compiling module xil_defaultlib.floating_divide_delay_25
Compiling module xil_defaultlib.floating_divide_xbip_pipe_v3_0_4...
Compiling module xil_defaultlib.floating_divide_delay__parameter...
Compiling module xil_defaultlib.floating_divide_xbip_pipe_v3_0_4...
Compiling module xil_defaultlib.floating_divide_delay__parameter...
Compiling module xil_defaultlib.floating_divide_carry_chain_106
Compiling module xil_defaultlib.floating_divide_flt_div_mant_add...
Compiling module xil_defaultlib.floating_divide_xbip_pipe_v3_0_4...
Compiling module xil_defaultlib.floating_divide_delay_27
Compiling module xil_defaultlib.floating_divide_xbip_pipe_v3_0_4...
Compiling module xil_defaultlib.floating_divide_delay__parameter...
Compiling module xil_defaultlib.floating_divide_carry_chain_102
Compiling module xil_defaultlib.floating_divide_flt_div_mant_add...
Compiling module xil_defaultlib.floating_divide_xbip_pipe_v3_0_4...
Compiling module xil_defaultlib.floating_divide_delay_29
Compiling module xil_defaultlib.floating_divide_xbip_pipe_v3_0_4...
Compiling module xil_defaultlib.floating_divide_delay__parameter...
Compiling module xil_defaultlib.floating_divide_carry_chain_98
Compiling module xil_defaultlib.floating_divide_flt_div_mant_add...
Compiling module xil_defaultlib.floating_divide_xbip_pipe_v3_0_4...
Compiling module xil_defaultlib.floating_divide_delay_31
Compiling module xil_defaultlib.floating_divide_xbip_pipe_v3_0_4...
Compiling module xil_defaultlib.floating_divide_delay__parameter...
Compiling module xil_defaultlib.floating_divide_carry_chain_94
Compiling module xil_defaultlib.floating_divide_flt_div_mant_add...
Compiling module xil_defaultlib.floating_divide_xbip_pipe_v3_0_4...
Compiling module xil_defaultlib.floating_divide_delay_33
Compiling module xil_defaultlib.floating_divide_xbip_pipe_v3_0_4...
Compiling module xil_defaultlib.floating_divide_delay__parameter...
Compiling module xil_defaultlib.floating_divide_carry_chain_90
Compiling module xil_defaultlib.floating_divide_flt_div_mant_add...
Compiling module xil_defaultlib.floating_divide_xbip_pipe_v3_0_4...
Compiling module xil_defaultlib.floating_divide_delay_35
Compiling module unisims_ver.SRL16E_default
Compiling module xil_defaultlib.floating_divide_xbip_pipe_v3_0_4...
Compiling module xil_defaultlib.floating_divide_delay__parameter...
Compiling module xil_defaultlib.floating_divide_xbip_pipe_v3_0_4...
Compiling module xil_defaultlib.floating_divide_delay__parameter...
Compiling module xil_defaultlib.floating_divide_carry_chain_85
Compiling module xil_defaultlib.floating_divide_flt_div_mant_add...
Compiling module xil_defaultlib.floating_divide_xbip_pipe_v3_0_4...
Compiling module xil_defaultlib.floating_divide_delay__parameter...
Compiling module xil_defaultlib.floating_divide_xbip_pipe_v3_0_4...
Compiling module xil_defaultlib.floating_divide_delay__parameter...
Compiling module xil_defaultlib.floating_divide_carry_chain_81
Compiling module xil_defaultlib.floating_divide_flt_div_mant_add...
Compiling module xil_defaultlib.floating_divide_xbip_pipe_v3_0_4...
Compiling module xil_defaultlib.floating_divide_delay_40
Compiling module xil_defaultlib.floating_divide_xbip_pipe_v3_0_4...
Compiling module xil_defaultlib.floating_divide_delay__parameter...
Compiling module xil_defaultlib.floating_divide_xbip_pipe_v3_0_4...
Compiling module xil_defaultlib.floating_divide_delay__parameter...
Compiling module xil_defaultlib.floating_divide_carry_chain_77
Compiling module xil_defaultlib.floating_divide_flt_div_mant_add...
Compiling module xil_defaultlib.floating_divide_xbip_pipe_v3_0_4...
Compiling module xil_defaultlib.floating_divide_delay_43
Compiling module xil_defaultlib.floating_divide_xbip_pipe_v3_0_4...
Compiling module xil_defaultlib.floating_divide_delay__parameter...
Compiling module xil_defaultlib.floating_divide_carry_chain_73
Compiling module xil_defaultlib.floating_divide_flt_div_mant_add...
Compiling module xil_defaultlib.floating_divide_xbip_pipe_v3_0_4...
Compiling module xil_defaultlib.floating_divide_delay_45
Compiling module xil_defaultlib.floating_divide_xbip_pipe_v3_0_4...
Compiling module xil_defaultlib.floating_divide_delay__parameter...
Compiling module xil_defaultlib.floating_divide_carry_chain_69
Compiling module xil_defaultlib.floating_divide_flt_div_mant_add...
Compiling module xil_defaultlib.floating_divide_xbip_pipe_v3_0_4...
Compiling module xil_defaultlib.floating_divide_delay_47
Compiling module xil_defaultlib.floating_divide_xbip_pipe_v3_0_4...
Compiling module xil_defaultlib.floating_divide_delay__parameter...
Compiling module xil_defaultlib.floating_divide_carry_chain_65
Compiling module xil_defaultlib.floating_divide_flt_div_mant_add...
Compiling module xil_defaultlib.floating_divide_xbip_pipe_v3_0_4...
Compiling module xil_defaultlib.floating_divide_delay_49
Compiling module xil_defaultlib.floating_divide_xbip_pipe_v3_0_4...
Compiling module xil_defaultlib.floating_divide_delay__parameter...
Compiling module xil_defaultlib.floating_divide_carry_chain_61
Compiling module xil_defaultlib.floating_divide_flt_div_mant_add...
Compiling module xil_defaultlib.floating_divide_xbip_pipe_v3_0_4...
Compiling module xil_defaultlib.floating_divide_delay_51
Compiling module xil_defaultlib.floating_divide_xbip_pipe_v3_0_4...
Compiling module xil_defaultlib.floating_divide_delay__parameter...
Compiling module xil_defaultlib.floating_divide_carry_chain_57
Compiling module xil_defaultlib.floating_divide_flt_div_mant_add...
Compiling module xil_defaultlib.floating_divide_xbip_pipe_v3_0_4...
Compiling module xil_defaultlib.floating_divide_delay_53
Compiling module xil_defaultlib.floating_divide_xbip_pipe_v3_0_4...
Compiling module xil_defaultlib.floating_divide_delay__parameter...
Compiling module xil_defaultlib.floating_divide_carry_chain
Compiling module xil_defaultlib.floating_divide_flt_div_mant_add...
Compiling module xil_defaultlib.floating_divide_xbip_pipe_v3_0_4...
Compiling module xil_defaultlib.floating_divide_delay_55
Compiling module xil_defaultlib.floating_divide_flt_div_mant
Compiling module xil_defaultlib.floating_divide_flt_dec_op_lat
Compiling module xil_defaultlib.floating_divide_carry_chain__par...
Compiling module xil_defaultlib.floating_divide_xbip_pipe_v3_0_4...
Compiling module xil_defaultlib.floating_divide_delay__parameter...
Compiling module xil_defaultlib.floating_divide_xbip_pipe_v3_0_4...
Compiling module xil_defaultlib.floating_divide_delay__parameter...
Compiling module xil_defaultlib.floating_divide_xbip_pipe_v3_0_4...
Compiling module xil_defaultlib.floating_divide_delay__parameter...
Compiling module xil_defaultlib.floating_divide_carry_chain__par...
Compiling module xil_defaultlib.floating_divide_xbip_pipe_v3_0_4...
Compiling module xil_defaultlib.floating_divide_delay__parameter...
Compiling module xil_defaultlib.floating_divide_carry_chain__par...
Compiling module xil_defaultlib.floating_divide_carry_chain__par...
Compiling module xil_defaultlib.floating_divide_flt_round_bit
Compiling module xil_defaultlib.floating_divide_renorm_and_round...
Compiling module xil_defaultlib.floating_divide_flt_div
Compiling module xil_defaultlib.floating_divide_xbip_pipe_v3_0_4...
Compiling module unisims_ver.FDRE(INIT=1'b1)
Compiling module xil_defaultlib.floating_divide_axi_slave_2to1
Compiling module xil_defaultlib.floating_divide_floating_point_v...
Compiling module xil_defaultlib.floating_divide_floating_point_v...
Compiling module xil_defaultlib.floating_divide
Compiling module unisims_ver.FDRE_default_1
Compiling module xil_defaultlib.floating_multiply_xbip_pipe_v3_0...
Compiling module xil_defaultlib.floating_multiply_delay__paramet...
Compiling module xil_defaultlib.floating_multiply_xbip_pipe_v3_0...
Compiling module xil_defaultlib.floating_multiply_delay__paramet...
Compiling module xil_defaultlib.floating_multiply_carry_chain__p...
Compiling module xil_defaultlib.floating_multiply_compare_eq_im_...
Compiling module xil_defaultlib.floating_multiply_special_detect
Compiling module xil_defaultlib.floating_multiply_xbip_pipe_v3_0...
Compiling module xil_defaultlib.floating_multiply_delay__paramet...
Compiling module xil_defaultlib.floating_multiply_xbip_pipe_v3_0...
Compiling module xil_defaultlib.floating_multiply_delay__paramet...
Compiling module xil_defaultlib.floating_multiply_carry_chain__p...
Compiling module xil_defaultlib.floating_multiply_compare_eq_im
Compiling module xil_defaultlib.floating_multiply_special_detect...
Compiling module xil_defaultlib.floating_multiply_xbip_pipe_v3_0...
Compiling module xil_defaultlib.floating_multiply_delay__paramet...
Compiling module xil_defaultlib.floating_multiply_carry_chain
Compiling module xil_defaultlib.floating_multiply_xbip_pipe_v3_0...
Compiling module xil_defaultlib.floating_multiply_delay__paramet...
Compiling module xil_defaultlib.floating_multiply_xbip_pipe_v3_0...
Compiling module xil_defaultlib.floating_multiply_delay__paramet...
Compiling module xil_defaultlib.floating_multiply_xbip_pipe_v3_0...
Compiling module xil_defaultlib.floating_multiply_delay__paramet...
Compiling module unisims_ver.SRL16E_default_1
Compiling module xil_defaultlib.floating_multiply_xbip_pipe_v3_0...
Compiling module xil_defaultlib.floating_multiply_delay__paramet...
Compiling module xil_defaultlib.floating_multiply_xbip_pipe_v3_0...
Compiling module xil_defaultlib.floating_multiply_delay__paramet...
Compiling module xil_defaultlib.floating_multiply_xbip_pipe_v3_0...
Compiling module xil_defaultlib.floating_multiply_delay__paramet...
Compiling module xil_defaultlib.floating_multiply_xbip_pipe_v3_0...
Compiling module xil_defaultlib.floating_multiply_delay__paramet...
Compiling module xil_defaultlib.floating_multiply_xbip_pipe_v3_0...
Compiling module xil_defaultlib.floating_multiply_delay__paramet...
Compiling module xil_defaultlib.floating_multiply_xbip_pipe_v3_0...
Compiling module xil_defaultlib.floating_multiply_delay__paramet...
Compiling module xil_defaultlib.floating_multiply_xbip_pipe_v3_0...
Compiling module xil_defaultlib.floating_multiply_delay__paramet...
Compiling module xil_defaultlib.floating_multiply_flt_mult_exp
Compiling module unisims_ver.DSP48E1(ALUMODEREG=0,CARRYINREG=...
Compiling module unisims_ver.DSP48E1(A_INPUT="CASCADE",BCASCR...
Compiling module xil_defaultlib.floating_multiply_delay_line__pa...
Compiling module xil_defaultlib.floating_multiply_dsp
Compiling module xil_defaultlib.floating_multiply_mult_gen_v12_0...
Compiling module xil_defaultlib.floating_multiply_xbip_pipe_v3_0...
Compiling module xil_defaultlib.floating_multiply_delay
Compiling module xil_defaultlib.floating_multiply_xbip_pipe_v3_0...
Compiling module xil_defaultlib.floating_multiply_delay__paramet...
Compiling module xil_defaultlib.floating_multiply_fix_mult_xx
Compiling module xil_defaultlib.floating_multiply_fix_mult
Compiling module xil_defaultlib.floating_multiply_flt_dec_op_lat
Compiling module xil_defaultlib.floating_multiply_carry_chain__p...
Compiling module xil_defaultlib.floating_multiply_xbip_pipe_v3_0...
Compiling module xil_defaultlib.floating_multiply_delay__paramet...
Compiling module xil_defaultlib.floating_multiply_xbip_pipe_v3_0...
Compiling module xil_defaultlib.floating_multiply_delay__paramet...
Compiling module xil_defaultlib.floating_multiply_xbip_pipe_v3_0...
Compiling module xil_defaultlib.floating_multiply_delay__paramet...
Compiling module xil_defaultlib.floating_multiply_xbip_pipe_v3_0...
Compiling module xil_defaultlib.floating_multiply_delay__paramet...
Compiling module xil_defaultlib.floating_multiply_carry_chain__p...
Compiling module xil_defaultlib.floating_multiply_xbip_pipe_v3_0...
Compiling module xil_defaultlib.floating_multiply_delay__paramet...
Compiling module xil_defaultlib.floating_multiply_carry_chain__p...
Compiling module xil_defaultlib.floating_multiply_xbip_pipe_v3_0...
Compiling module xil_defaultlib.floating_multiply_delay__paramet...
Compiling module xil_defaultlib.floating_multiply_xbip_pipe_v3_0...
Compiling module xil_defaultlib.floating_multiply_delay__paramet...
Compiling module xil_defaultlib.floating_multiply_carry_chain__p...
Compiling module xil_defaultlib.floating_multiply_flt_round_bit
Compiling module xil_defaultlib.floating_multiply_renorm_and_rou...
Compiling module xil_defaultlib.floating_multiply_flt_mult_round
Compiling module xil_defaultlib.floating_multiply_flt_mult
Compiling module xil_defaultlib.floating_multiply_xbip_pipe_v3_0...
Compiling module xil_defaultlib.floating_multiply_axi_slave_2to1
Compiling module xil_defaultlib.floating_multiply_floating_point...
Compiling module xil_defaultlib.floating_multiply_floating_point...
Compiling module xil_defaultlib.floating_multiply
Compiling architecture behavioral of entity xil_defaultlib.uyg114
Built simulation snapshot uyg114_behav
run_program: Time (s): cpu = 00:00:04 ; elapsed = 00:01:07 . Memory (MB): peak = 1364.363 ; gain = 0.000
INFO: [USF-XSim-69] 'elaborate' step finished in '67' seconds
INFO: [USF-XSim-4] XSim::Simulate design
INFO: [USF-XSim-61] Executing 'SIMULATE' step in 'E:/bildiri ve makaleler/kitap/fpga/uygulamalar/prj_bolum11_uyg4/prj_bolum11_uyg4.sim/sim_1/behav/xsim'
INFO: [USF-XSim-98] *** Running xsim
   with args "uyg114_behav -key {Behavioral:sim_1:Functional:uyg114} -tclbatch {uyg114.tcl} -log {simulate.log}"
INFO: [USF-XSim-8] Loading simulator feature
Vivado Simulator 2017.4
Time resolution is 1 ps
source uyg114.tcl
# set curr_wave [current_wave_config]
# if { [string length $curr_wave] == 0 } {
#   if { [llength [get_objects]] > 0} {
#     add_wave /
#     set_property needs_save false [current_wave_config]
#   } else {
#      send_msg_id Add_Wave-1 WARNING "No top level signals found. Simulator will start without a wave window. If you want to open a wave window go to 'File->New Waveform Configuration' or type 'create_wave_config' in the TCL console."
#   }
# }
# run 1000ns
xsim: Time (s): cpu = 00:00:07 ; elapsed = 00:00:06 . Memory (MB): peak = 1364.363 ; gain = 0.000
INFO: [USF-XSim-96] XSim completed. Design snapshot 'uyg114_behav' loaded.
INFO: [USF-XSim-97] XSim simulation ran for 1000ns
launch_simulation: Time (s): cpu = 00:00:17 ; elapsed = 00:02:11 . Memory (MB): peak = 1364.363 ; gain = 0.000
add_force {/uyg114/clk} -radix hex {0 0ns} {1 50000ps} -repeat_every 100000ps
add_force {/uyg114/c} -radix hex {01000000011101110111110011101110 0ns}
ERROR: [Simtcl 6-179] Couldn't add force for the following reason: Illegal value '01000000011101110111110011101110': Object size 32 does not match size of given value 01000000011101110111110011101110.
add_force {/uyg114/c} -radix bin {01000000011101110111110011101110 0ns}
add_force {/uyg114/b} -radix bin {00111111100100111001010110000001 0ns}
add_force {/uyg114/a} -radix bin {01000000100111011010100111111100 0ns}
run 500 ns
run 500 ns
run 500 ns
run 500 ns
run 500 ns
run 500 ns
run 500 ns
run 500 ns
run 100 ns
run 100 ns
close_sim
INFO: [Simtcl 6-16] Simulation closed
synth_design -rtl -name rtl_1
Command: synth_design -rtl -name rtl_1
Starting synth_design
Using part: xc7a100tcsg324-1
Top: uyg114
---------------------------------------------------------------------------------
Starting RTL Elaboration : Time (s): cpu = 00:00:30 ; elapsed = 00:00:30 . Memory (MB): peak = 1364.363 ; gain = 0.000
---------------------------------------------------------------------------------
INFO: [Synth 8-638] synthesizing module 'uyg114' [E:/bildiri ve makaleler/kitap/fpga/uygulamalar/prj_bolum11_uyg4/prj_bolum11_uyg4.srcs/sources_1/new/uyg114.vhd:17]
INFO: [Synth 8-3491] module 'floating_divide' declared at 'E:/bildiri ve makaleler/kitap/fpga/uygulamalar/prj_bolum11_uyg2/.Xil/Vivado-5968-dell-Bilgisayar/realtime/floating_divide_stub.vhdl:5' bound to instance 'ONDALIK_BOLME' of component 'floating_divide' [E:/bildiri ve makaleler/kitap/fpga/uygulamalar/prj_bolum11_uyg4/prj_bolum11_uyg4.srcs/sources_1/new/uyg114.vhd:73]
INFO: [Synth 8-638] synthesizing module 'floating_divide' [E:/bildiri ve makaleler/kitap/fpga/uygulamalar/prj_bolum11_uyg2/.Xil/Vivado-5968-dell-Bilgisayar/realtime/floating_divide_stub.vhdl:21]
INFO: [Synth 8-3491] module 'floating_multiply' declared at 'E:/bildiri ve makaleler/kitap/fpga/uygulamalar/prj_bolum11_uyg2/.Xil/Vivado-5968-dell-Bilgisayar/realtime/floating_multiply_stub.vhdl:5' bound to instance 'ONDALIK_CARPMA' of component 'floating_multiply' [E:/bildiri ve makaleler/kitap/fpga/uygulamalar/prj_bolum11_uyg4/prj_bolum11_uyg4.srcs/sources_1/new/uyg114.vhd:87]
INFO: [Synth 8-638] synthesizing module 'floating_multiply' [E:/bildiri ve makaleler/kitap/fpga/uygulamalar/prj_bolum11_uyg2/.Xil/Vivado-5968-dell-Bilgisayar/realtime/floating_multiply_stub.vhdl:21]
INFO: [Synth 8-256] done synthesizing module 'uyg114' (1#1) [E:/bildiri ve makaleler/kitap/fpga/uygulamalar/prj_bolum11_uyg4/prj_bolum11_uyg4.srcs/sources_1/new/uyg114.vhd:17]
---------------------------------------------------------------------------------
Finished RTL Elaboration : Time (s): cpu = 00:00:33 ; elapsed = 00:00:34 . Memory (MB): peak = 1364.363 ; gain = 0.000
---------------------------------------------------------------------------------

Report Check Netlist: 
+------+------------------+-------+---------+-------+------------------+
|      |Item              |Errors |Warnings |Status |Description       |
+------+------------------+-------+---------+-------+------------------+
|1     |multi_driven_nets |      0|        0|Passed |Multi driven nets |
+------+------------------+-------+---------+-------+------------------+
---------------------------------------------------------------------------------
Finished RTL Optimization Phase 1 : Time (s): cpu = 00:00:34 ; elapsed = 00:00:36 . Memory (MB): peak = 1364.363 ; gain = 0.000
---------------------------------------------------------------------------------
INFO: [Project 1-454] Reading design checkpoint 'e:/bildiri ve makaleler/kitap/fpga/uygulamalar/prj_bolum11_uyg4/prj_bolum11_uyg4.srcs/sources_1/ip/floating_divide/floating_divide.dcp' for cell 'ONDALIK_BOLME'
INFO: [Project 1-454] Reading design checkpoint 'e:/bildiri ve makaleler/kitap/fpga/uygulamalar/prj_bolum11_uyg4/prj_bolum11_uyg4.srcs/sources_1/ip/floating_multiply/floating_multiply.dcp' for cell 'ONDALIK_CARPMA'
INFO: [Netlist 29-17] Analyzing 211 Unisim elements for replacement
INFO: [Netlist 29-28] Unisim Transformation completed in 0 CPU seconds
INFO: [Project 1-479] Netlist was created with Vivado 2017.4
INFO: [Project 1-570] Preparing netlist for logic optimization
INFO: [Opt 31-140] Inserted 1 IBUFs to IO ports without IO buffers.

Processing XDC Constraints
Initializing timing engine
Completed Processing XDC Constraints

INFO: [Opt 31-138] Pushed 0 inverter(s) to 0 load pin(s).
INFO: [Project 1-111] Unisim Transformation Summary:
No Unisim elements were transformed.

RTL Elaboration Complete:  : Time (s): cpu = 00:01:02 ; elapsed = 00:01:00 . Memory (MB): peak = 1376.590 ; gain = 12.227
15 Infos, 0 Warnings, 0 Critical Warnings and 0 Errors encountered.
synth_design completed successfully
synth_design: Time (s): cpu = 00:01:02 ; elapsed = 00:01:04 . Memory (MB): peak = 1376.590 ; gain = 12.227
exit
INFO: [Common 17-206] Exiting Vivado at Sun Aug 18 19:04:49 2019...
