#-----------------------------------------------------------
# Vivado v2017.4 (64-bit)
# SW Build 2086221 on Fri Dec 15 20:55:39 MST 2017
# IP Build 2085800 on Fri Dec 15 22:25:07 MST 2017
# Start of session at: Thu Aug  1 19:14:50 2019
# Process ID: 4404
# Current directory: E:/bildiri ve makaleler/kitap/fpga/uygulamalar/prj_bolum8_uyg2
# Command line: vivado.exe -gui_launcher_event rodinguilauncherevent3188 E:\bildiri ve makaleler\kitap\fpga\uygulamalar\prj_bolum8_uyg2\prj_bolum8_uyg2.xpr
# Log file: E:/bildiri ve makaleler/kitap/fpga/uygulamalar/prj_bolum8_uyg2/vivado.log
# Journal file: E:/bildiri ve makaleler/kitap/fpga/uygulamalar/prj_bolum8_uyg2\vivado.jou
#-----------------------------------------------------------
start_gui
open_project {E:/bildiri ve makaleler/kitap/fpga/uygulamalar/prj_bolum8_uyg2/prj_bolum8_uyg2.xpr}
Scanning sources...
Finished scanning sources
INFO: [IP_Flow 19-234] Refreshing IP repositories
INFO: [IP_Flow 19-1704] No user IP repositories specified
INFO: [IP_Flow 19-2313] Loaded Vivado IP repository 'C:/Xilinx/Vivado/2017.4/data/ip'.
open_project: Time (s): cpu = 00:00:47 ; elapsed = 00:00:24 . Memory (MB): peak = 716.266 ; gain = 21.320
update_compile_order -fileset sources_1
launch_simulation
INFO: [Vivado 12-5682] Launching behavioral simulation in 'E:/bildiri ve makaleler/kitap/fpga/uygulamalar/prj_bolum8_uyg2/prj_bolum8_uyg2.sim/sim_1/behav/xsim'
INFO: [SIM-utils-51] Simulation object is 'sim_1'
INFO: [SIM-utils-54] Inspecting design source files for 'uyg82' in fileset 'sim_1'...
INFO: [USF-XSim-97] Finding global include files...
INFO: [USF-XSim-98] Fetching design files from 'sim_1'...
INFO: [USF-XSim-2] XSim::Compile design
INFO: [USF-XSim-61] Executing 'COMPILE and ANALYZE' step in 'E:/bildiri ve makaleler/kitap/fpga/uygulamalar/prj_bolum8_uyg2/prj_bolum8_uyg2.sim/sim_1/behav/xsim'
"xvhdl --incr --relax -prj uyg82_vhdl.prj"
INFO: [VRFC 10-163] Analyzing VHDL file "E:/bildiri ve makaleler/kitap/fpga/uygulamalar/prj_bolum8_uyg2/prj_bolum8_uyg2.srcs/sources_1/new/uyg82.vhd" into library xil_defaultlib
INFO: [VRFC 10-307] analyzing entity uyg82
run_program: Time (s): cpu = 00:00:00 ; elapsed = 00:00:05 . Memory (MB): peak = 752.422 ; gain = 0.000
INFO: [USF-XSim-69] 'compile' step finished in '5' seconds
INFO: [USF-XSim-3] XSim::Elaborate design
INFO: [USF-XSim-61] Executing 'ELABORATE' step in 'E:/bildiri ve makaleler/kitap/fpga/uygulamalar/prj_bolum8_uyg2/prj_bolum8_uyg2.sim/sim_1/behav/xsim'
Vivado Simulator 2017.4
Copyright 1986-1999, 2001-2016 Xilinx, Inc. All Rights Reserved.
Running: C:/Xilinx/Vivado/2017.4/bin/unwrapped/win64.o/xelab.exe -wto d9627d6315e44f4db58dae32dd3c087f --incr --debug typical --relax --mt 2 -L xil_defaultlib -L secureip --snapshot uyg82_behav xil_defaultlib.uyg82 -log elaborate.log 
Using 2 slave threads.
Starting static elaboration
Completed static elaboration
Starting simulation data flow analysis
Completed simulation data flow analysis
Time Resolution for simulation is 1ps
Compiling package std.standard
Compiling package std.textio
Compiling package ieee.std_logic_1164
Compiling architecture behavioral of entity xil_defaultlib.uyg82
Built simulation snapshot uyg82_behav

****** Webtalk v2017.4 (64-bit)
  **** SW Build 2086221 on Fri Dec 15 20:55:39 MST 2017
  **** IP Build 2085800 on Fri Dec 15 22:25:07 MST 2017
    ** Copyright 1986-2017 Xilinx, Inc. All Rights Reserved.

source E:/bildiri -notrace
couldn't read file "E:/bildiri": permission denied
INFO: [Common 17-206] Exiting Webtalk at Thu Aug  1 20:36:35 2019...
run_program: Time (s): cpu = 00:00:02 ; elapsed = 00:00:14 . Memory (MB): peak = 752.422 ; gain = 0.000
INFO: [USF-XSim-69] 'elaborate' step finished in '14' seconds
INFO: [USF-XSim-4] XSim::Simulate design
INFO: [USF-XSim-61] Executing 'SIMULATE' step in 'E:/bildiri ve makaleler/kitap/fpga/uygulamalar/prj_bolum8_uyg2/prj_bolum8_uyg2.sim/sim_1/behav/xsim'
INFO: [USF-XSim-98] *** Running xsim
   with args "uyg82_behav -key {Behavioral:sim_1:Functional:uyg82} -tclbatch {uyg82.tcl} -log {simulate.log}"
INFO: [USF-XSim-8] Loading simulator feature
Vivado Simulator 2017.4
Time resolution is 1 ps
source uyg82.tcl
# set curr_wave [current_wave_config]
# if { [string length $curr_wave] == 0 } {
#   if { [llength [get_objects]] > 0} {
#     add_wave /
#     set_property needs_save false [current_wave_config]
#   } else {
#      send_msg_id Add_Wave-1 WARNING "No top level signals found. Simulator will start without a wave window. If you want to open a wave window go to 'File->New Waveform Configuration' or type 'create_wave_config' in the TCL console."
#   }
# }
# run 1000ns
xsim: Time (s): cpu = 00:00:18 ; elapsed = 00:00:08 . Memory (MB): peak = 763.945 ; gain = 11.523
INFO: [USF-XSim-96] XSim completed. Design snapshot 'uyg82_behav' loaded.
INFO: [USF-XSim-97] XSim simulation ran for 1000ns
launch_simulation: Time (s): cpu = 00:00:23 ; elapsed = 00:00:31 . Memory (MB): peak = 763.945 ; gain = 11.523
add_force {/uyg82/clk} -radix hex {0 0ns} {1 50000ps} -repeat_every 100000ps
add_force {/uyg82/rst} -radix hex {0 0ns}
add_force {/uyg82/g} -radix hex {2 0ns}
run 100 ns
add_force {/uyg82/g} -radix hex {3 0ns}
run 100 ns
close_sim
INFO: [Simtcl 6-16] Simulation closed
close_sim: Time (s): cpu = 00:00:02 ; elapsed = 00:00:08 . Memory (MB): peak = 777.391 ; gain = 0.000
launch_simulation
INFO: [Vivado 12-5682] Launching behavioral simulation in 'E:/bildiri ve makaleler/kitap/fpga/uygulamalar/prj_bolum8_uyg2/prj_bolum8_uyg2.sim/sim_1/behav/xsim'
INFO: [SIM-utils-51] Simulation object is 'sim_1'
INFO: [SIM-utils-54] Inspecting design source files for 'uyg82' in fileset 'sim_1'...
INFO: [USF-XSim-97] Finding global include files...
INFO: [USF-XSim-98] Fetching design files from 'sim_1'...
INFO: [USF-XSim-2] XSim::Compile design
INFO: [USF-XSim-61] Executing 'COMPILE and ANALYZE' step in 'E:/bildiri ve makaleler/kitap/fpga/uygulamalar/prj_bolum8_uyg2/prj_bolum8_uyg2.sim/sim_1/behav/xsim'
"xvhdl --incr --relax -prj uyg82_vhdl.prj"
INFO: [VRFC 10-163] Analyzing VHDL file "E:/bildiri ve makaleler/kitap/fpga/uygulamalar/prj_bolum8_uyg2/prj_bolum8_uyg2.srcs/sources_1/new/uyg82.vhd" into library xil_defaultlib
INFO: [VRFC 10-307] analyzing entity uyg82
INFO: [USF-XSim-69] 'compile' step finished in '5' seconds
INFO: [USF-XSim-3] XSim::Elaborate design
INFO: [USF-XSim-61] Executing 'ELABORATE' step in 'E:/bildiri ve makaleler/kitap/fpga/uygulamalar/prj_bolum8_uyg2/prj_bolum8_uyg2.sim/sim_1/behav/xsim'
Vivado Simulator 2017.4
Copyright 1986-1999, 2001-2016 Xilinx, Inc. All Rights Reserved.
Running: C:/Xilinx/Vivado/2017.4/bin/unwrapped/win64.o/xelab.exe -wto d9627d6315e44f4db58dae32dd3c087f --incr --debug typical --relax --mt 2 -L xil_defaultlib -L secureip --snapshot uyg82_behav xil_defaultlib.uyg82 -log elaborate.log 
Using 2 slave threads.
Starting static elaboration
Completed static elaboration
Starting simulation data flow analysis
Completed simulation data flow analysis
Time Resolution for simulation is 1ps
Compiling package std.standard
Compiling package std.textio
Compiling package ieee.std_logic_1164
Compiling architecture behavioral of entity xil_defaultlib.uyg82
Built simulation snapshot uyg82_behav
run_program: Time (s): cpu = 00:00:00 ; elapsed = 00:00:07 . Memory (MB): peak = 777.391 ; gain = 0.000
INFO: [USF-XSim-69] 'elaborate' step finished in '7' seconds
INFO: [USF-XSim-4] XSim::Simulate design
INFO: [USF-XSim-61] Executing 'SIMULATE' step in 'E:/bildiri ve makaleler/kitap/fpga/uygulamalar/prj_bolum8_uyg2/prj_bolum8_uyg2.sim/sim_1/behav/xsim'
INFO: [USF-XSim-98] *** Running xsim
   with args "uyg82_behav -key {Behavioral:sim_1:Functional:uyg82} -tclbatch {uyg82.tcl} -log {simulate.log}"
INFO: [USF-XSim-8] Loading simulator feature
Vivado Simulator 2017.4
Time resolution is 1 ps
source uyg82.tcl
# set curr_wave [current_wave_config]
# if { [string length $curr_wave] == 0 } {
#   if { [llength [get_objects]] > 0} {
#     add_wave /
#     set_property needs_save false [current_wave_config]
#   } else {
#      send_msg_id Add_Wave-1 WARNING "No top level signals found. Simulator will start without a wave window. If you want to open a wave window go to 'File->New Waveform Configuration' or type 'create_wave_config' in the TCL console."
#   }
# }
# run 1000ns
xsim: Time (s): cpu = 00:00:07 ; elapsed = 00:00:05 . Memory (MB): peak = 777.391 ; gain = 0.000
INFO: [USF-XSim-96] XSim completed. Design snapshot 'uyg82_behav' loaded.
INFO: [USF-XSim-97] XSim simulation ran for 1000ns
launch_simulation: Time (s): cpu = 00:00:10 ; elapsed = 00:00:19 . Memory (MB): peak = 777.391 ; gain = 0.000
add_force {/uyg82/clk} -radix hex {0 0ns} {1 50000ps} -repeat_every 100000ps
add_force {/uyg82/rst} -radix hex {0 0ns}
add_force {/uyg82/g} -radix hex {2 0ns}
run 100 ns
add_force {/uyg82/g} -radix hex {3 0ns}
run 100 ns
add_force {/uyg82/g} -radix hex {2 0ns}
run 100 ns
close_sim
INFO: [Simtcl 6-16] Simulation closed
launch_simulation
INFO: [Vivado 12-5682] Launching behavioral simulation in 'E:/bildiri ve makaleler/kitap/fpga/uygulamalar/prj_bolum8_uyg2/prj_bolum8_uyg2.sim/sim_1/behav/xsim'
INFO: [SIM-utils-51] Simulation object is 'sim_1'
INFO: [SIM-utils-54] Inspecting design source files for 'uyg82' in fileset 'sim_1'...
INFO: [USF-XSim-97] Finding global include files...
INFO: [USF-XSim-98] Fetching design files from 'sim_1'...
INFO: [USF-XSim-2] XSim::Compile design
INFO: [USF-XSim-61] Executing 'COMPILE and ANALYZE' step in 'E:/bildiri ve makaleler/kitap/fpga/uygulamalar/prj_bolum8_uyg2/prj_bolum8_uyg2.sim/sim_1/behav/xsim'
"xvhdl --incr --relax -prj uyg82_vhdl.prj"
INFO: [VRFC 10-163] Analyzing VHDL file "E:/bildiri ve makaleler/kitap/fpga/uygulamalar/prj_bolum8_uyg2/prj_bolum8_uyg2.srcs/sources_1/new/uyg82.vhd" into library xil_defaultlib
INFO: [VRFC 10-307] analyzing entity uyg82
INFO: [USF-XSim-69] 'compile' step finished in '5' seconds
INFO: [USF-XSim-3] XSim::Elaborate design
INFO: [USF-XSim-61] Executing 'ELABORATE' step in 'E:/bildiri ve makaleler/kitap/fpga/uygulamalar/prj_bolum8_uyg2/prj_bolum8_uyg2.sim/sim_1/behav/xsim'
Vivado Simulator 2017.4
Copyright 1986-1999, 2001-2016 Xilinx, Inc. All Rights Reserved.
Running: C:/Xilinx/Vivado/2017.4/bin/unwrapped/win64.o/xelab.exe -wto d9627d6315e44f4db58dae32dd3c087f --incr --debug typical --relax --mt 2 -L xil_defaultlib -L secureip --snapshot uyg82_behav xil_defaultlib.uyg82 -log elaborate.log 
Using 2 slave threads.
Starting static elaboration
Completed static elaboration
Starting simulation data flow analysis
Completed simulation data flow analysis
Time Resolution for simulation is 1ps
Compiling package std.standard
Compiling package std.textio
Compiling package ieee.std_logic_1164
Compiling architecture behavioral of entity xil_defaultlib.uyg82
Built simulation snapshot uyg82_behav
run_program: Time (s): cpu = 00:00:01 ; elapsed = 00:00:07 . Memory (MB): peak = 778.234 ; gain = 0.000
INFO: [USF-XSim-69] 'elaborate' step finished in '6' seconds
INFO: [USF-XSim-4] XSim::Simulate design
INFO: [USF-XSim-61] Executing 'SIMULATE' step in 'E:/bildiri ve makaleler/kitap/fpga/uygulamalar/prj_bolum8_uyg2/prj_bolum8_uyg2.sim/sim_1/behav/xsim'
INFO: [USF-XSim-98] *** Running xsim
   with args "uyg82_behav -key {Behavioral:sim_1:Functional:uyg82} -tclbatch {uyg82.tcl} -log {simulate.log}"
INFO: [USF-XSim-8] Loading simulator feature
Vivado Simulator 2017.4
Time resolution is 1 ps
source uyg82.tcl
# set curr_wave [current_wave_config]
# if { [string length $curr_wave] == 0 } {
#   if { [llength [get_objects]] > 0} {
#     add_wave /
#     set_property needs_save false [current_wave_config]
#   } else {
#      send_msg_id Add_Wave-1 WARNING "No top level signals found. Simulator will start without a wave window. If you want to open a wave window go to 'File->New Waveform Configuration' or type 'create_wave_config' in the TCL console."
#   }
# }
# run 1000ns
INFO: [USF-XSim-96] XSim completed. Design snapshot 'uyg82_behav' loaded.
INFO: [USF-XSim-97] XSim simulation ran for 1000ns
launch_simulation: Time (s): cpu = 00:00:08 ; elapsed = 00:00:18 . Memory (MB): peak = 778.234 ; gain = 0.000
add_force {/uyg82/clk} -radix hex {0 0ns} {1 50000ps} -repeat_every 100000ps
add_force {/uyg82/rst} -radix hex {0 0ns}
add_force {/uyg82/g} -radix hex {2 0ns}
run 100 ns
add_force {/uyg82/g} -radix hex {3 0ns}
run 100 ns
add_force {/uyg82/g} -radix hex {2 0ns}
run 100 ns
close_sim
INFO: [Simtcl 6-16] Simulation closed
launch_simulation
INFO: [Vivado 12-5682] Launching behavioral simulation in 'E:/bildiri ve makaleler/kitap/fpga/uygulamalar/prj_bolum8_uyg2/prj_bolum8_uyg2.sim/sim_1/behav/xsim'
INFO: [SIM-utils-51] Simulation object is 'sim_1'
INFO: [SIM-utils-54] Inspecting design source files for 'uyg82' in fileset 'sim_1'...
INFO: [USF-XSim-97] Finding global include files...
INFO: [USF-XSim-98] Fetching design files from 'sim_1'...
INFO: [USF-XSim-2] XSim::Compile design
INFO: [USF-XSim-61] Executing 'COMPILE and ANALYZE' step in 'E:/bildiri ve makaleler/kitap/fpga/uygulamalar/prj_bolum8_uyg2/prj_bolum8_uyg2.sim/sim_1/behav/xsim'
"xvhdl --incr --relax -prj uyg82_vhdl.prj"
INFO: [VRFC 10-163] Analyzing VHDL file "E:/bildiri ve makaleler/kitap/fpga/uygulamalar/prj_bolum8_uyg2/prj_bolum8_uyg2.srcs/sources_1/new/uyg82.vhd" into library xil_defaultlib
INFO: [VRFC 10-307] analyzing entity uyg82
INFO: [USF-XSim-69] 'compile' step finished in '4' seconds
INFO: [USF-XSim-3] XSim::Elaborate design
INFO: [USF-XSim-61] Executing 'ELABORATE' step in 'E:/bildiri ve makaleler/kitap/fpga/uygulamalar/prj_bolum8_uyg2/prj_bolum8_uyg2.sim/sim_1/behav/xsim'
Vivado Simulator 2017.4
Copyright 1986-1999, 2001-2016 Xilinx, Inc. All Rights Reserved.
Running: C:/Xilinx/Vivado/2017.4/bin/unwrapped/win64.o/xelab.exe -wto d9627d6315e44f4db58dae32dd3c087f --incr --debug typical --relax --mt 2 -L xil_defaultlib -L secureip --snapshot uyg82_behav xil_defaultlib.uyg82 -log elaborate.log 
Using 2 slave threads.
Starting static elaboration
Completed static elaboration
Starting simulation data flow analysis
Completed simulation data flow analysis
Time Resolution for simulation is 1ps
Compiling package std.standard
Compiling package std.textio
Compiling package ieee.std_logic_1164
Compiling architecture behavioral of entity xil_defaultlib.uyg82
Built simulation snapshot uyg82_behav
run_program: Time (s): cpu = 00:00:00 ; elapsed = 00:00:07 . Memory (MB): peak = 781.820 ; gain = 0.000
INFO: [USF-XSim-69] 'elaborate' step finished in '6' seconds
INFO: [USF-XSim-4] XSim::Simulate design
INFO: [USF-XSim-61] Executing 'SIMULATE' step in 'E:/bildiri ve makaleler/kitap/fpga/uygulamalar/prj_bolum8_uyg2/prj_bolum8_uyg2.sim/sim_1/behav/xsim'
INFO: [USF-XSim-98] *** Running xsim
   with args "uyg82_behav -key {Behavioral:sim_1:Functional:uyg82} -tclbatch {uyg82.tcl} -log {simulate.log}"
INFO: [USF-XSim-8] Loading simulator feature
Vivado Simulator 2017.4
Time resolution is 1 ps
source uyg82.tcl
# set curr_wave [current_wave_config]
# if { [string length $curr_wave] == 0 } {
#   if { [llength [get_objects]] > 0} {
#     add_wave /
#     set_property needs_save false [current_wave_config]
#   } else {
#      send_msg_id Add_Wave-1 WARNING "No top level signals found. Simulator will start without a wave window. If you want to open a wave window go to 'File->New Waveform Configuration' or type 'create_wave_config' in the TCL console."
#   }
# }
# run 1000ns
INFO: [USF-XSim-96] XSim completed. Design snapshot 'uyg82_behav' loaded.
INFO: [USF-XSim-97] XSim simulation ran for 1000ns
launch_simulation: Time (s): cpu = 00:00:06 ; elapsed = 00:00:17 . Memory (MB): peak = 781.820 ; gain = 0.000
add_force {/uyg82/clk} -radix hex {0 0ns} {1 50000ps} -repeat_every 100000ps
add_force {/uyg82/rst} -radix hex {0 0ns}
add_force {/uyg82/g} -radix hex {2 0ns}
run 100 ns
add_force {/uyg82/g} -radix hex {3 0ns}
run 100 ns
close_sim
INFO: [Simtcl 6-16] Simulation closed
launch_simulation
INFO: [Vivado 12-5682] Launching behavioral simulation in 'E:/bildiri ve makaleler/kitap/fpga/uygulamalar/prj_bolum8_uyg2/prj_bolum8_uyg2.sim/sim_1/behav/xsim'
INFO: [SIM-utils-51] Simulation object is 'sim_1'
INFO: [SIM-utils-54] Inspecting design source files for 'uyg82' in fileset 'sim_1'...
INFO: [USF-XSim-97] Finding global include files...
INFO: [USF-XSim-98] Fetching design files from 'sim_1'...
INFO: [USF-XSim-2] XSim::Compile design
INFO: [USF-XSim-61] Executing 'COMPILE and ANALYZE' step in 'E:/bildiri ve makaleler/kitap/fpga/uygulamalar/prj_bolum8_uyg2/prj_bolum8_uyg2.sim/sim_1/behav/xsim'
"xvhdl --incr --relax -prj uyg82_vhdl.prj"
INFO: [VRFC 10-163] Analyzing VHDL file "E:/bildiri ve makaleler/kitap/fpga/uygulamalar/prj_bolum8_uyg2/prj_bolum8_uyg2.srcs/sources_1/new/uyg82.vhd" into library xil_defaultlib
INFO: [VRFC 10-307] analyzing entity uyg82
run_program: Time (s): cpu = 00:00:00 ; elapsed = 00:00:05 . Memory (MB): peak = 781.820 ; gain = 0.000
INFO: [USF-XSim-69] 'compile' step finished in '5' seconds
INFO: [USF-XSim-3] XSim::Elaborate design
INFO: [USF-XSim-61] Executing 'ELABORATE' step in 'E:/bildiri ve makaleler/kitap/fpga/uygulamalar/prj_bolum8_uyg2/prj_bolum8_uyg2.sim/sim_1/behav/xsim'
Vivado Simulator 2017.4
Copyright 1986-1999, 2001-2016 Xilinx, Inc. All Rights Reserved.
Running: C:/Xilinx/Vivado/2017.4/bin/unwrapped/win64.o/xelab.exe -wto d9627d6315e44f4db58dae32dd3c087f --incr --debug typical --relax --mt 2 -L xil_defaultlib -L secureip --snapshot uyg82_behav xil_defaultlib.uyg82 -log elaborate.log 
Using 2 slave threads.
Starting static elaboration
Completed static elaboration
Starting simulation data flow analysis
Completed simulation data flow analysis
Time Resolution for simulation is 1ps
Compiling package std.standard
Compiling package std.textio
Compiling package ieee.std_logic_1164
Compiling architecture behavioral of entity xil_defaultlib.uyg82
Built simulation snapshot uyg82_behav
run_program: Time (s): cpu = 00:00:01 ; elapsed = 00:00:07 . Memory (MB): peak = 781.820 ; gain = 0.000
INFO: [USF-XSim-69] 'elaborate' step finished in '6' seconds
INFO: [USF-XSim-4] XSim::Simulate design
INFO: [USF-XSim-61] Executing 'SIMULATE' step in 'E:/bildiri ve makaleler/kitap/fpga/uygulamalar/prj_bolum8_uyg2/prj_bolum8_uyg2.sim/sim_1/behav/xsim'
INFO: [USF-XSim-98] *** Running xsim
   with args "uyg82_behav -key {Behavioral:sim_1:Functional:uyg82} -tclbatch {uyg82.tcl} -log {simulate.log}"
INFO: [USF-XSim-8] Loading simulator feature
Vivado Simulator 2017.4
Time resolution is 1 ps
source uyg82.tcl
# set curr_wave [current_wave_config]
# if { [string length $curr_wave] == 0 } {
#   if { [llength [get_objects]] > 0} {
#     add_wave /
#     set_property needs_save false [current_wave_config]
#   } else {
#      send_msg_id Add_Wave-1 WARNING "No top level signals found. Simulator will start without a wave window. If you want to open a wave window go to 'File->New Waveform Configuration' or type 'create_wave_config' in the TCL console."
#   }
# }
# run 1000ns
INFO: [USF-XSim-96] XSim completed. Design snapshot 'uyg82_behav' loaded.
INFO: [USF-XSim-97] XSim simulation ran for 1000ns
launch_simulation: Time (s): cpu = 00:00:09 ; elapsed = 00:00:18 . Memory (MB): peak = 781.820 ; gain = 0.000
add_force {/uyg82/clk} -radix hex {0 0ns} {1 50000ps} -repeat_every 100000ps
add_force {/uyg82/rst} -radix hex {0 0ns}
add_force {/uyg82/g} -radix hex {2 0ns}
run 100 ns
add_force {/uyg82/g} -radix hex {3 0ns}
run 100 ns
add_force {/uyg82/g} -radix hex {1 0ns}
run 100 ns
add_force {/uyg82/g} -radix hex {0 0ns}
run 100 ns
close_sim
INFO: [Simtcl 6-16] Simulation closed
launch_simulation
INFO: [Vivado 12-5682] Launching behavioral simulation in 'E:/bildiri ve makaleler/kitap/fpga/uygulamalar/prj_bolum8_uyg2/prj_bolum8_uyg2.sim/sim_1/behav/xsim'
INFO: [SIM-utils-51] Simulation object is 'sim_1'
INFO: [SIM-utils-54] Inspecting design source files for 'uyg82' in fileset 'sim_1'...
INFO: [USF-XSim-97] Finding global include files...
INFO: [USF-XSim-98] Fetching design files from 'sim_1'...
INFO: [USF-XSim-2] XSim::Compile design
INFO: [USF-XSim-61] Executing 'COMPILE and ANALYZE' step in 'E:/bildiri ve makaleler/kitap/fpga/uygulamalar/prj_bolum8_uyg2/prj_bolum8_uyg2.sim/sim_1/behav/xsim'
"xvhdl --incr --relax -prj uyg82_vhdl.prj"
INFO: [VRFC 10-163] Analyzing VHDL file "E:/bildiri ve makaleler/kitap/fpga/uygulamalar/prj_bolum8_uyg2/prj_bolum8_uyg2.srcs/sources_1/new/uyg82.vhd" into library xil_defaultlib
INFO: [VRFC 10-307] analyzing entity uyg82
INFO: [USF-XSim-69] 'compile' step finished in '4' seconds
INFO: [USF-XSim-3] XSim::Elaborate design
INFO: [USF-XSim-61] Executing 'ELABORATE' step in 'E:/bildiri ve makaleler/kitap/fpga/uygulamalar/prj_bolum8_uyg2/prj_bolum8_uyg2.sim/sim_1/behav/xsim'
Vivado Simulator 2017.4
Copyright 1986-1999, 2001-2016 Xilinx, Inc. All Rights Reserved.
Running: C:/Xilinx/Vivado/2017.4/bin/unwrapped/win64.o/xelab.exe -wto d9627d6315e44f4db58dae32dd3c087f --incr --debug typical --relax --mt 2 -L xil_defaultlib -L secureip --snapshot uyg82_behav xil_defaultlib.uyg82 -log elaborate.log 
Using 2 slave threads.
Starting static elaboration
WARNING: [VRFC 10-516] comparison between unequal length arrays always returns FALSE [E:/bildiri ve makaleler/kitap/fpga/uygulamalar/prj_bolum8_uyg2/prj_bolum8_uyg2.srcs/sources_1/new/uyg82.vhd:36]
Completed static elaboration
Starting simulation data flow analysis
Completed simulation data flow analysis
Time Resolution for simulation is 1ps
Compiling package std.standard
Compiling package std.textio
Compiling package ieee.std_logic_1164
Compiling architecture behavioral of entity xil_defaultlib.uyg82
Built simulation snapshot uyg82_behav
run_program: Time (s): cpu = 00:00:00 ; elapsed = 00:00:07 . Memory (MB): peak = 782.910 ; gain = 0.000
INFO: [USF-XSim-69] 'elaborate' step finished in '6' seconds
INFO: [USF-XSim-4] XSim::Simulate design
INFO: [USF-XSim-61] Executing 'SIMULATE' step in 'E:/bildiri ve makaleler/kitap/fpga/uygulamalar/prj_bolum8_uyg2/prj_bolum8_uyg2.sim/sim_1/behav/xsim'
INFO: [USF-XSim-98] *** Running xsim
   with args "uyg82_behav -key {Behavioral:sim_1:Functional:uyg82} -tclbatch {uyg82.tcl} -log {simulate.log}"
INFO: [USF-XSim-8] Loading simulator feature
Vivado Simulator 2017.4
Time resolution is 1 ps
source uyg82.tcl
# set curr_wave [current_wave_config]
# if { [string length $curr_wave] == 0 } {
#   if { [llength [get_objects]] > 0} {
#     add_wave /
#     set_property needs_save false [current_wave_config]
#   } else {
#      send_msg_id Add_Wave-1 WARNING "No top level signals found. Simulator will start without a wave window. If you want to open a wave window go to 'File->New Waveform Configuration' or type 'create_wave_config' in the TCL console."
#   }
# }
# run 1000ns
INFO: [USF-XSim-96] XSim completed. Design snapshot 'uyg82_behav' loaded.
INFO: [USF-XSim-97] XSim simulation ran for 1000ns
launch_simulation: Time (s): cpu = 00:00:07 ; elapsed = 00:00:18 . Memory (MB): peak = 782.910 ; gain = 0.000
add_force {/uyg82/clk} -radix hex {0 0ns} {1 50000ps} -repeat_every 100000ps
add_force {/uyg82/rst} -radix hex {0 0ns}
add_force {/uyg82/g} -radix hex {2 0ns}
run 100 ns
run 100 ns
run 100 ns
add_force {/uyg82/g} -radix hex {0 0ns}
run 100 ns
run 100 ns
run 100 ns
close_sim
INFO: [Simtcl 6-16] Simulation closed
launch_simulation
INFO: [Vivado 12-5682] Launching behavioral simulation in 'E:/bildiri ve makaleler/kitap/fpga/uygulamalar/prj_bolum8_uyg2/prj_bolum8_uyg2.sim/sim_1/behav/xsim'
INFO: [SIM-utils-51] Simulation object is 'sim_1'
INFO: [SIM-utils-54] Inspecting design source files for 'uyg82' in fileset 'sim_1'...
INFO: [USF-XSim-97] Finding global include files...
INFO: [USF-XSim-98] Fetching design files from 'sim_1'...
INFO: [USF-XSim-2] XSim::Compile design
INFO: [USF-XSim-61] Executing 'COMPILE and ANALYZE' step in 'E:/bildiri ve makaleler/kitap/fpga/uygulamalar/prj_bolum8_uyg2/prj_bolum8_uyg2.sim/sim_1/behav/xsim'
"xvhdl --incr --relax -prj uyg82_vhdl.prj"
INFO: [VRFC 10-163] Analyzing VHDL file "E:/bildiri ve makaleler/kitap/fpga/uygulamalar/prj_bolum8_uyg2/prj_bolum8_uyg2.srcs/sources_1/new/uyg82.vhd" into library xil_defaultlib
INFO: [VRFC 10-307] analyzing entity uyg82
INFO: [USF-XSim-69] 'compile' step finished in '4' seconds
INFO: [USF-XSim-3] XSim::Elaborate design
INFO: [USF-XSim-61] Executing 'ELABORATE' step in 'E:/bildiri ve makaleler/kitap/fpga/uygulamalar/prj_bolum8_uyg2/prj_bolum8_uyg2.sim/sim_1/behav/xsim'
Vivado Simulator 2017.4
Copyright 1986-1999, 2001-2016 Xilinx, Inc. All Rights Reserved.
Running: C:/Xilinx/Vivado/2017.4/bin/unwrapped/win64.o/xelab.exe -wto d9627d6315e44f4db58dae32dd3c087f --incr --debug typical --relax --mt 2 -L xil_defaultlib -L secureip --snapshot uyg82_behav xil_defaultlib.uyg82 -log elaborate.log 
Using 2 slave threads.
Starting static elaboration
WARNING: [VRFC 10-516] comparison between unequal length arrays always returns FALSE [E:/bildiri ve makaleler/kitap/fpga/uygulamalar/prj_bolum8_uyg2/prj_bolum8_uyg2.srcs/sources_1/new/uyg82.vhd:31]
WARNING: [VRFC 10-516] comparison between unequal length arrays always returns FALSE [E:/bildiri ve makaleler/kitap/fpga/uygulamalar/prj_bolum8_uyg2/prj_bolum8_uyg2.srcs/sources_1/new/uyg82.vhd:41]
Completed static elaboration
Starting simulation data flow analysis
Completed simulation data flow analysis
Time Resolution for simulation is 1ps
Compiling package std.standard
Compiling package std.textio
Compiling package ieee.std_logic_1164
Compiling architecture behavioral of entity xil_defaultlib.uyg82
Built simulation snapshot uyg82_behav
run_program: Time (s): cpu = 00:00:00 ; elapsed = 00:00:07 . Memory (MB): peak = 799.422 ; gain = 0.000
INFO: [USF-XSim-69] 'elaborate' step finished in '6' seconds
INFO: [USF-XSim-4] XSim::Simulate design
INFO: [USF-XSim-61] Executing 'SIMULATE' step in 'E:/bildiri ve makaleler/kitap/fpga/uygulamalar/prj_bolum8_uyg2/prj_bolum8_uyg2.sim/sim_1/behav/xsim'
INFO: [USF-XSim-98] *** Running xsim
   with args "uyg82_behav -key {Behavioral:sim_1:Functional:uyg82} -tclbatch {uyg82.tcl} -log {simulate.log}"
INFO: [USF-XSim-8] Loading simulator feature
Vivado Simulator 2017.4
Time resolution is 1 ps
source uyg82.tcl
# set curr_wave [current_wave_config]
# if { [string length $curr_wave] == 0 } {
#   if { [llength [get_objects]] > 0} {
#     add_wave /
#     set_property needs_save false [current_wave_config]
#   } else {
#      send_msg_id Add_Wave-1 WARNING "No top level signals found. Simulator will start without a wave window. If you want to open a wave window go to 'File->New Waveform Configuration' or type 'create_wave_config' in the TCL console."
#   }
# }
# run 1000ns
INFO: [USF-XSim-96] XSim completed. Design snapshot 'uyg82_behav' loaded.
INFO: [USF-XSim-97] XSim simulation ran for 1000ns
launch_simulation: Time (s): cpu = 00:00:06 ; elapsed = 00:00:17 . Memory (MB): peak = 799.422 ; gain = 0.000
add_force {/uyg82/clk} -radix hex {0 0ns} {1 50000ps} -repeat_every 100000ps
add_force {/uyg82/rst} -radix hex {0 0ns}
add_force {/uyg82/g} -radix hex {2 0ns}
run 100 ns
add_force {/uyg82/g} -radix hex {0 0ns}
run 100 ns
run 100 ns
close_sim
INFO: [Simtcl 6-16] Simulation closed
launch_simulation
INFO: [Vivado 12-5682] Launching behavioral simulation in 'E:/bildiri ve makaleler/kitap/fpga/uygulamalar/prj_bolum8_uyg2/prj_bolum8_uyg2.sim/sim_1/behav/xsim'
INFO: [SIM-utils-51] Simulation object is 'sim_1'
INFO: [SIM-utils-54] Inspecting design source files for 'uyg82' in fileset 'sim_1'...
INFO: [USF-XSim-97] Finding global include files...
INFO: [USF-XSim-98] Fetching design files from 'sim_1'...
INFO: [USF-XSim-2] XSim::Compile design
INFO: [USF-XSim-61] Executing 'COMPILE and ANALYZE' step in 'E:/bildiri ve makaleler/kitap/fpga/uygulamalar/prj_bolum8_uyg2/prj_bolum8_uyg2.sim/sim_1/behav/xsim'
"xvhdl --incr --relax -prj uyg82_vhdl.prj"
INFO: [VRFC 10-163] Analyzing VHDL file "E:/bildiri ve makaleler/kitap/fpga/uygulamalar/prj_bolum8_uyg2/prj_bolum8_uyg2.srcs/sources_1/new/uyg82.vhd" into library xil_defaultlib
INFO: [VRFC 10-307] analyzing entity uyg82
INFO: [USF-XSim-69] 'compile' step finished in '5' seconds
INFO: [USF-XSim-3] XSim::Elaborate design
INFO: [USF-XSim-61] Executing 'ELABORATE' step in 'E:/bildiri ve makaleler/kitap/fpga/uygulamalar/prj_bolum8_uyg2/prj_bolum8_uyg2.sim/sim_1/behav/xsim'
Vivado Simulator 2017.4
Copyright 1986-1999, 2001-2016 Xilinx, Inc. All Rights Reserved.
Running: C:/Xilinx/Vivado/2017.4/bin/unwrapped/win64.o/xelab.exe -wto d9627d6315e44f4db58dae32dd3c087f --incr --debug typical --relax --mt 2 -L xil_defaultlib -L secureip --snapshot uyg82_behav xil_defaultlib.uyg82 -log elaborate.log 
Using 2 slave threads.
Starting static elaboration
WARNING: [VRFC 10-516] comparison between unequal length arrays always returns FALSE [E:/bildiri ve makaleler/kitap/fpga/uygulamalar/prj_bolum8_uyg2/prj_bolum8_uyg2.srcs/sources_1/new/uyg82.vhd:31]
WARNING: [VRFC 10-516] comparison between unequal length arrays always returns FALSE [E:/bildiri ve makaleler/kitap/fpga/uygulamalar/prj_bolum8_uyg2/prj_bolum8_uyg2.srcs/sources_1/new/uyg82.vhd:41]
Completed static elaboration
Starting simulation data flow analysis
Completed simulation data flow analysis
Time Resolution for simulation is 1ps
Compiling package std.standard
Compiling package std.textio
Compiling package ieee.std_logic_1164
Compiling architecture behavioral of entity xil_defaultlib.uyg82
Built simulation snapshot uyg82_behav
run_program: Time (s): cpu = 00:00:00 ; elapsed = 00:00:07 . Memory (MB): peak = 799.422 ; gain = 0.000
INFO: [USF-XSim-69] 'elaborate' step finished in '7' seconds
INFO: [USF-XSim-4] XSim::Simulate design
INFO: [USF-XSim-61] Executing 'SIMULATE' step in 'E:/bildiri ve makaleler/kitap/fpga/uygulamalar/prj_bolum8_uyg2/prj_bolum8_uyg2.sim/sim_1/behav/xsim'
INFO: [USF-XSim-98] *** Running xsim
   with args "uyg82_behav -key {Behavioral:sim_1:Functional:uyg82} -tclbatch {uyg82.tcl} -log {simulate.log}"
INFO: [USF-XSim-8] Loading simulator feature
Vivado Simulator 2017.4
Time resolution is 1 ps
source uyg82.tcl
# set curr_wave [current_wave_config]
# if { [string length $curr_wave] == 0 } {
#   if { [llength [get_objects]] > 0} {
#     add_wave /
#     set_property needs_save false [current_wave_config]
#   } else {
#      send_msg_id Add_Wave-1 WARNING "No top level signals found. Simulator will start without a wave window. If you want to open a wave window go to 'File->New Waveform Configuration' or type 'create_wave_config' in the TCL console."
#   }
# }
# run 1000ns
INFO: [USF-XSim-96] XSim completed. Design snapshot 'uyg82_behav' loaded.
INFO: [USF-XSim-97] XSim simulation ran for 1000ns
launch_simulation: Time (s): cpu = 00:00:06 ; elapsed = 00:00:17 . Memory (MB): peak = 799.422 ; gain = 0.000
add_force {/uyg82/clk} -radix hex {0 0ns} {1 50000ps} -repeat_every 100000ps
add_force {/uyg82/rst} -radix hex {0 0ns}
add_force {/uyg82/g} -radix hex {2 0ns}
run 100 ns
run 100 ns
add_force {/uyg82/g} -radix hex {0 0ns}
run 100 ns
run 100 ns
run 100 ns
run 100 ns
run 100 ns
close_sim
INFO: [Simtcl 6-16] Simulation closed
launch_simulation
INFO: [Vivado 12-5682] Launching behavioral simulation in 'E:/bildiri ve makaleler/kitap/fpga/uygulamalar/prj_bolum8_uyg2/prj_bolum8_uyg2.sim/sim_1/behav/xsim'
INFO: [SIM-utils-51] Simulation object is 'sim_1'
INFO: [SIM-utils-54] Inspecting design source files for 'uyg82' in fileset 'sim_1'...
INFO: [USF-XSim-97] Finding global include files...
INFO: [USF-XSim-98] Fetching design files from 'sim_1'...
INFO: [USF-XSim-2] XSim::Compile design
INFO: [USF-XSim-61] Executing 'COMPILE and ANALYZE' step in 'E:/bildiri ve makaleler/kitap/fpga/uygulamalar/prj_bolum8_uyg2/prj_bolum8_uyg2.sim/sim_1/behav/xsim'
"xvhdl --incr --relax -prj uyg82_vhdl.prj"
INFO: [VRFC 10-163] Analyzing VHDL file "E:/bildiri ve makaleler/kitap/fpga/uygulamalar/prj_bolum8_uyg2/prj_bolum8_uyg2.srcs/sources_1/new/uyg82.vhd" into library xil_defaultlib
INFO: [VRFC 10-307] analyzing entity uyg82
INFO: [USF-XSim-69] 'compile' step finished in '5' seconds
INFO: [USF-XSim-3] XSim::Elaborate design
INFO: [USF-XSim-61] Executing 'ELABORATE' step in 'E:/bildiri ve makaleler/kitap/fpga/uygulamalar/prj_bolum8_uyg2/prj_bolum8_uyg2.sim/sim_1/behav/xsim'
Vivado Simulator 2017.4
Copyright 1986-1999, 2001-2016 Xilinx, Inc. All Rights Reserved.
Running: C:/Xilinx/Vivado/2017.4/bin/unwrapped/win64.o/xelab.exe -wto d9627d6315e44f4db58dae32dd3c087f --incr --debug typical --relax --mt 2 -L xil_defaultlib -L secureip --snapshot uyg82_behav xil_defaultlib.uyg82 -log elaborate.log 
Using 2 slave threads.
Starting static elaboration
WARNING: [VRFC 10-516] comparison between unequal length arrays always returns FALSE [E:/bildiri ve makaleler/kitap/fpga/uygulamalar/prj_bolum8_uyg2/prj_bolum8_uyg2.srcs/sources_1/new/uyg82.vhd:41]
Completed static elaboration
Starting simulation data flow analysis
Completed simulation data flow analysis
Time Resolution for simulation is 1ps
Compiling package std.standard
Compiling package std.textio
Compiling package ieee.std_logic_1164
Compiling architecture behavioral of entity xil_defaultlib.uyg82
Built simulation snapshot uyg82_behav
run_program: Time (s): cpu = 00:00:00 ; elapsed = 00:00:07 . Memory (MB): peak = 799.422 ; gain = 0.000
INFO: [USF-XSim-69] 'elaborate' step finished in '7' seconds
INFO: [USF-XSim-4] XSim::Simulate design
INFO: [USF-XSim-61] Executing 'SIMULATE' step in 'E:/bildiri ve makaleler/kitap/fpga/uygulamalar/prj_bolum8_uyg2/prj_bolum8_uyg2.sim/sim_1/behav/xsim'
INFO: [USF-XSim-98] *** Running xsim
   with args "uyg82_behav -key {Behavioral:sim_1:Functional:uyg82} -tclbatch {uyg82.tcl} -log {simulate.log}"
INFO: [USF-XSim-8] Loading simulator feature
Vivado Simulator 2017.4
Time resolution is 1 ps
source uyg82.tcl
# set curr_wave [current_wave_config]
# if { [string length $curr_wave] == 0 } {
#   if { [llength [get_objects]] > 0} {
#     add_wave /
#     set_property needs_save false [current_wave_config]
#   } else {
#      send_msg_id Add_Wave-1 WARNING "No top level signals found. Simulator will start without a wave window. If you want to open a wave window go to 'File->New Waveform Configuration' or type 'create_wave_config' in the TCL console."
#   }
# }
# run 1000ns
INFO: [USF-XSim-96] XSim completed. Design snapshot 'uyg82_behav' loaded.
INFO: [USF-XSim-97] XSim simulation ran for 1000ns
launch_simulation: Time (s): cpu = 00:00:06 ; elapsed = 00:00:18 . Memory (MB): peak = 799.422 ; gain = 0.000
add_force {/uyg82/clk} -radix hex {0 0ns} {1 50000ps} -repeat_every 100000ps
add_force {/uyg82/rst} -radix hex {0 0ns}
add_force {/uyg82/g} -radix hex {2 0ns}
run 100 ns
run 100 ns
add_force {/uyg82/g} -radix hex {1 0ns}
run 100 ns
run 100 ns
close_sim
INFO: [Simtcl 6-16] Simulation closed
launch_simulation
INFO: [Vivado 12-5682] Launching behavioral simulation in 'E:/bildiri ve makaleler/kitap/fpga/uygulamalar/prj_bolum8_uyg2/prj_bolum8_uyg2.sim/sim_1/behav/xsim'
INFO: [SIM-utils-51] Simulation object is 'sim_1'
INFO: [SIM-utils-54] Inspecting design source files for 'uyg82' in fileset 'sim_1'...
INFO: [USF-XSim-97] Finding global include files...
INFO: [USF-XSim-98] Fetching design files from 'sim_1'...
INFO: [USF-XSim-2] XSim::Compile design
INFO: [USF-XSim-61] Executing 'COMPILE and ANALYZE' step in 'E:/bildiri ve makaleler/kitap/fpga/uygulamalar/prj_bolum8_uyg2/prj_bolum8_uyg2.sim/sim_1/behav/xsim'
"xvhdl --incr --relax -prj uyg82_vhdl.prj"
INFO: [VRFC 10-163] Analyzing VHDL file "E:/bildiri ve makaleler/kitap/fpga/uygulamalar/prj_bolum8_uyg2/prj_bolum8_uyg2.srcs/sources_1/new/uyg82.vhd" into library xil_defaultlib
INFO: [VRFC 10-307] analyzing entity uyg82
INFO: [USF-XSim-69] 'compile' step finished in '5' seconds
INFO: [USF-XSim-3] XSim::Elaborate design
INFO: [USF-XSim-61] Executing 'ELABORATE' step in 'E:/bildiri ve makaleler/kitap/fpga/uygulamalar/prj_bolum8_uyg2/prj_bolum8_uyg2.sim/sim_1/behav/xsim'
Vivado Simulator 2017.4
Copyright 1986-1999, 2001-2016 Xilinx, Inc. All Rights Reserved.
Running: C:/Xilinx/Vivado/2017.4/bin/unwrapped/win64.o/xelab.exe -wto d9627d6315e44f4db58dae32dd3c087f --incr --debug typical --relax --mt 2 -L xil_defaultlib -L secureip --snapshot uyg82_behav xil_defaultlib.uyg82 -log elaborate.log 
Using 2 slave threads.
Starting static elaboration
Completed static elaboration
Starting simulation data flow analysis
Completed simulation data flow analysis
Time Resolution for simulation is 1ps
Compiling package std.standard
Compiling package std.textio
Compiling package ieee.std_logic_1164
Compiling architecture behavioral of entity xil_defaultlib.uyg82
Built simulation snapshot uyg82_behav
run_program: Time (s): cpu = 00:00:01 ; elapsed = 00:00:07 . Memory (MB): peak = 799.422 ; gain = 0.000
INFO: [USF-XSim-69] 'elaborate' step finished in '6' seconds
INFO: [USF-XSim-4] XSim::Simulate design
INFO: [USF-XSim-61] Executing 'SIMULATE' step in 'E:/bildiri ve makaleler/kitap/fpga/uygulamalar/prj_bolum8_uyg2/prj_bolum8_uyg2.sim/sim_1/behav/xsim'
INFO: [USF-XSim-98] *** Running xsim
   with args "uyg82_behav -key {Behavioral:sim_1:Functional:uyg82} -tclbatch {uyg82.tcl} -log {simulate.log}"
INFO: [USF-XSim-8] Loading simulator feature
Vivado Simulator 2017.4
Time resolution is 1 ps
source uyg82.tcl
# set curr_wave [current_wave_config]
# if { [string length $curr_wave] == 0 } {
#   if { [llength [get_objects]] > 0} {
#     add_wave /
#     set_property needs_save false [current_wave_config]
#   } else {
#      send_msg_id Add_Wave-1 WARNING "No top level signals found. Simulator will start without a wave window. If you want to open a wave window go to 'File->New Waveform Configuration' or type 'create_wave_config' in the TCL console."
#   }
# }
# run 1000ns
INFO: [USF-XSim-96] XSim completed. Design snapshot 'uyg82_behav' loaded.
INFO: [USF-XSim-97] XSim simulation ran for 1000ns
launch_simulation: Time (s): cpu = 00:00:08 ; elapsed = 00:00:18 . Memory (MB): peak = 799.422 ; gain = 0.000
add_force {/uyg82/clk} -radix hex {0 0ns} {1 50000ps} -repeat_every 100000ps
add_force {/uyg82/rst} -radix hex {0 0ns}
add_force {/uyg82/g} -radix hex {2 0ns}
run 100 ns
run 100 ns
add_force {/uyg82/g} -radix hex {1 0ns}
run 100 ns
run 100 ns
close_sim
INFO: [Simtcl 6-16] Simulation closed
launch_simulation
INFO: [Vivado 12-5682] Launching behavioral simulation in 'E:/bildiri ve makaleler/kitap/fpga/uygulamalar/prj_bolum8_uyg2/prj_bolum8_uyg2.sim/sim_1/behav/xsim'
INFO: [SIM-utils-51] Simulation object is 'sim_1'
INFO: [SIM-utils-54] Inspecting design source files for 'uyg82' in fileset 'sim_1'...
INFO: [USF-XSim-97] Finding global include files...
INFO: [USF-XSim-98] Fetching design files from 'sim_1'...
INFO: [USF-XSim-2] XSim::Compile design
INFO: [USF-XSim-61] Executing 'COMPILE and ANALYZE' step in 'E:/bildiri ve makaleler/kitap/fpga/uygulamalar/prj_bolum8_uyg2/prj_bolum8_uyg2.sim/sim_1/behav/xsim'
"xvhdl --incr --relax -prj uyg82_vhdl.prj"
INFO: [VRFC 10-163] Analyzing VHDL file "E:/bildiri ve makaleler/kitap/fpga/uygulamalar/prj_bolum8_uyg2/prj_bolum8_uyg2.srcs/sources_1/new/uyg82.vhd" into library xil_defaultlib
INFO: [VRFC 10-307] analyzing entity uyg82
INFO: [USF-XSim-69] 'compile' step finished in '5' seconds
INFO: [USF-XSim-3] XSim::Elaborate design
INFO: [USF-XSim-61] Executing 'ELABORATE' step in 'E:/bildiri ve makaleler/kitap/fpga/uygulamalar/prj_bolum8_uyg2/prj_bolum8_uyg2.sim/sim_1/behav/xsim'
Vivado Simulator 2017.4
Copyright 1986-1999, 2001-2016 Xilinx, Inc. All Rights Reserved.
Running: C:/Xilinx/Vivado/2017.4/bin/unwrapped/win64.o/xelab.exe -wto d9627d6315e44f4db58dae32dd3c087f --incr --debug typical --relax --mt 2 -L xil_defaultlib -L secureip --snapshot uyg82_behav xil_defaultlib.uyg82 -log elaborate.log 
Using 2 slave threads.
Starting static elaboration
Completed static elaboration
Starting simulation data flow analysis
Completed simulation data flow analysis
Time Resolution for simulation is 1ps
Compiling package std.standard
Compiling package std.textio
Compiling package ieee.std_logic_1164
Compiling architecture behavioral of entity xil_defaultlib.uyg82
Built simulation snapshot uyg82_behav
run_program: Time (s): cpu = 00:00:00 ; elapsed = 00:00:07 . Memory (MB): peak = 806.633 ; gain = 0.000
INFO: [USF-XSim-69] 'elaborate' step finished in '6' seconds
INFO: [USF-XSim-4] XSim::Simulate design
INFO: [USF-XSim-61] Executing 'SIMULATE' step in 'E:/bildiri ve makaleler/kitap/fpga/uygulamalar/prj_bolum8_uyg2/prj_bolum8_uyg2.sim/sim_1/behav/xsim'
INFO: [USF-XSim-98] *** Running xsim
   with args "uyg82_behav -key {Behavioral:sim_1:Functional:uyg82} -tclbatch {uyg82.tcl} -log {simulate.log}"
INFO: [USF-XSim-8] Loading simulator feature
Vivado Simulator 2017.4
Time resolution is 1 ps
source uyg82.tcl
# set curr_wave [current_wave_config]
# if { [string length $curr_wave] == 0 } {
#   if { [llength [get_objects]] > 0} {
#     add_wave /
#     set_property needs_save false [current_wave_config]
#   } else {
#      send_msg_id Add_Wave-1 WARNING "No top level signals found. Simulator will start without a wave window. If you want to open a wave window go to 'File->New Waveform Configuration' or type 'create_wave_config' in the TCL console."
#   }
# }
# run 1000ns
INFO: [USF-XSim-96] XSim completed. Design snapshot 'uyg82_behav' loaded.
INFO: [USF-XSim-97] XSim simulation ran for 1000ns
launch_simulation: Time (s): cpu = 00:00:08 ; elapsed = 00:00:18 . Memory (MB): peak = 806.633 ; gain = 0.000
add_force {/uyg82/clk} -radix hex {0 0ns} {1 50000ps} -repeat_every 100000ps
add_force {/uyg82/rst} -radix hex {0 0ns}
add_force {/uyg82/g} -radix hex {2 0ns}
run 100 ns
run 100 ns
run 100 ns
close_sim
INFO: [Simtcl 6-16] Simulation closed
launch_simulation
INFO: [Vivado 12-5682] Launching behavioral simulation in 'E:/bildiri ve makaleler/kitap/fpga/uygulamalar/prj_bolum8_uyg2/prj_bolum8_uyg2.sim/sim_1/behav/xsim'
INFO: [SIM-utils-51] Simulation object is 'sim_1'
INFO: [SIM-utils-54] Inspecting design source files for 'uyg82' in fileset 'sim_1'...
INFO: [USF-XSim-97] Finding global include files...
INFO: [USF-XSim-98] Fetching design files from 'sim_1'...
INFO: [USF-XSim-2] XSim::Compile design
INFO: [USF-XSim-61] Executing 'COMPILE and ANALYZE' step in 'E:/bildiri ve makaleler/kitap/fpga/uygulamalar/prj_bolum8_uyg2/prj_bolum8_uyg2.sim/sim_1/behav/xsim'
"xvhdl --incr --relax -prj uyg82_vhdl.prj"
INFO: [VRFC 10-163] Analyzing VHDL file "E:/bildiri ve makaleler/kitap/fpga/uygulamalar/prj_bolum8_uyg2/prj_bolum8_uyg2.srcs/sources_1/new/uyg82.vhd" into library xil_defaultlib
INFO: [VRFC 10-307] analyzing entity uyg82
INFO: [USF-XSim-69] 'compile' step finished in '5' seconds
INFO: [USF-XSim-3] XSim::Elaborate design
INFO: [USF-XSim-61] Executing 'ELABORATE' step in 'E:/bildiri ve makaleler/kitap/fpga/uygulamalar/prj_bolum8_uyg2/prj_bolum8_uyg2.sim/sim_1/behav/xsim'
Vivado Simulator 2017.4
Copyright 1986-1999, 2001-2016 Xilinx, Inc. All Rights Reserved.
Running: C:/Xilinx/Vivado/2017.4/bin/unwrapped/win64.o/xelab.exe -wto d9627d6315e44f4db58dae32dd3c087f --incr --debug typical --relax --mt 2 -L xil_defaultlib -L secureip --snapshot uyg82_behav xil_defaultlib.uyg82 -log elaborate.log 
Using 2 slave threads.
Starting static elaboration
Completed static elaboration
Starting simulation data flow analysis
Completed simulation data flow analysis
Time Resolution for simulation is 1ps
Compiling package std.standard
Compiling package std.textio
Compiling package ieee.std_logic_1164
Compiling architecture behavioral of entity xil_defaultlib.uyg82
Built simulation snapshot uyg82_behav
run_program: Time (s): cpu = 00:00:00 ; elapsed = 00:00:07 . Memory (MB): peak = 806.633 ; gain = 0.000
INFO: [USF-XSim-69] 'elaborate' step finished in '7' seconds
INFO: [USF-XSim-4] XSim::Simulate design
INFO: [USF-XSim-61] Executing 'SIMULATE' step in 'E:/bildiri ve makaleler/kitap/fpga/uygulamalar/prj_bolum8_uyg2/prj_bolum8_uyg2.sim/sim_1/behav/xsim'
INFO: [USF-XSim-98] *** Running xsim
   with args "uyg82_behav -key {Behavioral:sim_1:Functional:uyg82} -tclbatch {uyg82.tcl} -log {simulate.log}"
INFO: [USF-XSim-8] Loading simulator feature
Vivado Simulator 2017.4
Time resolution is 1 ps
source uyg82.tcl
# set curr_wave [current_wave_config]
# if { [string length $curr_wave] == 0 } {
#   if { [llength [get_objects]] > 0} {
#     add_wave /
#     set_property needs_save false [current_wave_config]
#   } else {
#      send_msg_id Add_Wave-1 WARNING "No top level signals found. Simulator will start without a wave window. If you want to open a wave window go to 'File->New Waveform Configuration' or type 'create_wave_config' in the TCL console."
#   }
# }
# run 1000ns
INFO: [USF-XSim-96] XSim completed. Design snapshot 'uyg82_behav' loaded.
INFO: [USF-XSim-97] XSim simulation ran for 1000ns
launch_simulation: Time (s): cpu = 00:00:07 ; elapsed = 00:00:18 . Memory (MB): peak = 806.633 ; gain = 0.000
add_force {/uyg82/clk} -radix hex {0 0ns} {1 50000ps} -repeat_every 100000ps
add_force {/uyg82/rst} -radix hex {0 0ns}
add_force {/uyg82/g} -radix hex {2 0ns}
run 100 ns
run 100 ns
close_sim
INFO: [Simtcl 6-16] Simulation closed
launch_simulation
INFO: [Vivado 12-5682] Launching behavioral simulation in 'E:/bildiri ve makaleler/kitap/fpga/uygulamalar/prj_bolum8_uyg2/prj_bolum8_uyg2.sim/sim_1/behav/xsim'
INFO: [SIM-utils-51] Simulation object is 'sim_1'
INFO: [SIM-utils-54] Inspecting design source files for 'uyg82' in fileset 'sim_1'...
INFO: [USF-XSim-97] Finding global include files...
INFO: [USF-XSim-98] Fetching design files from 'sim_1'...
INFO: [USF-XSim-2] XSim::Compile design
INFO: [USF-XSim-61] Executing 'COMPILE and ANALYZE' step in 'E:/bildiri ve makaleler/kitap/fpga/uygulamalar/prj_bolum8_uyg2/prj_bolum8_uyg2.sim/sim_1/behav/xsim'
"xvhdl --incr --relax -prj uyg82_vhdl.prj"
INFO: [VRFC 10-163] Analyzing VHDL file "E:/bildiri ve makaleler/kitap/fpga/uygulamalar/prj_bolum8_uyg2/prj_bolum8_uyg2.srcs/sources_1/new/uyg82.vhd" into library xil_defaultlib
INFO: [VRFC 10-307] analyzing entity uyg82
INFO: [USF-XSim-69] 'compile' step finished in '5' seconds
INFO: [USF-XSim-3] XSim::Elaborate design
INFO: [USF-XSim-61] Executing 'ELABORATE' step in 'E:/bildiri ve makaleler/kitap/fpga/uygulamalar/prj_bolum8_uyg2/prj_bolum8_uyg2.sim/sim_1/behav/xsim'
Vivado Simulator 2017.4
Copyright 1986-1999, 2001-2016 Xilinx, Inc. All Rights Reserved.
Running: C:/Xilinx/Vivado/2017.4/bin/unwrapped/win64.o/xelab.exe -wto d9627d6315e44f4db58dae32dd3c087f --incr --debug typical --relax --mt 2 -L xil_defaultlib -L secureip --snapshot uyg82_behav xil_defaultlib.uyg82 -log elaborate.log 
Using 2 slave threads.
Starting static elaboration
Completed static elaboration
Starting simulation data flow analysis
Completed simulation data flow analysis
Time Resolution for simulation is 1ps
Compiling package std.standard
Compiling package std.textio
Compiling package ieee.std_logic_1164
Compiling architecture behavioral of entity xil_defaultlib.uyg82
Built simulation snapshot uyg82_behav
run_program: Time (s): cpu = 00:00:00 ; elapsed = 00:00:07 . Memory (MB): peak = 806.633 ; gain = 0.000
INFO: [USF-XSim-69] 'elaborate' step finished in '7' seconds
INFO: [USF-XSim-4] XSim::Simulate design
INFO: [USF-XSim-61] Executing 'SIMULATE' step in 'E:/bildiri ve makaleler/kitap/fpga/uygulamalar/prj_bolum8_uyg2/prj_bolum8_uyg2.sim/sim_1/behav/xsim'
INFO: [USF-XSim-98] *** Running xsim
   with args "uyg82_behav -key {Behavioral:sim_1:Functional:uyg82} -tclbatch {uyg82.tcl} -log {simulate.log}"
INFO: [USF-XSim-8] Loading simulator feature
Vivado Simulator 2017.4
Time resolution is 1 ps
source uyg82.tcl
# set curr_wave [current_wave_config]
# if { [string length $curr_wave] == 0 } {
#   if { [llength [get_objects]] > 0} {
#     add_wave /
#     set_property needs_save false [current_wave_config]
#   } else {
#      send_msg_id Add_Wave-1 WARNING "No top level signals found. Simulator will start without a wave window. If you want to open a wave window go to 'File->New Waveform Configuration' or type 'create_wave_config' in the TCL console."
#   }
# }
# run 1000ns
INFO: [USF-XSim-96] XSim completed. Design snapshot 'uyg82_behav' loaded.
INFO: [USF-XSim-97] XSim simulation ran for 1000ns
launch_simulation: Time (s): cpu = 00:00:07 ; elapsed = 00:00:18 . Memory (MB): peak = 806.633 ; gain = 0.000
add_force {/uyg82/clk} -radix hex {0 0ns} {1 50000ps} -repeat_every 100000ps
add_force {/uyg82/rst} -radix hex {0 0ns}
add_force {/uyg82/g} -radix hex {1 0ns}
run 100 ns
add_force {/uyg82/g} -radix hex {0 0ns}
run 100 ns
run 100 ns
add_force {/uyg82/g} -radix hex {3 0ns}
run 100 ns
run 100 ns
add_force {/uyg82/g} -radix hex {2 0ns}
run 100 ns
add_force {/uyg82/rst} -radix hex {1 0ns}
run 100 ns
close_sim
INFO: [Simtcl 6-16] Simulation closed
launch_simulation
INFO: [Vivado 12-5682] Launching behavioral simulation in 'E:/bildiri ve makaleler/kitap/fpga/uygulamalar/prj_bolum8_uyg2/prj_bolum8_uyg2.sim/sim_1/behav/xsim'
INFO: [SIM-utils-51] Simulation object is 'sim_1'
INFO: [SIM-utils-54] Inspecting design source files for 'uyg82' in fileset 'sim_1'...
INFO: [USF-XSim-97] Finding global include files...
INFO: [USF-XSim-98] Fetching design files from 'sim_1'...
INFO: [USF-XSim-2] XSim::Compile design
INFO: [USF-XSim-61] Executing 'COMPILE and ANALYZE' step in 'E:/bildiri ve makaleler/kitap/fpga/uygulamalar/prj_bolum8_uyg2/prj_bolum8_uyg2.sim/sim_1/behav/xsim'
"xvhdl --incr --relax -prj uyg82_vhdl.prj"
INFO: [VRFC 10-163] Analyzing VHDL file "E:/bildiri ve makaleler/kitap/fpga/uygulamalar/prj_bolum8_uyg2/prj_bolum8_uyg2.srcs/sources_1/new/uyg82.vhd" into library xil_defaultlib
INFO: [VRFC 10-307] analyzing entity uyg82
INFO: [USF-XSim-69] 'compile' step finished in '4' seconds
INFO: [USF-XSim-3] XSim::Elaborate design
INFO: [USF-XSim-61] Executing 'ELABORATE' step in 'E:/bildiri ve makaleler/kitap/fpga/uygulamalar/prj_bolum8_uyg2/prj_bolum8_uyg2.sim/sim_1/behav/xsim'
Vivado Simulator 2017.4
Copyright 1986-1999, 2001-2016 Xilinx, Inc. All Rights Reserved.
Running: C:/Xilinx/Vivado/2017.4/bin/unwrapped/win64.o/xelab.exe -wto d9627d6315e44f4db58dae32dd3c087f --incr --debug typical --relax --mt 2 -L xil_defaultlib -L secureip --snapshot uyg82_behav xil_defaultlib.uyg82 -log elaborate.log 
Using 2 slave threads.
Starting static elaboration
Completed static elaboration
Starting simulation data flow analysis
Completed simulation data flow analysis
Time Resolution for simulation is 1ps
Compiling package std.standard
Compiling package std.textio
Compiling package ieee.std_logic_1164
Compiling architecture behavioral of entity xil_defaultlib.uyg82
Built simulation snapshot uyg82_behav
run_program: Time (s): cpu = 00:00:00 ; elapsed = 00:00:07 . Memory (MB): peak = 806.633 ; gain = 0.000
INFO: [USF-XSim-69] 'elaborate' step finished in '7' seconds
INFO: [USF-XSim-4] XSim::Simulate design
INFO: [USF-XSim-61] Executing 'SIMULATE' step in 'E:/bildiri ve makaleler/kitap/fpga/uygulamalar/prj_bolum8_uyg2/prj_bolum8_uyg2.sim/sim_1/behav/xsim'
INFO: [USF-XSim-98] *** Running xsim
   with args "uyg82_behav -key {Behavioral:sim_1:Functional:uyg82} -tclbatch {uyg82.tcl} -log {simulate.log}"
INFO: [USF-XSim-8] Loading simulator feature
Vivado Simulator 2017.4
Time resolution is 1 ps
source uyg82.tcl
# set curr_wave [current_wave_config]
# if { [string length $curr_wave] == 0 } {
#   if { [llength [get_objects]] > 0} {
#     add_wave /
#     set_property needs_save false [current_wave_config]
#   } else {
#      send_msg_id Add_Wave-1 WARNING "No top level signals found. Simulator will start without a wave window. If you want to open a wave window go to 'File->New Waveform Configuration' or type 'create_wave_config' in the TCL console."
#   }
# }
# run 1000ns
INFO: [USF-XSim-96] XSim completed. Design snapshot 'uyg82_behav' loaded.
INFO: [USF-XSim-97] XSim simulation ran for 1000ns
launch_simulation: Time (s): cpu = 00:00:07 ; elapsed = 00:00:18 . Memory (MB): peak = 806.633 ; gain = 0.000
add_force {/uyg82/clk} -radix hex {0 0ns} {1 50000ps} -repeat_every 100000ps
add_force {/uyg82/rst} -radix hex {0 0ns}
add_force {/uyg82/g} -radix hex {3 0ns}
run 100 ns
run 100 ns
add_force {/uyg82/g} -radix hex {0 0ns}
run 100 ns
run 100 ns
add_force {/uyg82/g} -radix hex {1 0ns}
run 100 ns
add_force {/uyg82/g} -radix hex {2 0ns}
run 100 ns
run 100 ns
add_force {/uyg82/rst} -radix hex {1 0ns}
run 100 ns
add_force {/uyg82/rst} -radix hex {3 0ns}
ERROR: [Simtcl 6-179] Couldn't add force for the following reason: Illegal value '3': Object size 1 does not match size of given value 3.
add_force {/uyg82/rst} -radix hex {0 0ns}
add_force {/uyg82/g} -radix hex {3 0ns}
run 100 ns
run 100 ns
synth_design -rtl -name rtl_1
Command: synth_design -rtl -name rtl_1
Starting synth_design
Using part: xc7a100tcsg324-1
Top: uyg82
---------------------------------------------------------------------------------
Starting RTL Elaboration : Time (s): cpu = 00:00:36 ; elapsed = 00:00:34 . Memory (MB): peak = 904.164 ; gain = 93.457
---------------------------------------------------------------------------------
INFO: [Synth 8-638] synthesizing module 'uyg82' [E:/bildiri ve makaleler/kitap/fpga/uygulamalar/prj_bolum8_uyg2/prj_bolum8_uyg2.srcs/sources_1/new/uyg82.vhd:18]
WARNING: [Synth 8-614] signal 'kare' is read in the process but is not in the sensitivity list [E:/bildiri ve makaleler/kitap/fpga/uygulamalar/prj_bolum8_uyg2/prj_bolum8_uyg2.srcs/sources_1/new/uyg82.vhd:21]
INFO: [Synth 8-256] done synthesizing module 'uyg82' (1#1) [E:/bildiri ve makaleler/kitap/fpga/uygulamalar/prj_bolum8_uyg2/prj_bolum8_uyg2.srcs/sources_1/new/uyg82.vhd:18]
---------------------------------------------------------------------------------
Finished RTL Elaboration : Time (s): cpu = 00:00:41 ; elapsed = 00:00:40 . Memory (MB): peak = 953.793 ; gain = 143.086
---------------------------------------------------------------------------------

Report Check Netlist: 
+------+------------------+-------+---------+-------+------------------+
|      |Item              |Errors |Warnings |Status |Description       |
+------+------------------+-------+---------+-------+------------------+
|1     |multi_driven_nets |      0|        0|Passed |Multi driven nets |
+------+------------------+-------+---------+-------+------------------+
---------------------------------------------------------------------------------
Finished RTL Optimization Phase 1 : Time (s): cpu = 00:00:41 ; elapsed = 00:00:41 . Memory (MB): peak = 953.793 ; gain = 143.086
---------------------------------------------------------------------------------
INFO: [Device 21-403] Loading part xc7a100tcsg324-1
INFO: [Project 1-570] Preparing netlist for logic optimization

Processing XDC Constraints
Initializing timing engine
Completed Processing XDC Constraints

INFO: [Opt 31-138] Pushed 0 inverter(s) to 0 load pin(s).
INFO: [Project 1-111] Unisim Transformation Summary:
No Unisim elements were transformed.

RTL Elaboration Complete:  : Time (s): cpu = 00:02:09 ; elapsed = 00:01:52 . Memory (MB): peak = 1327.414 ; gain = 516.707
6 Infos, 1 Warnings, 0 Critical Warnings and 0 Errors encountered.
synth_design completed successfully
synth_design: Time (s): cpu = 00:02:10 ; elapsed = 00:01:53 . Memory (MB): peak = 1327.414 ; gain = 516.707
close_sim
INFO: [Simtcl 6-16] Simulation closed
close_sim: Time (s): cpu = 00:00:00 ; elapsed = 00:00:08 . Memory (MB): peak = 1338.078 ; gain = 0.000
close_project
create_project prj_bolum8_uyg4 {E:/bildiri ve makaleler/kitap/fpga/uygulamalar/prj_bolum8_uyg4} -part xc7a100tcsg324-1
INFO: [IP_Flow 19-234] Refreshing IP repositories
INFO: [IP_Flow 19-1704] No user IP repositories specified
INFO: [IP_Flow 19-2313] Loaded Vivado IP repository 'C:/Xilinx/Vivado/2017.4/data/ip'.
create_project: Time (s): cpu = 00:00:20 ; elapsed = 00:00:20 . Memory (MB): peak = 1338.078 ; gain = 0.000
file mkdir E:/bildiri ve makaleler/kitap/fpga/uygulamalar/prj_bolum8_uyg4/prj_bolum8_uyg4.srcs/sources_1/new
set_property target_language VHDL [current_project]
file mkdir E:/bildiri ve makaleler/kitap/fpga/uygulamalar/prj_bolum8_uyg4/prj_bolum8_uyg4.srcs/sources_1/new
file mkdir E:/bildiri ve makaleler/kitap/fpga/uygulamalar/prj_bolum8_uyg4/prj_bolum8_uyg4.srcs/sources_1/new
file mkdir {E:/bildiri ve makaleler/kitap/fpga/uygulamalar/prj_bolum8_uyg4/prj_bolum8_uyg4.srcs/sources_1/new}
close [ open {E:/bildiri ve makaleler/kitap/fpga/uygulamalar/prj_bolum8_uyg4/prj_bolum8_uyg4.srcs/sources_1/new/uyg84.vhd} w ]
add_files {{E:/bildiri ve makaleler/kitap/fpga/uygulamalar/prj_bolum8_uyg4/prj_bolum8_uyg4.srcs/sources_1/new/uyg84.vhd}}
update_compile_order -fileset sources_1
launch_simulation
INFO: [Vivado 12-5682] Launching behavioral simulation in 'E:/bildiri ve makaleler/kitap/fpga/uygulamalar/prj_bolum8_uyg4/prj_bolum8_uyg4.sim/sim_1/behav/xsim'
INFO: [SIM-utils-51] Simulation object is 'sim_1'
INFO: [SIM-utils-54] Inspecting design source files for 'uyg84' in fileset 'sim_1'...
INFO: [USF-XSim-97] Finding global include files...
INFO: [USF-XSim-98] Fetching design files from 'sim_1'...
INFO: [USF-XSim-2] XSim::Compile design
INFO: [USF-XSim-61] Executing 'COMPILE and ANALYZE' step in 'E:/bildiri ve makaleler/kitap/fpga/uygulamalar/prj_bolum8_uyg4/prj_bolum8_uyg4.sim/sim_1/behav/xsim'
"xvhdl --incr --relax -prj uyg84_vhdl.prj"
INFO: [VRFC 10-163] Analyzing VHDL file "E:/bildiri ve makaleler/kitap/fpga/uygulamalar/prj_bolum8_uyg4/prj_bolum8_uyg4.srcs/sources_1/new/uyg84.vhd" into library xil_defaultlib
INFO: [VRFC 10-307] analyzing entity uyg84
run_program: Time (s): cpu = 00:00:01 ; elapsed = 00:00:05 . Memory (MB): peak = 1338.078 ; gain = 0.000
INFO: [USF-XSim-69] 'compile' step finished in '5' seconds
INFO: [USF-XSim-3] XSim::Elaborate design
INFO: [USF-XSim-61] Executing 'ELABORATE' step in 'E:/bildiri ve makaleler/kitap/fpga/uygulamalar/prj_bolum8_uyg4/prj_bolum8_uyg4.sim/sim_1/behav/xsim'
Vivado Simulator 2017.4
Copyright 1986-1999, 2001-2016 Xilinx, Inc. All Rights Reserved.
Running: C:/Xilinx/Vivado/2017.4/bin/unwrapped/win64.o/xelab.exe -wto 6619385f1ecd4aa4a8ffeee00eeec60b --incr --debug typical --relax --mt 2 -L xil_defaultlib -L secureip --snapshot uyg84_behav xil_defaultlib.uyg84 -log elaborate.log 
Using 2 slave threads.
Starting static elaboration
ERROR: [VRFC 10-2335] case statement does not cover all choices. 'others' clause is needed [E:/bildiri ve makaleler/kitap/fpga/uygulamalar/prj_bolum8_uyg4/prj_bolum8_uyg4.srcs/sources_1/new/uyg84.vhd:22]
ERROR: [XSIM 43-3321] Static elaboration of top level VHDL design unit uyg84 in library work failed.
INFO: [USF-XSim-69] 'elaborate' step finished in '5' seconds
INFO: [USF-XSim-99] Step results log file:'E:/bildiri ve makaleler/kitap/fpga/uygulamalar/prj_bolum8_uyg4/prj_bolum8_uyg4.sim/sim_1/behav/xsim/elaborate.log'
ERROR: [USF-XSim-62] 'elaborate' step failed with error(s). Please check the Tcl console output or 'E:/bildiri ve makaleler/kitap/fpga/uygulamalar/prj_bolum8_uyg4/prj_bolum8_uyg4.sim/sim_1/behav/xsim/elaborate.log' file for more information.
ERROR: [Vivado 12-4473] Detected error while running simulation. Please correct the issue and retry this operation.
launch_simulation: Time (s): cpu = 00:00:02 ; elapsed = 00:00:12 . Memory (MB): peak = 1338.078 ; gain = 0.000
ERROR: [Common 17-39] 'launch_simulation' failed due to earlier errors.
launch_simulation
INFO: [Vivado 12-5682] Launching behavioral simulation in 'E:/bildiri ve makaleler/kitap/fpga/uygulamalar/prj_bolum8_uyg4/prj_bolum8_uyg4.sim/sim_1/behav/xsim'
INFO: [SIM-utils-51] Simulation object is 'sim_1'
INFO: [SIM-utils-54] Inspecting design source files for 'uyg84' in fileset 'sim_1'...
INFO: [USF-XSim-97] Finding global include files...
INFO: [USF-XSim-98] Fetching design files from 'sim_1'...
INFO: [USF-XSim-2] XSim::Compile design
INFO: [USF-XSim-61] Executing 'COMPILE and ANALYZE' step in 'E:/bildiri ve makaleler/kitap/fpga/uygulamalar/prj_bolum8_uyg4/prj_bolum8_uyg4.sim/sim_1/behav/xsim'
"xvhdl --incr --relax -prj uyg84_vhdl.prj"
INFO: [VRFC 10-163] Analyzing VHDL file "E:/bildiri ve makaleler/kitap/fpga/uygulamalar/prj_bolum8_uyg4/prj_bolum8_uyg4.srcs/sources_1/new/uyg84.vhd" into library xil_defaultlib
INFO: [VRFC 10-307] analyzing entity uyg84
INFO: [USF-XSim-69] 'compile' step finished in '5' seconds
INFO: [USF-XSim-3] XSim::Elaborate design
INFO: [USF-XSim-61] Executing 'ELABORATE' step in 'E:/bildiri ve makaleler/kitap/fpga/uygulamalar/prj_bolum8_uyg4/prj_bolum8_uyg4.sim/sim_1/behav/xsim'
Vivado Simulator 2017.4
Copyright 1986-1999, 2001-2016 Xilinx, Inc. All Rights Reserved.
Running: C:/Xilinx/Vivado/2017.4/bin/unwrapped/win64.o/xelab.exe -wto 6619385f1ecd4aa4a8ffeee00eeec60b --incr --debug typical --relax --mt 2 -L xil_defaultlib -L secureip --snapshot uyg84_behav xil_defaultlib.uyg84 -log elaborate.log 
Using 2 slave threads.
Starting static elaboration
ERROR: [VRFC 10-664] expression has 4 elements ; expected 2 [E:/bildiri ve makaleler/kitap/fpga/uygulamalar/prj_bolum8_uyg4/prj_bolum8_uyg4.srcs/sources_1/new/uyg84.vhd:24]
ERROR: [XSIM 43-3321] Static elaboration of top level VHDL design unit uyg84 in library work failed.
INFO: [USF-XSim-69] 'elaborate' step finished in '5' seconds
INFO: [USF-XSim-99] Step results log file:'E:/bildiri ve makaleler/kitap/fpga/uygulamalar/prj_bolum8_uyg4/prj_bolum8_uyg4.sim/sim_1/behav/xsim/elaborate.log'
ERROR: [USF-XSim-62] 'elaborate' step failed with error(s). Please check the Tcl console output or 'E:/bildiri ve makaleler/kitap/fpga/uygulamalar/prj_bolum8_uyg4/prj_bolum8_uyg4.sim/sim_1/behav/xsim/elaborate.log' file for more information.
ERROR: [Vivado 12-4473] Detected error while running simulation. Please correct the issue and retry this operation.
launch_simulation: Time (s): cpu = 00:00:02 ; elapsed = 00:00:11 . Memory (MB): peak = 1338.078 ; gain = 0.000
ERROR: [Common 17-39] 'launch_simulation' failed due to earlier errors.
launch_simulation
INFO: [Vivado 12-5682] Launching behavioral simulation in 'E:/bildiri ve makaleler/kitap/fpga/uygulamalar/prj_bolum8_uyg4/prj_bolum8_uyg4.sim/sim_1/behav/xsim'
INFO: [SIM-utils-51] Simulation object is 'sim_1'
INFO: [SIM-utils-54] Inspecting design source files for 'uyg84' in fileset 'sim_1'...
INFO: [USF-XSim-97] Finding global include files...
INFO: [USF-XSim-98] Fetching design files from 'sim_1'...
INFO: [USF-XSim-2] XSim::Compile design
INFO: [USF-XSim-61] Executing 'COMPILE and ANALYZE' step in 'E:/bildiri ve makaleler/kitap/fpga/uygulamalar/prj_bolum8_uyg4/prj_bolum8_uyg4.sim/sim_1/behav/xsim'
"xvhdl --incr --relax -prj uyg84_vhdl.prj"
INFO: [VRFC 10-163] Analyzing VHDL file "E:/bildiri ve makaleler/kitap/fpga/uygulamalar/prj_bolum8_uyg4/prj_bolum8_uyg4.srcs/sources_1/new/uyg84.vhd" into library xil_defaultlib
INFO: [VRFC 10-307] analyzing entity uyg84
INFO: [USF-XSim-69] 'compile' step finished in '5' seconds
INFO: [USF-XSim-3] XSim::Elaborate design
INFO: [USF-XSim-61] Executing 'ELABORATE' step in 'E:/bildiri ve makaleler/kitap/fpga/uygulamalar/prj_bolum8_uyg4/prj_bolum8_uyg4.sim/sim_1/behav/xsim'
Vivado Simulator 2017.4
Copyright 1986-1999, 2001-2016 Xilinx, Inc. All Rights Reserved.
Running: C:/Xilinx/Vivado/2017.4/bin/unwrapped/win64.o/xelab.exe -wto 6619385f1ecd4aa4a8ffeee00eeec60b --incr --debug typical --relax --mt 2 -L xil_defaultlib -L secureip --snapshot uyg84_behav xil_defaultlib.uyg84 -log elaborate.log 
Using 2 slave threads.
Starting static elaboration
Completed static elaboration
Starting simulation data flow analysis
Completed simulation data flow analysis
Time Resolution for simulation is 1ps
Compiling package std.standard
Compiling package std.textio
Compiling package ieee.std_logic_1164
Compiling architecture behavioral of entity xil_defaultlib.uyg84
Built simulation snapshot uyg84_behav

****** Webtalk v2017.4 (64-bit)
  **** SW Build 2086221 on Fri Dec 15 20:55:39 MST 2017
  **** IP Build 2085800 on Fri Dec 15 22:25:07 MST 2017
    ** Copyright 1986-2017 Xilinx, Inc. All Rights Reserved.

source E:/bildiri -notrace
couldn't read file "E:/bildiri": permission denied
INFO: [Common 17-206] Exiting Webtalk at Fri Aug  2 21:56:12 2019...
run_program: Time (s): cpu = 00:00:00 ; elapsed = 00:00:14 . Memory (MB): peak = 1338.078 ; gain = 0.000
INFO: [USF-XSim-69] 'elaborate' step finished in '14' seconds
INFO: [USF-XSim-4] XSim::Simulate design
INFO: [USF-XSim-61] Executing 'SIMULATE' step in 'E:/bildiri ve makaleler/kitap/fpga/uygulamalar/prj_bolum8_uyg4/prj_bolum8_uyg4.sim/sim_1/behav/xsim'
INFO: [USF-XSim-98] *** Running xsim
   with args "uyg84_behav -key {Behavioral:sim_1:Functional:uyg84} -tclbatch {uyg84.tcl} -log {simulate.log}"
INFO: [USF-XSim-8] Loading simulator feature
Vivado Simulator 2017.4
Time resolution is 1 ps
source uyg84.tcl
# set curr_wave [current_wave_config]
# if { [string length $curr_wave] == 0 } {
#   if { [llength [get_objects]] > 0} {
#     add_wave /
#     set_property needs_save false [current_wave_config]
#   } else {
#      send_msg_id Add_Wave-1 WARNING "No top level signals found. Simulator will start without a wave window. If you want to open a wave window go to 'File->New Waveform Configuration' or type 'create_wave_config' in the TCL console."
#   }
# }
# run 1000ns
xsim: Time (s): cpu = 00:00:09 ; elapsed = 00:00:06 . Memory (MB): peak = 1338.078 ; gain = 0.000
INFO: [USF-XSim-96] XSim completed. Design snapshot 'uyg84_behav' loaded.
INFO: [USF-XSim-97] XSim simulation ran for 1000ns
launch_simulation: Time (s): cpu = 00:00:11 ; elapsed = 00:00:27 . Memory (MB): peak = 1338.078 ; gain = 0.000
add_force {/uyg84/clk} -radix hex {0 0ns} {1 50000ps} -repeat_every 100000ps
add_force {/uyg84/rst} -radix hex {0 0ns}
add_force {/uyg84/fotosel} -radix hex {4 0ns}
run 100 ns
run 100 ns
close_sim
INFO: [Simtcl 6-16] Simulation closed
close_sim: Time (s): cpu = 00:00:00 ; elapsed = 00:00:08 . Memory (MB): peak = 1338.078 ; gain = 0.000
launch_simulation
INFO: [Vivado 12-5682] Launching behavioral simulation in 'E:/bildiri ve makaleler/kitap/fpga/uygulamalar/prj_bolum8_uyg4/prj_bolum8_uyg4.sim/sim_1/behav/xsim'
INFO: [SIM-utils-51] Simulation object is 'sim_1'
INFO: [SIM-utils-54] Inspecting design source files for 'uyg84' in fileset 'sim_1'...
INFO: [USF-XSim-97] Finding global include files...
INFO: [USF-XSim-98] Fetching design files from 'sim_1'...
INFO: [USF-XSim-2] XSim::Compile design
INFO: [USF-XSim-61] Executing 'COMPILE and ANALYZE' step in 'E:/bildiri ve makaleler/kitap/fpga/uygulamalar/prj_bolum8_uyg4/prj_bolum8_uyg4.sim/sim_1/behav/xsim'
"xvhdl --incr --relax -prj uyg84_vhdl.prj"
INFO: [VRFC 10-163] Analyzing VHDL file "E:/bildiri ve makaleler/kitap/fpga/uygulamalar/prj_bolum8_uyg4/prj_bolum8_uyg4.srcs/sources_1/new/uyg84.vhd" into library xil_defaultlib
INFO: [VRFC 10-307] analyzing entity uyg84
run_program: Time (s): cpu = 00:00:01 ; elapsed = 00:00:05 . Memory (MB): peak = 1338.078 ; gain = 0.000
INFO: [USF-XSim-69] 'compile' step finished in '5' seconds
INFO: [USF-XSim-3] XSim::Elaborate design
INFO: [USF-XSim-61] Executing 'ELABORATE' step in 'E:/bildiri ve makaleler/kitap/fpga/uygulamalar/prj_bolum8_uyg4/prj_bolum8_uyg4.sim/sim_1/behav/xsim'
Vivado Simulator 2017.4
Copyright 1986-1999, 2001-2016 Xilinx, Inc. All Rights Reserved.
Running: C:/Xilinx/Vivado/2017.4/bin/unwrapped/win64.o/xelab.exe -wto 6619385f1ecd4aa4a8ffeee00eeec60b --incr --debug typical --relax --mt 2 -L xil_defaultlib -L secureip --snapshot uyg84_behav xil_defaultlib.uyg84 -log elaborate.log 
Using 2 slave threads.
Starting static elaboration
Completed static elaboration
Starting simulation data flow analysis
Completed simulation data flow analysis
Time Resolution for simulation is 1ps
Compiling package std.standard
Compiling package std.textio
Compiling package ieee.std_logic_1164
Compiling architecture behavioral of entity xil_defaultlib.uyg84
Built simulation snapshot uyg84_behav
run_program: Time (s): cpu = 00:00:00 ; elapsed = 00:00:10 . Memory (MB): peak = 1338.078 ; gain = 0.000
INFO: [USF-XSim-69] 'elaborate' step finished in '11' seconds
INFO: [USF-XSim-4] XSim::Simulate design
INFO: [USF-XSim-61] Executing 'SIMULATE' step in 'E:/bildiri ve makaleler/kitap/fpga/uygulamalar/prj_bolum8_uyg4/prj_bolum8_uyg4.sim/sim_1/behav/xsim'
INFO: [USF-XSim-98] *** Running xsim
   with args "uyg84_behav -key {Behavioral:sim_1:Functional:uyg84} -tclbatch {uyg84.tcl} -log {simulate.log}"
INFO: [USF-XSim-8] Loading simulator feature
Vivado Simulator 2017.4
Time resolution is 1 ps
source uyg84.tcl
# set curr_wave [current_wave_config]
# if { [string length $curr_wave] == 0 } {
#   if { [llength [get_objects]] > 0} {
#     add_wave /
#     set_property needs_save false [current_wave_config]
#   } else {
#      send_msg_id Add_Wave-1 WARNING "No top level signals found. Simulator will start without a wave window. If you want to open a wave window go to 'File->New Waveform Configuration' or type 'create_wave_config' in the TCL console."
#   }
# }
# run 1000ns
xsim: Time (s): cpu = 00:00:07 ; elapsed = 00:00:05 . Memory (MB): peak = 1338.078 ; gain = 0.000
INFO: [USF-XSim-96] XSim completed. Design snapshot 'uyg84_behav' loaded.
INFO: [USF-XSim-97] XSim simulation ran for 1000ns
launch_simulation: Time (s): cpu = 00:00:09 ; elapsed = 00:00:22 . Memory (MB): peak = 1338.078 ; gain = 0.000
add_force {/uyg84/clk} -radix hex {0 0ns} {1 50000ps} -repeat_every 100000ps
add_force {/uyg84/fotosel} -radix hex {4 0ns}
run 100 ns
run 100 ns
run 100 ns
add_force {/uyg84/fotosel} -radix hex {8 0ns}
run 100 ns
run 100 ns
close_sim
INFO: [Simtcl 6-16] Simulation closed
launch_simulation
INFO: [Vivado 12-5682] Launching behavioral simulation in 'E:/bildiri ve makaleler/kitap/fpga/uygulamalar/prj_bolum8_uyg4/prj_bolum8_uyg4.sim/sim_1/behav/xsim'
INFO: [SIM-utils-51] Simulation object is 'sim_1'
INFO: [SIM-utils-54] Inspecting design source files for 'uyg84' in fileset 'sim_1'...
INFO: [USF-XSim-97] Finding global include files...
INFO: [USF-XSim-98] Fetching design files from 'sim_1'...
INFO: [USF-XSim-2] XSim::Compile design
INFO: [USF-XSim-61] Executing 'COMPILE and ANALYZE' step in 'E:/bildiri ve makaleler/kitap/fpga/uygulamalar/prj_bolum8_uyg4/prj_bolum8_uyg4.sim/sim_1/behav/xsim'
"xvhdl --incr --relax -prj uyg84_vhdl.prj"
INFO: [VRFC 10-163] Analyzing VHDL file "E:/bildiri ve makaleler/kitap/fpga/uygulamalar/prj_bolum8_uyg4/prj_bolum8_uyg4.srcs/sources_1/new/uyg84.vhd" into library xil_defaultlib
INFO: [VRFC 10-307] analyzing entity uyg84
run_program: Time (s): cpu = 00:00:00 ; elapsed = 00:00:05 . Memory (MB): peak = 1338.078 ; gain = 0.000
INFO: [USF-XSim-69] 'compile' step finished in '6' seconds
INFO: [USF-XSim-3] XSim::Elaborate design
INFO: [USF-XSim-61] Executing 'ELABORATE' step in 'E:/bildiri ve makaleler/kitap/fpga/uygulamalar/prj_bolum8_uyg4/prj_bolum8_uyg4.sim/sim_1/behav/xsim'
Vivado Simulator 2017.4
Copyright 1986-1999, 2001-2016 Xilinx, Inc. All Rights Reserved.
Running: C:/Xilinx/Vivado/2017.4/bin/unwrapped/win64.o/xelab.exe -wto 6619385f1ecd4aa4a8ffeee00eeec60b --incr --debug typical --relax --mt 2 -L xil_defaultlib -L secureip --snapshot uyg84_behav xil_defaultlib.uyg84 -log elaborate.log 
Using 2 slave threads.
Starting static elaboration
Completed static elaboration
Starting simulation data flow analysis
Completed simulation data flow analysis
Time Resolution for simulation is 1ps
Compiling package std.standard
Compiling package std.textio
Compiling package ieee.std_logic_1164
Compiling architecture behavioral of entity xil_defaultlib.uyg84
Built simulation snapshot uyg84_behav
run_program: Time (s): cpu = 00:00:00 ; elapsed = 00:00:07 . Memory (MB): peak = 1338.078 ; gain = 0.000
INFO: [USF-XSim-69] 'elaborate' step finished in '7' seconds
INFO: [USF-XSim-4] XSim::Simulate design
INFO: [USF-XSim-61] Executing 'SIMULATE' step in 'E:/bildiri ve makaleler/kitap/fpga/uygulamalar/prj_bolum8_uyg4/prj_bolum8_uyg4.sim/sim_1/behav/xsim'
INFO: [USF-XSim-98] *** Running xsim
   with args "uyg84_behav -key {Behavioral:sim_1:Functional:uyg84} -tclbatch {uyg84.tcl} -log {simulate.log}"
INFO: [USF-XSim-8] Loading simulator feature
Vivado Simulator 2017.4
Time resolution is 1 ps
source uyg84.tcl
# set curr_wave [current_wave_config]
# if { [string length $curr_wave] == 0 } {
#   if { [llength [get_objects]] > 0} {
#     add_wave /
#     set_property needs_save false [current_wave_config]
#   } else {
#      send_msg_id Add_Wave-1 WARNING "No top level signals found. Simulator will start without a wave window. If you want to open a wave window go to 'File->New Waveform Configuration' or type 'create_wave_config' in the TCL console."
#   }
# }
# run 1000ns
xsim: Time (s): cpu = 00:00:05 ; elapsed = 00:00:06 . Memory (MB): peak = 1338.078 ; gain = 0.000
INFO: [USF-XSim-96] XSim completed. Design snapshot 'uyg84_behav' loaded.
INFO: [USF-XSim-97] XSim simulation ran for 1000ns
launch_simulation: Time (s): cpu = 00:00:07 ; elapsed = 00:00:20 . Memory (MB): peak = 1338.078 ; gain = 0.000
add_force {/uyg84/clk} -radix hex {0 0ns} {1 50000ps} -repeat_every 100000ps
add_force {/uyg84/fotosel} -radix hex {4 0ns}
run 100 ns
add_force {/uyg84/fotosel} -radix hex {6 0ns}
run 100 ns
add_force {/uyg84/fotosel} -radix hex {8 0ns}
run 100 ns
close_sim
INFO: [Simtcl 6-16] Simulation closed
launch_simulation
INFO: [Vivado 12-5682] Launching behavioral simulation in 'E:/bildiri ve makaleler/kitap/fpga/uygulamalar/prj_bolum8_uyg4/prj_bolum8_uyg4.sim/sim_1/behav/xsim'
INFO: [SIM-utils-51] Simulation object is 'sim_1'
INFO: [SIM-utils-54] Inspecting design source files for 'uyg84' in fileset 'sim_1'...
INFO: [USF-XSim-97] Finding global include files...
INFO: [USF-XSim-98] Fetching design files from 'sim_1'...
INFO: [USF-XSim-2] XSim::Compile design
INFO: [USF-XSim-61] Executing 'COMPILE and ANALYZE' step in 'E:/bildiri ve makaleler/kitap/fpga/uygulamalar/prj_bolum8_uyg4/prj_bolum8_uyg4.sim/sim_1/behav/xsim'
"xvhdl --incr --relax -prj uyg84_vhdl.prj"
INFO: [VRFC 10-163] Analyzing VHDL file "E:/bildiri ve makaleler/kitap/fpga/uygulamalar/prj_bolum8_uyg4/prj_bolum8_uyg4.srcs/sources_1/new/uyg84.vhd" into library xil_defaultlib
INFO: [VRFC 10-307] analyzing entity uyg84
run_program: Time (s): cpu = 00:00:00 ; elapsed = 00:00:05 . Memory (MB): peak = 1338.078 ; gain = 0.000
INFO: [USF-XSim-69] 'compile' step finished in '6' seconds
INFO: [USF-XSim-3] XSim::Elaborate design
INFO: [USF-XSim-61] Executing 'ELABORATE' step in 'E:/bildiri ve makaleler/kitap/fpga/uygulamalar/prj_bolum8_uyg4/prj_bolum8_uyg4.sim/sim_1/behav/xsim'
Vivado Simulator 2017.4
Copyright 1986-1999, 2001-2016 Xilinx, Inc. All Rights Reserved.
Running: C:/Xilinx/Vivado/2017.4/bin/unwrapped/win64.o/xelab.exe -wto 6619385f1ecd4aa4a8ffeee00eeec60b --incr --debug typical --relax --mt 2 -L xil_defaultlib -L secureip --snapshot uyg84_behav xil_defaultlib.uyg84 -log elaborate.log 
Using 2 slave threads.
Starting static elaboration
Completed static elaboration
Starting simulation data flow analysis
Completed simulation data flow analysis
Time Resolution for simulation is 1ps
Compiling package std.standard
Compiling package std.textio
Compiling package ieee.std_logic_1164
Compiling architecture behavioral of entity xil_defaultlib.uyg84
Built simulation snapshot uyg84_behav
run_program: Time (s): cpu = 00:00:00 ; elapsed = 00:00:07 . Memory (MB): peak = 1338.078 ; gain = 0.000
INFO: [USF-XSim-69] 'elaborate' step finished in '7' seconds
INFO: [USF-XSim-4] XSim::Simulate design
INFO: [USF-XSim-61] Executing 'SIMULATE' step in 'E:/bildiri ve makaleler/kitap/fpga/uygulamalar/prj_bolum8_uyg4/prj_bolum8_uyg4.sim/sim_1/behav/xsim'
INFO: [USF-XSim-98] *** Running xsim
   with args "uyg84_behav -key {Behavioral:sim_1:Functional:uyg84} -tclbatch {uyg84.tcl} -log {simulate.log}"
INFO: [USF-XSim-8] Loading simulator feature
Vivado Simulator 2017.4
Time resolution is 1 ps
source uyg84.tcl
# set curr_wave [current_wave_config]
# if { [string length $curr_wave] == 0 } {
#   if { [llength [get_objects]] > 0} {
#     add_wave /
#     set_property needs_save false [current_wave_config]
#   } else {
#      send_msg_id Add_Wave-1 WARNING "No top level signals found. Simulator will start without a wave window. If you want to open a wave window go to 'File->New Waveform Configuration' or type 'create_wave_config' in the TCL console."
#   }
# }
# run 1000ns
xsim: Time (s): cpu = 00:00:06 ; elapsed = 00:00:05 . Memory (MB): peak = 1338.078 ; gain = 0.000
INFO: [USF-XSim-96] XSim completed. Design snapshot 'uyg84_behav' loaded.
INFO: [USF-XSim-97] XSim simulation ran for 1000ns
launch_simulation: Time (s): cpu = 00:00:07 ; elapsed = 00:00:19 . Memory (MB): peak = 1338.078 ; gain = 0.000
add_force {/uyg84/clk} -radix hex {0 0ns} {1 50000ps} -repeat_every 100000ps
add_force {/uyg84/rst} -radix hex {0 0ns}
add_force {/uyg84/fotosel} -radix hex {7 0ns}
run 100 ns
add_force {/uyg84/fotosel} -radix hex {2 0ns}
run 100 ns
add_force {/uyg84/fotosel} -radix hex {f 0ns}
run 100 ns
close_sim
INFO: [Simtcl 6-16] Simulation closed
launch_simulation
INFO: [Vivado 12-5682] Launching behavioral simulation in 'E:/bildiri ve makaleler/kitap/fpga/uygulamalar/prj_bolum8_uyg4/prj_bolum8_uyg4.sim/sim_1/behav/xsim'
INFO: [SIM-utils-51] Simulation object is 'sim_1'
INFO: [SIM-utils-54] Inspecting design source files for 'uyg84' in fileset 'sim_1'...
INFO: [USF-XSim-97] Finding global include files...
INFO: [USF-XSim-98] Fetching design files from 'sim_1'...
INFO: [USF-XSim-2] XSim::Compile design
INFO: [USF-XSim-61] Executing 'COMPILE and ANALYZE' step in 'E:/bildiri ve makaleler/kitap/fpga/uygulamalar/prj_bolum8_uyg4/prj_bolum8_uyg4.sim/sim_1/behav/xsim'
"xvhdl --incr --relax -prj uyg84_vhdl.prj"
INFO: [VRFC 10-163] Analyzing VHDL file "E:/bildiri ve makaleler/kitap/fpga/uygulamalar/prj_bolum8_uyg4/prj_bolum8_uyg4.srcs/sources_1/new/uyg84.vhd" into library xil_defaultlib
INFO: [VRFC 10-307] analyzing entity uyg84
run_program: Time (s): cpu = 00:00:00 ; elapsed = 00:00:05 . Memory (MB): peak = 1338.078 ; gain = 0.000
INFO: [USF-XSim-69] 'compile' step finished in '5' seconds
INFO: [USF-XSim-3] XSim::Elaborate design
INFO: [USF-XSim-61] Executing 'ELABORATE' step in 'E:/bildiri ve makaleler/kitap/fpga/uygulamalar/prj_bolum8_uyg4/prj_bolum8_uyg4.sim/sim_1/behav/xsim'
Vivado Simulator 2017.4
Copyright 1986-1999, 2001-2016 Xilinx, Inc. All Rights Reserved.
Running: C:/Xilinx/Vivado/2017.4/bin/unwrapped/win64.o/xelab.exe -wto 6619385f1ecd4aa4a8ffeee00eeec60b --incr --debug typical --relax --mt 2 -L xil_defaultlib -L secureip --snapshot uyg84_behav xil_defaultlib.uyg84 -log elaborate.log 
Using 2 slave threads.
Starting static elaboration
Completed static elaboration
Starting simulation data flow analysis
Completed simulation data flow analysis
Time Resolution for simulation is 1ps
Compiling package std.standard
Compiling package std.textio
Compiling package ieee.std_logic_1164
Compiling architecture behavioral of entity xil_defaultlib.uyg84
Built simulation snapshot uyg84_behav
run_program: Time (s): cpu = 00:00:00 ; elapsed = 00:00:07 . Memory (MB): peak = 1338.078 ; gain = 0.000
INFO: [USF-XSim-69] 'elaborate' step finished in '7' seconds
INFO: [USF-XSim-4] XSim::Simulate design
INFO: [USF-XSim-61] Executing 'SIMULATE' step in 'E:/bildiri ve makaleler/kitap/fpga/uygulamalar/prj_bolum8_uyg4/prj_bolum8_uyg4.sim/sim_1/behav/xsim'
INFO: [USF-XSim-98] *** Running xsim
   with args "uyg84_behav -key {Behavioral:sim_1:Functional:uyg84} -tclbatch {uyg84.tcl} -log {simulate.log}"
INFO: [USF-XSim-8] Loading simulator feature
Vivado Simulator 2017.4
Time resolution is 1 ps
source uyg84.tcl
# set curr_wave [current_wave_config]
# if { [string length $curr_wave] == 0 } {
#   if { [llength [get_objects]] > 0} {
#     add_wave /
#     set_property needs_save false [current_wave_config]
#   } else {
#      send_msg_id Add_Wave-1 WARNING "No top level signals found. Simulator will start without a wave window. If you want to open a wave window go to 'File->New Waveform Configuration' or type 'create_wave_config' in the TCL console."
#   }
# }
# run 1000ns
INFO: [USF-XSim-96] XSim completed. Design snapshot 'uyg84_behav' loaded.
INFO: [USF-XSim-97] XSim simulation ran for 1000ns
launch_simulation: Time (s): cpu = 00:00:07 ; elapsed = 00:00:19 . Memory (MB): peak = 1338.078 ; gain = 0.000
add_force {/uyg84/clk} -radix hex {0 0ns} {1 50000ps} -repeat_every 100000ps
add_force {/uyg84/rst} -radix hex {0 0ns}
add_force {/uyg84/fotosel} -radix hex {7 0ns}
run 100 ns
add_force {/uyg84/fotosel} -radix hex {e 0ns}
run 100 ns
add_force {/uyg84/fotosel} -radix hex {c 0ns}
run 100 ns
close_sim
INFO: [Simtcl 6-16] Simulation closed
launch_simulation
INFO: [Vivado 12-5682] Launching behavioral simulation in 'E:/bildiri ve makaleler/kitap/fpga/uygulamalar/prj_bolum8_uyg4/prj_bolum8_uyg4.sim/sim_1/behav/xsim'
INFO: [SIM-utils-51] Simulation object is 'sim_1'
INFO: [SIM-utils-54] Inspecting design source files for 'uyg84' in fileset 'sim_1'...
INFO: [USF-XSim-97] Finding global include files...
INFO: [USF-XSim-98] Fetching design files from 'sim_1'...
INFO: [USF-XSim-2] XSim::Compile design
INFO: [USF-XSim-61] Executing 'COMPILE and ANALYZE' step in 'E:/bildiri ve makaleler/kitap/fpga/uygulamalar/prj_bolum8_uyg4/prj_bolum8_uyg4.sim/sim_1/behav/xsim'
"xvhdl --incr --relax -prj uyg84_vhdl.prj"
INFO: [VRFC 10-163] Analyzing VHDL file "E:/bildiri ve makaleler/kitap/fpga/uygulamalar/prj_bolum8_uyg4/prj_bolum8_uyg4.srcs/sources_1/new/uyg84.vhd" into library xil_defaultlib
INFO: [VRFC 10-307] analyzing entity uyg84
INFO: [USF-XSim-69] 'compile' step finished in '5' seconds
INFO: [USF-XSim-3] XSim::Elaborate design
INFO: [USF-XSim-61] Executing 'ELABORATE' step in 'E:/bildiri ve makaleler/kitap/fpga/uygulamalar/prj_bolum8_uyg4/prj_bolum8_uyg4.sim/sim_1/behav/xsim'
Vivado Simulator 2017.4
Copyright 1986-1999, 2001-2016 Xilinx, Inc. All Rights Reserved.
Running: C:/Xilinx/Vivado/2017.4/bin/unwrapped/win64.o/xelab.exe -wto 6619385f1ecd4aa4a8ffeee00eeec60b --incr --debug typical --relax --mt 2 -L xil_defaultlib -L secureip --snapshot uyg84_behav xil_defaultlib.uyg84 -log elaborate.log 
Using 2 slave threads.
Starting static elaboration
Completed static elaboration
Starting simulation data flow analysis
Completed simulation data flow analysis
Time Resolution for simulation is 1ps
Compiling package std.standard
Compiling package std.textio
Compiling package ieee.std_logic_1164
Compiling architecture behavioral of entity xil_defaultlib.uyg84
Built simulation snapshot uyg84_behav
run_program: Time (s): cpu = 00:00:01 ; elapsed = 00:00:07 . Memory (MB): peak = 1338.078 ; gain = 0.000
INFO: [USF-XSim-69] 'elaborate' step finished in '8' seconds
INFO: [USF-XSim-4] XSim::Simulate design
INFO: [USF-XSim-61] Executing 'SIMULATE' step in 'E:/bildiri ve makaleler/kitap/fpga/uygulamalar/prj_bolum8_uyg4/prj_bolum8_uyg4.sim/sim_1/behav/xsim'
INFO: [USF-XSim-98] *** Running xsim
   with args "uyg84_behav -key {Behavioral:sim_1:Functional:uyg84} -tclbatch {uyg84.tcl} -log {simulate.log}"
INFO: [USF-XSim-8] Loading simulator feature
Vivado Simulator 2017.4
Time resolution is 1 ps
source uyg84.tcl
# set curr_wave [current_wave_config]
# if { [string length $curr_wave] == 0 } {
#   if { [llength [get_objects]] > 0} {
#     add_wave /
#     set_property needs_save false [current_wave_config]
#   } else {
#      send_msg_id Add_Wave-1 WARNING "No top level signals found. Simulator will start without a wave window. If you want to open a wave window go to 'File->New Waveform Configuration' or type 'create_wave_config' in the TCL console."
#   }
# }
# run 1000ns
INFO: [USF-XSim-96] XSim completed. Design snapshot 'uyg84_behav' loaded.
INFO: [USF-XSim-97] XSim simulation ran for 1000ns
launch_simulation: Time (s): cpu = 00:00:05 ; elapsed = 00:00:18 . Memory (MB): peak = 1338.078 ; gain = 0.000
add_force {/uyg84/clk} -radix hex {0 0ns} {1 50000ps} -repeat_every 100000ps
add_force {/uyg84/rst} -radix hex {0 0ns}
add_force {/uyg84/fotosel} -radix hex {7 0ns}
run 100 ns
add_force {/uyg84/fotosel} -radix hex {e 0ns}
run 100 ns
add_force {/uyg84/fotosel} -radix hex {2 0ns}
run 100 ns
add_force {/uyg84/fotosel} -radix hex {c 0ns}
run 100 ns
add_force {/uyg84/fotosel} -radix hex {6 0ns}
run 100 ns
add_force {/uyg84/fotosel} -radix hex {f 0ns}
run 100 ns
add_force {/uyg84/fotosel} -radix hex {8 0ns}
run 100 ns
close_sim
INFO: [Simtcl 6-16] Simulation closed
launch_simulation
INFO: [Vivado 12-5682] Launching behavioral simulation in 'E:/bildiri ve makaleler/kitap/fpga/uygulamalar/prj_bolum8_uyg4/prj_bolum8_uyg4.sim/sim_1/behav/xsim'
INFO: [SIM-utils-51] Simulation object is 'sim_1'
INFO: [SIM-utils-54] Inspecting design source files for 'uyg84' in fileset 'sim_1'...
INFO: [USF-XSim-97] Finding global include files...
INFO: [USF-XSim-98] Fetching design files from 'sim_1'...
INFO: [USF-XSim-2] XSim::Compile design
INFO: [USF-XSim-61] Executing 'COMPILE and ANALYZE' step in 'E:/bildiri ve makaleler/kitap/fpga/uygulamalar/prj_bolum8_uyg4/prj_bolum8_uyg4.sim/sim_1/behav/xsim'
"xvhdl --incr --relax -prj uyg84_vhdl.prj"
INFO: [VRFC 10-163] Analyzing VHDL file "E:/bildiri ve makaleler/kitap/fpga/uygulamalar/prj_bolum8_uyg4/prj_bolum8_uyg4.srcs/sources_1/new/uyg84.vhd" into library xil_defaultlib
INFO: [VRFC 10-307] analyzing entity uyg84
INFO: [USF-XSim-69] 'compile' step finished in '5' seconds
INFO: [USF-XSim-3] XSim::Elaborate design
INFO: [USF-XSim-61] Executing 'ELABORATE' step in 'E:/bildiri ve makaleler/kitap/fpga/uygulamalar/prj_bolum8_uyg4/prj_bolum8_uyg4.sim/sim_1/behav/xsim'
Vivado Simulator 2017.4
Copyright 1986-1999, 2001-2016 Xilinx, Inc. All Rights Reserved.
Running: C:/Xilinx/Vivado/2017.4/bin/unwrapped/win64.o/xelab.exe -wto 6619385f1ecd4aa4a8ffeee00eeec60b --incr --debug typical --relax --mt 2 -L xil_defaultlib -L secureip --snapshot uyg84_behav xil_defaultlib.uyg84 -log elaborate.log 
Using 2 slave threads.
Starting static elaboration
Completed static elaboration
Starting simulation data flow analysis
Completed simulation data flow analysis
Time Resolution for simulation is 1ps
Compiling package std.standard
Compiling package std.textio
Compiling package ieee.std_logic_1164
Compiling architecture behavioral of entity xil_defaultlib.uyg84
Built simulation snapshot uyg84_behav
run_program: Time (s): cpu = 00:00:00 ; elapsed = 00:00:07 . Memory (MB): peak = 1338.078 ; gain = 0.000
INFO: [USF-XSim-69] 'elaborate' step finished in '7' seconds
INFO: [USF-XSim-4] XSim::Simulate design
INFO: [USF-XSim-61] Executing 'SIMULATE' step in 'E:/bildiri ve makaleler/kitap/fpga/uygulamalar/prj_bolum8_uyg4/prj_bolum8_uyg4.sim/sim_1/behav/xsim'
INFO: [USF-XSim-98] *** Running xsim
   with args "uyg84_behav -key {Behavioral:sim_1:Functional:uyg84} -tclbatch {uyg84.tcl} -log {simulate.log}"
INFO: [USF-XSim-8] Loading simulator feature
Vivado Simulator 2017.4
Time resolution is 1 ps
source uyg84.tcl
# set curr_wave [current_wave_config]
# if { [string length $curr_wave] == 0 } {
#   if { [llength [get_objects]] > 0} {
#     add_wave /
#     set_property needs_save false [current_wave_config]
#   } else {
#      send_msg_id Add_Wave-1 WARNING "No top level signals found. Simulator will start without a wave window. If you want to open a wave window go to 'File->New Waveform Configuration' or type 'create_wave_config' in the TCL console."
#   }
# }
# run 1000ns
INFO: [USF-XSim-96] XSim completed. Design snapshot 'uyg84_behav' loaded.
INFO: [USF-XSim-97] XSim simulation ran for 1000ns
launch_simulation: Time (s): cpu = 00:00:06 ; elapsed = 00:00:18 . Memory (MB): peak = 1338.078 ; gain = 0.000
add_force {/uyg84/clk} -radix hex {0 0ns} {1 50000ps} -repeat_every 100000ps
add_force {/uyg84/rst} -radix hex {0 0ns}
add_force {/uyg84/fotosel} -radix hex {7 0ns}
run 100 ns
add_force {/uyg84/fotosel} -radix hex {e 0ns}
run 100 ns
add_force {/uyg84/fotosel} -radix hex {8 0ns}
run 100 ns
add_force {/uyg84/fotosel} -radix hex {f 0ns}
run 100 ns
add_force {/uyg84/fotosel} -radix hex {3 0ns}
run 100 ns
add_force {/uyg84/fotosel} -radix hex {c 0ns}
run 100 ns
add_force {/uyg84/rst} -radix hex {1 0ns}
run 100 ns
add_force {/uyg84/fotosel} -radix hex {1 0ns}
run 100 ns
add_force {/uyg84/rst} -radix hex {0 0ns}
run 100 ns
synth_design -rtl -name rtl_1
Command: synth_design -rtl -name rtl_1
Starting synth_design
Using part: xc7a100tcsg324-1
Top: uyg84
---------------------------------------------------------------------------------
Starting RTL Elaboration : Time (s): cpu = 00:00:29 ; elapsed = 00:00:30 . Memory (MB): peak = 1338.078 ; gain = 0.000
---------------------------------------------------------------------------------
INFO: [Synth 8-638] synthesizing module 'uyg84' [E:/bildiri ve makaleler/kitap/fpga/uygulamalar/prj_bolum8_uyg4/prj_bolum8_uyg4.srcs/sources_1/new/uyg84.vhd:17]
INFO: [Synth 8-256] done synthesizing module 'uyg84' (1#1) [E:/bildiri ve makaleler/kitap/fpga/uygulamalar/prj_bolum8_uyg4/prj_bolum8_uyg4.srcs/sources_1/new/uyg84.vhd:17]
---------------------------------------------------------------------------------
Finished RTL Elaboration : Time (s): cpu = 00:00:32 ; elapsed = 00:00:35 . Memory (MB): peak = 1338.078 ; gain = 0.000
---------------------------------------------------------------------------------

Report Check Netlist: 
+------+------------------+-------+---------+-------+------------------+
|      |Item              |Errors |Warnings |Status |Description       |
+------+------------------+-------+---------+-------+------------------+
|1     |multi_driven_nets |      0|        0|Passed |Multi driven nets |
+------+------------------+-------+---------+-------+------------------+
---------------------------------------------------------------------------------
Finished RTL Optimization Phase 1 : Time (s): cpu = 00:00:33 ; elapsed = 00:00:36 . Memory (MB): peak = 1338.078 ; gain = 0.000
---------------------------------------------------------------------------------
INFO: [Project 1-570] Preparing netlist for logic optimization

Processing XDC Constraints
Initializing timing engine
Completed Processing XDC Constraints

INFO: [Opt 31-138] Pushed 0 inverter(s) to 0 load pin(s).
INFO: [Project 1-111] Unisim Transformation Summary:
No Unisim elements were transformed.

RTL Elaboration Complete:  : Time (s): cpu = 00:00:56 ; elapsed = 00:00:49 . Memory (MB): peak = 1338.078 ; gain = 0.000
5 Infos, 0 Warnings, 0 Critical Warnings and 0 Errors encountered.
synth_design completed successfully
synth_design: Time (s): cpu = 00:00:56 ; elapsed = 00:00:50 . Memory (MB): peak = 1338.078 ; gain = 0.000
close_sim
INFO: [Simtcl 6-16] Simulation closed
close_project
create_project prj_bolum8_uyg6 {E:/bildiri ve makaleler/kitap/fpga/uygulamalar/prj_bolum8_uyg6} -part xc7a100tcsg324-1
INFO: [IP_Flow 19-234] Refreshing IP repositories
INFO: [IP_Flow 19-1704] No user IP repositories specified
INFO: [IP_Flow 19-2313] Loaded Vivado IP repository 'C:/Xilinx/Vivado/2017.4/data/ip'.
create_project: Time (s): cpu = 00:00:15 ; elapsed = 00:00:20 . Memory (MB): peak = 1340.527 ; gain = 0.000
file mkdir E:/bildiri ve makaleler/kitap/fpga/uygulamalar/prj_bolum8_uyg6/prj_bolum8_uyg6.srcs/sources_1/new
set_property target_language VHDL [current_project]
file mkdir E:/bildiri ve makaleler/kitap/fpga/uygulamalar/prj_bolum8_uyg6/prj_bolum8_uyg6.srcs/sources_1/new
file mkdir E:/bildiri ve makaleler/kitap/fpga/uygulamalar/prj_bolum8_uyg6/prj_bolum8_uyg6.srcs/sources_1/new
file mkdir {E:/bildiri ve makaleler/kitap/fpga/uygulamalar/prj_bolum8_uyg6/prj_bolum8_uyg6.srcs/sources_1/new}
close [ open {E:/bildiri ve makaleler/kitap/fpga/uygulamalar/prj_bolum8_uyg6/prj_bolum8_uyg6.srcs/sources_1/new/uyg86.vhd} w ]
add_files {{E:/bildiri ve makaleler/kitap/fpga/uygulamalar/prj_bolum8_uyg6/prj_bolum8_uyg6.srcs/sources_1/new/uyg86.vhd}}
update_compile_order -fileset sources_1
launch_simulation
INFO: [Vivado 12-5682] Launching behavioral simulation in 'E:/bildiri ve makaleler/kitap/fpga/uygulamalar/prj_bolum8_uyg6/prj_bolum8_uyg6.sim/sim_1/behav/xsim'
INFO: [SIM-utils-51] Simulation object is 'sim_1'
INFO: [SIM-utils-54] Inspecting design source files for 'uyg86' in fileset 'sim_1'...
INFO: [USF-XSim-97] Finding global include files...
INFO: [USF-XSim-98] Fetching design files from 'sim_1'...
INFO: [USF-XSim-2] XSim::Compile design
INFO: [USF-XSim-61] Executing 'COMPILE and ANALYZE' step in 'E:/bildiri ve makaleler/kitap/fpga/uygulamalar/prj_bolum8_uyg6/prj_bolum8_uyg6.sim/sim_1/behav/xsim'
"xvhdl --incr --relax -prj uyg86_vhdl.prj"
INFO: [VRFC 10-163] Analyzing VHDL file "E:/bildiri ve makaleler/kitap/fpga/uygulamalar/prj_bolum8_uyg6/prj_bolum8_uyg6.srcs/sources_1/new/uyg86.vhd" into library xil_defaultlib
INFO: [VRFC 10-307] analyzing entity uyg86
run_program: Time (s): cpu = 00:00:01 ; elapsed = 00:00:06 . Memory (MB): peak = 1340.527 ; gain = 0.000
INFO: [USF-XSim-69] 'compile' step finished in '6' seconds
INFO: [USF-XSim-3] XSim::Elaborate design
INFO: [USF-XSim-61] Executing 'ELABORATE' step in 'E:/bildiri ve makaleler/kitap/fpga/uygulamalar/prj_bolum8_uyg6/prj_bolum8_uyg6.sim/sim_1/behav/xsim'
Vivado Simulator 2017.4
Copyright 1986-1999, 2001-2016 Xilinx, Inc. All Rights Reserved.
Running: C:/Xilinx/Vivado/2017.4/bin/unwrapped/win64.o/xelab.exe -wto bb1a91b97e494a1ba0af22d1deec6d19 --incr --debug typical --relax --mt 2 -L xil_defaultlib -L secureip --snapshot uyg86_behav xil_defaultlib.uyg86 -log elaborate.log 
Using 2 slave threads.
Starting static elaboration
Completed static elaboration
Starting simulation data flow analysis
Completed simulation data flow analysis
Time Resolution for simulation is 1ps
Compiling package std.standard
Compiling package std.textio
Compiling package ieee.std_logic_1164
Compiling architecture behavioral of entity xil_defaultlib.uyg86
Built simulation snapshot uyg86_behav

****** Webtalk v2017.4 (64-bit)
  **** SW Build 2086221 on Fri Dec 15 20:55:39 MST 2017
  **** IP Build 2085800 on Fri Dec 15 22:25:07 MST 2017
    ** Copyright 1986-2017 Xilinx, Inc. All Rights Reserved.

source E:/bildiri -notrace
couldn't read file "E:/bildiri": permission denied
INFO: [Common 17-206] Exiting Webtalk at Sat Aug  3 21:24:44 2019...
run_program: Time (s): cpu = 00:00:00 ; elapsed = 00:00:16 . Memory (MB): peak = 1340.527 ; gain = 0.000
INFO: [USF-XSim-69] 'elaborate' step finished in '16' seconds
INFO: [USF-XSim-4] XSim::Simulate design
INFO: [USF-XSim-61] Executing 'SIMULATE' step in 'E:/bildiri ve makaleler/kitap/fpga/uygulamalar/prj_bolum8_uyg6/prj_bolum8_uyg6.sim/sim_1/behav/xsim'
INFO: [USF-XSim-98] *** Running xsim
   with args "uyg86_behav -key {Behavioral:sim_1:Functional:uyg86} -tclbatch {uyg86.tcl} -log {simulate.log}"
INFO: [USF-XSim-8] Loading simulator feature
Vivado Simulator 2017.4
Time resolution is 1 ps
source uyg86.tcl
# set curr_wave [current_wave_config]
# if { [string length $curr_wave] == 0 } {
#   if { [llength [get_objects]] > 0} {
#     add_wave /
#     set_property needs_save false [current_wave_config]
#   } else {
#      send_msg_id Add_Wave-1 WARNING "No top level signals found. Simulator will start without a wave window. If you want to open a wave window go to 'File->New Waveform Configuration' or type 'create_wave_config' in the TCL console."
#   }
# }
# run 1000ns
xsim: Time (s): cpu = 00:00:10 ; elapsed = 00:00:06 . Memory (MB): peak = 1340.527 ; gain = 0.000
INFO: [USF-XSim-96] XSim completed. Design snapshot 'uyg86_behav' loaded.
INFO: [USF-XSim-97] XSim simulation ran for 1000ns
launch_simulation: Time (s): cpu = 00:00:13 ; elapsed = 00:00:31 . Memory (MB): peak = 1340.527 ; gain = 0.000
close_sim
INFO: [Simtcl 6-16] Simulation closed
close_sim: Time (s): cpu = 00:00:01 ; elapsed = 00:00:08 . Memory (MB): peak = 1340.527 ; gain = 0.000
launch_simulation
INFO: [Vivado 12-5682] Launching behavioral simulation in 'E:/bildiri ve makaleler/kitap/fpga/uygulamalar/prj_bolum8_uyg6/prj_bolum8_uyg6.sim/sim_1/behav/xsim'
INFO: [SIM-utils-51] Simulation object is 'sim_1'
INFO: [SIM-utils-54] Inspecting design source files for 'uyg86' in fileset 'sim_1'...
INFO: [USF-XSim-97] Finding global include files...
INFO: [USF-XSim-98] Fetching design files from 'sim_1'...
INFO: [USF-XSim-2] XSim::Compile design
INFO: [USF-XSim-61] Executing 'COMPILE and ANALYZE' step in 'E:/bildiri ve makaleler/kitap/fpga/uygulamalar/prj_bolum8_uyg6/prj_bolum8_uyg6.sim/sim_1/behav/xsim'
"xvhdl --incr --relax -prj uyg86_vhdl.prj"
INFO: [Common 17-41] Interrupt caught. Command should exit soon.
INFO: [Common 17-344] 'run_program' was cancelled
INFO: [Vivado 12-5357] 'compile' step aborted
INFO: [Common 17-344] 'launch_simulation' was cancelled
launch_simulation
INFO: [Vivado 12-5682] Launching behavioral simulation in 'E:/bildiri ve makaleler/kitap/fpga/uygulamalar/prj_bolum8_uyg6/prj_bolum8_uyg6.sim/sim_1/behav/xsim'
INFO: [SIM-utils-51] Simulation object is 'sim_1'
INFO: [SIM-utils-54] Inspecting design source files for 'uyg86' in fileset 'sim_1'...
INFO: [USF-XSim-97] Finding global include files...
INFO: [USF-XSim-98] Fetching design files from 'sim_1'...
INFO: [USF-XSim-2] XSim::Compile design
INFO: [USF-XSim-61] Executing 'COMPILE and ANALYZE' step in 'E:/bildiri ve makaleler/kitap/fpga/uygulamalar/prj_bolum8_uyg6/prj_bolum8_uyg6.sim/sim_1/behav/xsim'
"xvhdl --incr --relax -prj uyg86_vhdl.prj"
INFO: [VRFC 10-163] Analyzing VHDL file "E:/bildiri ve makaleler/kitap/fpga/uygulamalar/prj_bolum8_uyg6/prj_bolum8_uyg6.srcs/sources_1/new/uyg86.vhd" into library xil_defaultlib
INFO: [VRFC 10-307] analyzing entity uyg86
INFO: [USF-XSim-69] 'compile' step finished in '5' seconds
INFO: [USF-XSim-3] XSim::Elaborate design
INFO: [USF-XSim-61] Executing 'ELABORATE' step in 'E:/bildiri ve makaleler/kitap/fpga/uygulamalar/prj_bolum8_uyg6/prj_bolum8_uyg6.sim/sim_1/behav/xsim'
Vivado Simulator 2017.4
Copyright 1986-1999, 2001-2016 Xilinx, Inc. All Rights Reserved.
Running: C:/Xilinx/Vivado/2017.4/bin/unwrapped/win64.o/xelab.exe -wto bb1a91b97e494a1ba0af22d1deec6d19 --incr --debug typical --relax --mt 2 -L xil_defaultlib -L secureip --snapshot uyg86_behav xil_defaultlib.uyg86 -log elaborate.log 
Using 2 slave threads.
Starting static elaboration
Completed static elaboration
Starting simulation data flow analysis
Completed simulation data flow analysis
Time Resolution for simulation is 1ps
Compiling package std.standard
Compiling package std.textio
Compiling package ieee.std_logic_1164
Compiling architecture behavioral of entity xil_defaultlib.uyg86
Built simulation snapshot uyg86_behav
run_program: Time (s): cpu = 00:00:00 ; elapsed = 00:00:07 . Memory (MB): peak = 1340.527 ; gain = 0.000
INFO: [USF-XSim-69] 'elaborate' step finished in '7' seconds
INFO: [USF-XSim-4] XSim::Simulate design
INFO: [USF-XSim-61] Executing 'SIMULATE' step in 'E:/bildiri ve makaleler/kitap/fpga/uygulamalar/prj_bolum8_uyg6/prj_bolum8_uyg6.sim/sim_1/behav/xsim'
INFO: [USF-XSim-98] *** Running xsim
   with args "uyg86_behav -key {Behavioral:sim_1:Functional:uyg86} -tclbatch {uyg86.tcl} -log {simulate.log}"
INFO: [USF-XSim-8] Loading simulator feature
Vivado Simulator 2017.4
Time resolution is 1 ps
source uyg86.tcl
# set curr_wave [current_wave_config]
# if { [string length $curr_wave] == 0 } {
#   if { [llength [get_objects]] > 0} {
#     add_wave /
#     set_property needs_save false [current_wave_config]
#   } else {
#      send_msg_id Add_Wave-1 WARNING "No top level signals found. Simulator will start without a wave window. If you want to open a wave window go to 'File->New Waveform Configuration' or type 'create_wave_config' in the TCL console."
#   }
# }
# run 1000ns
INFO: [USF-XSim-96] XSim completed. Design snapshot 'uyg86_behav' loaded.
INFO: [USF-XSim-97] XSim simulation ran for 1000ns
launch_simulation: Time (s): cpu = 00:00:08 ; elapsed = 00:00:18 . Memory (MB): peak = 1340.527 ; gain = 0.000
add_force {/uyg86/clk} -radix hex {0 0ns} {1 50000ps} -repeat_every 100000ps
add_force {/uyg86/rst} -radix hex {0 0ns}
add_force {/uyg86/gir} -radix hex {a706 0ns}
run 100 ns
add_force {/uyg86/gir} -radix hex {9 0ns}
run 100 ns
add_force {/uyg86/gir} -radix hex {f001 0ns}
run 100 ns
add_force {/uyg86/gir} -radix hex {1 0ns}
run 100 ns
add_force {/uyg86/rst} -radix hex {1 0ns}
run 100 ns
add_force {/uyg86/rst} -radix hex {0 0ns}
run 100 ns
run 100 ns
close_sim
INFO: [Simtcl 6-16] Simulation closed
launch_simulation
INFO: [Vivado 12-5682] Launching behavioral simulation in 'E:/bildiri ve makaleler/kitap/fpga/uygulamalar/prj_bolum8_uyg6/prj_bolum8_uyg6.sim/sim_1/behav/xsim'
INFO: [SIM-utils-51] Simulation object is 'sim_1'
INFO: [SIM-utils-54] Inspecting design source files for 'uyg86' in fileset 'sim_1'...
INFO: [USF-XSim-97] Finding global include files...
INFO: [USF-XSim-98] Fetching design files from 'sim_1'...
INFO: [USF-XSim-2] XSim::Compile design
INFO: [USF-XSim-61] Executing 'COMPILE and ANALYZE' step in 'E:/bildiri ve makaleler/kitap/fpga/uygulamalar/prj_bolum8_uyg6/prj_bolum8_uyg6.sim/sim_1/behav/xsim'
"xvhdl --incr --relax -prj uyg86_vhdl.prj"
INFO: [VRFC 10-163] Analyzing VHDL file "E:/bildiri ve makaleler/kitap/fpga/uygulamalar/prj_bolum8_uyg6/prj_bolum8_uyg6.srcs/sources_1/new/uyg86.vhd" into library xil_defaultlib
INFO: [VRFC 10-307] analyzing entity uyg86
INFO: [USF-XSim-69] 'compile' step finished in '5' seconds
INFO: [USF-XSim-3] XSim::Elaborate design
INFO: [USF-XSim-61] Executing 'ELABORATE' step in 'E:/bildiri ve makaleler/kitap/fpga/uygulamalar/prj_bolum8_uyg6/prj_bolum8_uyg6.sim/sim_1/behav/xsim'
Vivado Simulator 2017.4
Copyright 1986-1999, 2001-2016 Xilinx, Inc. All Rights Reserved.
Running: C:/Xilinx/Vivado/2017.4/bin/unwrapped/win64.o/xelab.exe -wto bb1a91b97e494a1ba0af22d1deec6d19 --incr --debug typical --relax --mt 2 -L xil_defaultlib -L secureip --snapshot uyg86_behav xil_defaultlib.uyg86 -log elaborate.log 
Using 2 slave threads.
Starting static elaboration
Completed static elaboration
Starting simulation data flow analysis
Completed simulation data flow analysis
Time Resolution for simulation is 1ps
Compiling package std.standard
Compiling package std.textio
Compiling package ieee.std_logic_1164
Compiling architecture behavioral of entity xil_defaultlib.uyg86
Built simulation snapshot uyg86_behav
run_program: Time (s): cpu = 00:00:00 ; elapsed = 00:00:07 . Memory (MB): peak = 1340.527 ; gain = 0.000
INFO: [USF-XSim-69] 'elaborate' step finished in '7' seconds
INFO: [USF-XSim-4] XSim::Simulate design
INFO: [USF-XSim-61] Executing 'SIMULATE' step in 'E:/bildiri ve makaleler/kitap/fpga/uygulamalar/prj_bolum8_uyg6/prj_bolum8_uyg6.sim/sim_1/behav/xsim'
INFO: [USF-XSim-98] *** Running xsim
   with args "uyg86_behav -key {Behavioral:sim_1:Functional:uyg86} -tclbatch {uyg86.tcl} -log {simulate.log}"
INFO: [USF-XSim-8] Loading simulator feature
Vivado Simulator 2017.4
Time resolution is 1 ps
source uyg86.tcl
# set curr_wave [current_wave_config]
# if { [string length $curr_wave] == 0 } {
#   if { [llength [get_objects]] > 0} {
#     add_wave /
#     set_property needs_save false [current_wave_config]
#   } else {
#      send_msg_id Add_Wave-1 WARNING "No top level signals found. Simulator will start without a wave window. If you want to open a wave window go to 'File->New Waveform Configuration' or type 'create_wave_config' in the TCL console."
#   }
# }
# run 1000ns
INFO: [USF-XSim-96] XSim completed. Design snapshot 'uyg86_behav' loaded.
INFO: [USF-XSim-97] XSim simulation ran for 1000ns
launch_simulation: Time (s): cpu = 00:00:06 ; elapsed = 00:00:17 . Memory (MB): peak = 1340.527 ; gain = 0.000
add_force {/uyg86/clk} -radix hex {0 0ns} {1 50000ps} -repeat_every 100000ps
add_force {/uyg86/rst} -radix hex {0 0ns}
add_force {/uyg86/gir} -radix hex {9 0ns}
run 100 ns
add_force {/uyg86/gir} -radix hex {a0f0 0ns}
add_force {/uyg86/gir} -radix hex {a0f1 0ns}
run 100 ns
add_force {/uyg86/gir} -radix hex {6 0ns}
run 100 ns
add_force {/uyg86/gir} -radix hex {c130 0ns}
run 100 ns
add_force {/uyg86/gir} -radix hex {52b7 0ns}
run 100 ns
synth_design -rtl -name rtl_1
Command: synth_design -rtl -name rtl_1
Starting synth_design
Using part: xc7a100tcsg324-1
Top: uyg86
---------------------------------------------------------------------------------
Starting RTL Elaboration : Time (s): cpu = 00:00:30 ; elapsed = 00:00:32 . Memory (MB): peak = 1340.527 ; gain = 0.000
---------------------------------------------------------------------------------
INFO: [Synth 8-638] synthesizing module 'uyg86' [E:/bildiri ve makaleler/kitap/fpga/uygulamalar/prj_bolum8_uyg6/prj_bolum8_uyg6.srcs/sources_1/new/uyg86.vhd:18]
	Parameter n bound to: 16 - type: integer 
WARNING: [Synth 8-3512] assigned value '16' out of range [E:/bildiri ve makaleler/kitap/fpga/uygulamalar/prj_bolum8_uyg6/prj_bolum8_uyg6.srcs/sources_1/new/uyg86.vhd:34]
WARNING: [Synth 8-3512] assigned value '16' out of range [E:/bildiri ve makaleler/kitap/fpga/uygulamalar/prj_bolum8_uyg6/prj_bolum8_uyg6.srcs/sources_1/new/uyg86.vhd:34]
WARNING: [Synth 8-3512] assigned value '16' out of range [E:/bildiri ve makaleler/kitap/fpga/uygulamalar/prj_bolum8_uyg6/prj_bolum8_uyg6.srcs/sources_1/new/uyg86.vhd:34]
WARNING: [Synth 8-3512] assigned value '16' out of range [E:/bildiri ve makaleler/kitap/fpga/uygulamalar/prj_bolum8_uyg6/prj_bolum8_uyg6.srcs/sources_1/new/uyg86.vhd:34]
WARNING: [Synth 8-3512] assigned value '16' out of range [E:/bildiri ve makaleler/kitap/fpga/uygulamalar/prj_bolum8_uyg6/prj_bolum8_uyg6.srcs/sources_1/new/uyg86.vhd:34]
WARNING: [Synth 8-3512] assigned value '16' out of range [E:/bildiri ve makaleler/kitap/fpga/uygulamalar/prj_bolum8_uyg6/prj_bolum8_uyg6.srcs/sources_1/new/uyg86.vhd:34]
WARNING: [Synth 8-3512] assigned value '16' out of range [E:/bildiri ve makaleler/kitap/fpga/uygulamalar/prj_bolum8_uyg6/prj_bolum8_uyg6.srcs/sources_1/new/uyg86.vhd:34]
WARNING: [Synth 8-3512] assigned value '16' out of range [E:/bildiri ve makaleler/kitap/fpga/uygulamalar/prj_bolum8_uyg6/prj_bolum8_uyg6.srcs/sources_1/new/uyg86.vhd:34]
WARNING: [Synth 8-3512] assigned value '16' out of range [E:/bildiri ve makaleler/kitap/fpga/uygulamalar/prj_bolum8_uyg6/prj_bolum8_uyg6.srcs/sources_1/new/uyg86.vhd:34]
WARNING: [Synth 8-3512] assigned value '16' out of range [E:/bildiri ve makaleler/kitap/fpga/uygulamalar/prj_bolum8_uyg6/prj_bolum8_uyg6.srcs/sources_1/new/uyg86.vhd:34]
WARNING: [Synth 8-3512] assigned value '16' out of range [E:/bildiri ve makaleler/kitap/fpga/uygulamalar/prj_bolum8_uyg6/prj_bolum8_uyg6.srcs/sources_1/new/uyg86.vhd:34]
WARNING: [Synth 8-3512] assigned value '16' out of range [E:/bildiri ve makaleler/kitap/fpga/uygulamalar/prj_bolum8_uyg6/prj_bolum8_uyg6.srcs/sources_1/new/uyg86.vhd:34]
WARNING: [Synth 8-3512] assigned value '16' out of range [E:/bildiri ve makaleler/kitap/fpga/uygulamalar/prj_bolum8_uyg6/prj_bolum8_uyg6.srcs/sources_1/new/uyg86.vhd:34]
WARNING: [Synth 8-3512] assigned value '16' out of range [E:/bildiri ve makaleler/kitap/fpga/uygulamalar/prj_bolum8_uyg6/prj_bolum8_uyg6.srcs/sources_1/new/uyg86.vhd:34]
WARNING: [Synth 8-3512] assigned value '16' out of range [E:/bildiri ve makaleler/kitap/fpga/uygulamalar/prj_bolum8_uyg6/prj_bolum8_uyg6.srcs/sources_1/new/uyg86.vhd:34]
WARNING: [Synth 8-3512] assigned value '16' out of range [E:/bildiri ve makaleler/kitap/fpga/uygulamalar/prj_bolum8_uyg6/prj_bolum8_uyg6.srcs/sources_1/new/uyg86.vhd:34]
WARNING: [Synth 8-3512] assigned value '16' out of range [E:/bildiri ve makaleler/kitap/fpga/uygulamalar/prj_bolum8_uyg6/prj_bolum8_uyg6.srcs/sources_1/new/uyg86.vhd:34]
WARNING: [Synth 8-3512] assigned value '16' out of range [E:/bildiri ve makaleler/kitap/fpga/uygulamalar/prj_bolum8_uyg6/prj_bolum8_uyg6.srcs/sources_1/new/uyg86.vhd:34]
WARNING: [Synth 8-3512] assigned value '16' out of range [E:/bildiri ve makaleler/kitap/fpga/uygulamalar/prj_bolum8_uyg6/prj_bolum8_uyg6.srcs/sources_1/new/uyg86.vhd:34]
WARNING: [Synth 8-3512] assigned value '16' out of range [E:/bildiri ve makaleler/kitap/fpga/uygulamalar/prj_bolum8_uyg6/prj_bolum8_uyg6.srcs/sources_1/new/uyg86.vhd:34]
WARNING: [Synth 8-3512] assigned value '16' out of range [E:/bildiri ve makaleler/kitap/fpga/uygulamalar/prj_bolum8_uyg6/prj_bolum8_uyg6.srcs/sources_1/new/uyg86.vhd:34]
WARNING: [Synth 8-3512] assigned value '16' out of range [E:/bildiri ve makaleler/kitap/fpga/uygulamalar/prj_bolum8_uyg6/prj_bolum8_uyg6.srcs/sources_1/new/uyg86.vhd:34]
WARNING: [Synth 8-3512] assigned value '16' out of range [E:/bildiri ve makaleler/kitap/fpga/uygulamalar/prj_bolum8_uyg6/prj_bolum8_uyg6.srcs/sources_1/new/uyg86.vhd:34]
WARNING: [Synth 8-3512] assigned value '16' out of range [E:/bildiri ve makaleler/kitap/fpga/uygulamalar/prj_bolum8_uyg6/prj_bolum8_uyg6.srcs/sources_1/new/uyg86.vhd:34]
WARNING: [Synth 8-3512] assigned value '16' out of range [E:/bildiri ve makaleler/kitap/fpga/uygulamalar/prj_bolum8_uyg6/prj_bolum8_uyg6.srcs/sources_1/new/uyg86.vhd:34]
WARNING: [Synth 8-3512] assigned value '16' out of range [E:/bildiri ve makaleler/kitap/fpga/uygulamalar/prj_bolum8_uyg6/prj_bolum8_uyg6.srcs/sources_1/new/uyg86.vhd:34]
WARNING: [Synth 8-3512] assigned value '16' out of range [E:/bildiri ve makaleler/kitap/fpga/uygulamalar/prj_bolum8_uyg6/prj_bolum8_uyg6.srcs/sources_1/new/uyg86.vhd:34]
WARNING: [Synth 8-3512] assigned value '16' out of range [E:/bildiri ve makaleler/kitap/fpga/uygulamalar/prj_bolum8_uyg6/prj_bolum8_uyg6.srcs/sources_1/new/uyg86.vhd:34]
WARNING: [Synth 8-3512] assigned value '16' out of range [E:/bildiri ve makaleler/kitap/fpga/uygulamalar/prj_bolum8_uyg6/prj_bolum8_uyg6.srcs/sources_1/new/uyg86.vhd:34]
WARNING: [Synth 8-3512] assigned value '16' out of range [E:/bildiri ve makaleler/kitap/fpga/uygulamalar/prj_bolum8_uyg6/prj_bolum8_uyg6.srcs/sources_1/new/uyg86.vhd:34]
WARNING: [Synth 8-3512] assigned value '16' out of range [E:/bildiri ve makaleler/kitap/fpga/uygulamalar/prj_bolum8_uyg6/prj_bolum8_uyg6.srcs/sources_1/new/uyg86.vhd:34]
WARNING: [Synth 8-3512] assigned value '16' out of range [E:/bildiri ve makaleler/kitap/fpga/uygulamalar/prj_bolum8_uyg6/prj_bolum8_uyg6.srcs/sources_1/new/uyg86.vhd:34]
WARNING: [Synth 8-3512] assigned value '16' out of range [E:/bildiri ve makaleler/kitap/fpga/uygulamalar/prj_bolum8_uyg6/prj_bolum8_uyg6.srcs/sources_1/new/uyg86.vhd:34]
WARNING: [Synth 8-3512] assigned value '16' out of range [E:/bildiri ve makaleler/kitap/fpga/uygulamalar/prj_bolum8_uyg6/prj_bolum8_uyg6.srcs/sources_1/new/uyg86.vhd:34]
WARNING: [Synth 8-3512] assigned value '16' out of range [E:/bildiri ve makaleler/kitap/fpga/uygulamalar/prj_bolum8_uyg6/prj_bolum8_uyg6.srcs/sources_1/new/uyg86.vhd:34]
WARNING: [Synth 8-3512] assigned value '16' out of range [E:/bildiri ve makaleler/kitap/fpga/uygulamalar/prj_bolum8_uyg6/prj_bolum8_uyg6.srcs/sources_1/new/uyg86.vhd:34]
WARNING: [Synth 8-3512] assigned value '16' out of range [E:/bildiri ve makaleler/kitap/fpga/uygulamalar/prj_bolum8_uyg6/prj_bolum8_uyg6.srcs/sources_1/new/uyg86.vhd:34]
WARNING: [Synth 8-3512] assigned value '16' out of range [E:/bildiri ve makaleler/kitap/fpga/uygulamalar/prj_bolum8_uyg6/prj_bolum8_uyg6.srcs/sources_1/new/uyg86.vhd:34]
WARNING: [Synth 8-3512] assigned value '16' out of range [E:/bildiri ve makaleler/kitap/fpga/uygulamalar/prj_bolum8_uyg6/prj_bolum8_uyg6.srcs/sources_1/new/uyg86.vhd:34]
WARNING: [Synth 8-3512] assigned value '16' out of range [E:/bildiri ve makaleler/kitap/fpga/uygulamalar/prj_bolum8_uyg6/prj_bolum8_uyg6.srcs/sources_1/new/uyg86.vhd:34]
WARNING: [Synth 8-3512] assigned value '16' out of range [E:/bildiri ve makaleler/kitap/fpga/uygulamalar/prj_bolum8_uyg6/prj_bolum8_uyg6.srcs/sources_1/new/uyg86.vhd:34]
WARNING: [Synth 8-3512] assigned value '16' out of range [E:/bildiri ve makaleler/kitap/fpga/uygulamalar/prj_bolum8_uyg6/prj_bolum8_uyg6.srcs/sources_1/new/uyg86.vhd:34]
WARNING: [Synth 8-3512] assigned value '16' out of range [E:/bildiri ve makaleler/kitap/fpga/uygulamalar/prj_bolum8_uyg6/prj_bolum8_uyg6.srcs/sources_1/new/uyg86.vhd:34]
WARNING: [Synth 8-3512] assigned value '16' out of range [E:/bildiri ve makaleler/kitap/fpga/uygulamalar/prj_bolum8_uyg6/prj_bolum8_uyg6.srcs/sources_1/new/uyg86.vhd:34]
WARNING: [Synth 8-3512] assigned value '16' out of range [E:/bildiri ve makaleler/kitap/fpga/uygulamalar/prj_bolum8_uyg6/prj_bolum8_uyg6.srcs/sources_1/new/uyg86.vhd:34]
WARNING: [Synth 8-3512] assigned value '16' out of range [E:/bildiri ve makaleler/kitap/fpga/uygulamalar/prj_bolum8_uyg6/prj_bolum8_uyg6.srcs/sources_1/new/uyg86.vhd:34]
WARNING: [Synth 8-3512] assigned value '16' out of range [E:/bildiri ve makaleler/kitap/fpga/uygulamalar/prj_bolum8_uyg6/prj_bolum8_uyg6.srcs/sources_1/new/uyg86.vhd:34]
WARNING: [Synth 8-3512] assigned value '16' out of range [E:/bildiri ve makaleler/kitap/fpga/uygulamalar/prj_bolum8_uyg6/prj_bolum8_uyg6.srcs/sources_1/new/uyg86.vhd:34]
WARNING: [Synth 8-3512] assigned value '16' out of range [E:/bildiri ve makaleler/kitap/fpga/uygulamalar/prj_bolum8_uyg6/prj_bolum8_uyg6.srcs/sources_1/new/uyg86.vhd:34]
WARNING: [Synth 8-3512] assigned value '16' out of range [E:/bildiri ve makaleler/kitap/fpga/uygulamalar/prj_bolum8_uyg6/prj_bolum8_uyg6.srcs/sources_1/new/uyg86.vhd:34]
WARNING: [Synth 8-3512] assigned value '16' out of range [E:/bildiri ve makaleler/kitap/fpga/uygulamalar/prj_bolum8_uyg6/prj_bolum8_uyg6.srcs/sources_1/new/uyg86.vhd:34]
WARNING: [Synth 8-3512] assigned value '16' out of range [E:/bildiri ve makaleler/kitap/fpga/uygulamalar/prj_bolum8_uyg6/prj_bolum8_uyg6.srcs/sources_1/new/uyg86.vhd:34]
WARNING: [Synth 8-3512] assigned value '16' out of range [E:/bildiri ve makaleler/kitap/fpga/uygulamalar/prj_bolum8_uyg6/prj_bolum8_uyg6.srcs/sources_1/new/uyg86.vhd:34]
WARNING: [Synth 8-3512] assigned value '16' out of range [E:/bildiri ve makaleler/kitap/fpga/uygulamalar/prj_bolum8_uyg6/prj_bolum8_uyg6.srcs/sources_1/new/uyg86.vhd:34]
WARNING: [Synth 8-3512] assigned value '16' out of range [E:/bildiri ve makaleler/kitap/fpga/uygulamalar/prj_bolum8_uyg6/prj_bolum8_uyg6.srcs/sources_1/new/uyg86.vhd:34]
WARNING: [Synth 8-3512] assigned value '16' out of range [E:/bildiri ve makaleler/kitap/fpga/uygulamalar/prj_bolum8_uyg6/prj_bolum8_uyg6.srcs/sources_1/new/uyg86.vhd:34]
WARNING: [Synth 8-3512] assigned value '16' out of range [E:/bildiri ve makaleler/kitap/fpga/uygulamalar/prj_bolum8_uyg6/prj_bolum8_uyg6.srcs/sources_1/new/uyg86.vhd:34]
WARNING: [Synth 8-3512] assigned value '16' out of range [E:/bildiri ve makaleler/kitap/fpga/uygulamalar/prj_bolum8_uyg6/prj_bolum8_uyg6.srcs/sources_1/new/uyg86.vhd:34]
WARNING: [Synth 8-3512] assigned value '16' out of range [E:/bildiri ve makaleler/kitap/fpga/uygulamalar/prj_bolum8_uyg6/prj_bolum8_uyg6.srcs/sources_1/new/uyg86.vhd:34]
WARNING: [Synth 8-3512] assigned value '16' out of range [E:/bildiri ve makaleler/kitap/fpga/uygulamalar/prj_bolum8_uyg6/prj_bolum8_uyg6.srcs/sources_1/new/uyg86.vhd:34]
WARNING: [Synth 8-3512] assigned value '16' out of range [E:/bildiri ve makaleler/kitap/fpga/uygulamalar/prj_bolum8_uyg6/prj_bolum8_uyg6.srcs/sources_1/new/uyg86.vhd:34]
WARNING: [Synth 8-3512] assigned value '16' out of range [E:/bildiri ve makaleler/kitap/fpga/uygulamalar/prj_bolum8_uyg6/prj_bolum8_uyg6.srcs/sources_1/new/uyg86.vhd:34]
WARNING: [Synth 8-3512] assigned value '16' out of range [E:/bildiri ve makaleler/kitap/fpga/uygulamalar/prj_bolum8_uyg6/prj_bolum8_uyg6.srcs/sources_1/new/uyg86.vhd:34]
WARNING: [Synth 8-3512] assigned value '16' out of range [E:/bildiri ve makaleler/kitap/fpga/uygulamalar/prj_bolum8_uyg6/prj_bolum8_uyg6.srcs/sources_1/new/uyg86.vhd:34]
WARNING: [Synth 8-3512] assigned value '16' out of range [E:/bildiri ve makaleler/kitap/fpga/uygulamalar/prj_bolum8_uyg6/prj_bolum8_uyg6.srcs/sources_1/new/uyg86.vhd:34]
WARNING: [Synth 8-3512] assigned value '16' out of range [E:/bildiri ve makaleler/kitap/fpga/uygulamalar/prj_bolum8_uyg6/prj_bolum8_uyg6.srcs/sources_1/new/uyg86.vhd:34]
WARNING: [Synth 8-3512] assigned value '16' out of range [E:/bildiri ve makaleler/kitap/fpga/uygulamalar/prj_bolum8_uyg6/prj_bolum8_uyg6.srcs/sources_1/new/uyg86.vhd:34]
WARNING: [Synth 8-3512] assigned value '16' out of range [E:/bildiri ve makaleler/kitap/fpga/uygulamalar/prj_bolum8_uyg6/prj_bolum8_uyg6.srcs/sources_1/new/uyg86.vhd:34]
WARNING: [Synth 8-3512] assigned value '16' out of range [E:/bildiri ve makaleler/kitap/fpga/uygulamalar/prj_bolum8_uyg6/prj_bolum8_uyg6.srcs/sources_1/new/uyg86.vhd:34]
WARNING: [Synth 8-3512] assigned value '16' out of range [E:/bildiri ve makaleler/kitap/fpga/uygulamalar/prj_bolum8_uyg6/prj_bolum8_uyg6.srcs/sources_1/new/uyg86.vhd:34]
WARNING: [Synth 8-3512] assigned value '16' out of range [E:/bildiri ve makaleler/kitap/fpga/uygulamalar/prj_bolum8_uyg6/prj_bolum8_uyg6.srcs/sources_1/new/uyg86.vhd:34]
WARNING: [Synth 8-3512] assigned value '16' out of range [E:/bildiri ve makaleler/kitap/fpga/uygulamalar/prj_bolum8_uyg6/prj_bolum8_uyg6.srcs/sources_1/new/uyg86.vhd:34]
WARNING: [Synth 8-3512] assigned value '16' out of range [E:/bildiri ve makaleler/kitap/fpga/uygulamalar/prj_bolum8_uyg6/prj_bolum8_uyg6.srcs/sources_1/new/uyg86.vhd:34]
WARNING: [Synth 8-3512] assigned value '16' out of range [E:/bildiri ve makaleler/kitap/fpga/uygulamalar/prj_bolum8_uyg6/prj_bolum8_uyg6.srcs/sources_1/new/uyg86.vhd:34]
WARNING: [Synth 8-3512] assigned value '16' out of range [E:/bildiri ve makaleler/kitap/fpga/uygulamalar/prj_bolum8_uyg6/prj_bolum8_uyg6.srcs/sources_1/new/uyg86.vhd:34]
WARNING: [Synth 8-3512] assigned value '16' out of range [E:/bildiri ve makaleler/kitap/fpga/uygulamalar/prj_bolum8_uyg6/prj_bolum8_uyg6.srcs/sources_1/new/uyg86.vhd:34]
WARNING: [Synth 8-3512] assigned value '16' out of range [E:/bildiri ve makaleler/kitap/fpga/uygulamalar/prj_bolum8_uyg6/prj_bolum8_uyg6.srcs/sources_1/new/uyg86.vhd:34]
WARNING: [Synth 8-3512] assigned value '16' out of range [E:/bildiri ve makaleler/kitap/fpga/uygulamalar/prj_bolum8_uyg6/prj_bolum8_uyg6.srcs/sources_1/new/uyg86.vhd:34]
WARNING: [Synth 8-3512] assigned value '16' out of range [E:/bildiri ve makaleler/kitap/fpga/uygulamalar/prj_bolum8_uyg6/prj_bolum8_uyg6.srcs/sources_1/new/uyg86.vhd:34]
WARNING: [Synth 8-3512] assigned value '16' out of range [E:/bildiri ve makaleler/kitap/fpga/uygulamalar/prj_bolum8_uyg6/prj_bolum8_uyg6.srcs/sources_1/new/uyg86.vhd:34]
WARNING: [Synth 8-3512] assigned value '16' out of range [E:/bildiri ve makaleler/kitap/fpga/uygulamalar/prj_bolum8_uyg6/prj_bolum8_uyg6.srcs/sources_1/new/uyg86.vhd:34]
WARNING: [Synth 8-3512] assigned value '16' out of range [E:/bildiri ve makaleler/kitap/fpga/uygulamalar/prj_bolum8_uyg6/prj_bolum8_uyg6.srcs/sources_1/new/uyg86.vhd:34]
WARNING: [Synth 8-3512] assigned value '16' out of range [E:/bildiri ve makaleler/kitap/fpga/uygulamalar/prj_bolum8_uyg6/prj_bolum8_uyg6.srcs/sources_1/new/uyg86.vhd:34]
WARNING: [Synth 8-3512] assigned value '16' out of range [E:/bildiri ve makaleler/kitap/fpga/uygulamalar/prj_bolum8_uyg6/prj_bolum8_uyg6.srcs/sources_1/new/uyg86.vhd:34]
WARNING: [Synth 8-3512] assigned value '16' out of range [E:/bildiri ve makaleler/kitap/fpga/uygulamalar/prj_bolum8_uyg6/prj_bolum8_uyg6.srcs/sources_1/new/uyg86.vhd:34]
WARNING: [Synth 8-3512] assigned value '16' out of range [E:/bildiri ve makaleler/kitap/fpga/uygulamalar/prj_bolum8_uyg6/prj_bolum8_uyg6.srcs/sources_1/new/uyg86.vhd:34]
WARNING: [Synth 8-3512] assigned value '16' out of range [E:/bildiri ve makaleler/kitap/fpga/uygulamalar/prj_bolum8_uyg6/prj_bolum8_uyg6.srcs/sources_1/new/uyg86.vhd:34]
WARNING: [Synth 8-3512] assigned value '16' out of range [E:/bildiri ve makaleler/kitap/fpga/uygulamalar/prj_bolum8_uyg6/prj_bolum8_uyg6.srcs/sources_1/new/uyg86.vhd:34]
WARNING: [Synth 8-3512] assigned value '16' out of range [E:/bildiri ve makaleler/kitap/fpga/uygulamalar/prj_bolum8_uyg6/prj_bolum8_uyg6.srcs/sources_1/new/uyg86.vhd:34]
WARNING: [Synth 8-3512] assigned value '16' out of range [E:/bildiri ve makaleler/kitap/fpga/uygulamalar/prj_bolum8_uyg6/prj_bolum8_uyg6.srcs/sources_1/new/uyg86.vhd:34]
WARNING: [Synth 8-3512] assigned value '16' out of range [E:/bildiri ve makaleler/kitap/fpga/uygulamalar/prj_bolum8_uyg6/prj_bolum8_uyg6.srcs/sources_1/new/uyg86.vhd:34]
WARNING: [Synth 8-3512] assigned value '16' out of range [E:/bildiri ve makaleler/kitap/fpga/uygulamalar/prj_bolum8_uyg6/prj_bolum8_uyg6.srcs/sources_1/new/uyg86.vhd:34]
WARNING: [Synth 8-3512] assigned value '16' out of range [E:/bildiri ve makaleler/kitap/fpga/uygulamalar/prj_bolum8_uyg6/prj_bolum8_uyg6.srcs/sources_1/new/uyg86.vhd:34]
WARNING: [Synth 8-3512] assigned value '16' out of range [E:/bildiri ve makaleler/kitap/fpga/uygulamalar/prj_bolum8_uyg6/prj_bolum8_uyg6.srcs/sources_1/new/uyg86.vhd:34]
WARNING: [Synth 8-3512] assigned value '16' out of range [E:/bildiri ve makaleler/kitap/fpga/uygulamalar/prj_bolum8_uyg6/prj_bolum8_uyg6.srcs/sources_1/new/uyg86.vhd:34]
WARNING: [Synth 8-3512] assigned value '16' out of range [E:/bildiri ve makaleler/kitap/fpga/uygulamalar/prj_bolum8_uyg6/prj_bolum8_uyg6.srcs/sources_1/new/uyg86.vhd:34]
WARNING: [Synth 8-3512] assigned value '16' out of range [E:/bildiri ve makaleler/kitap/fpga/uygulamalar/prj_bolum8_uyg6/prj_bolum8_uyg6.srcs/sources_1/new/uyg86.vhd:34]
WARNING: [Synth 8-3512] assigned value '16' out of range [E:/bildiri ve makaleler/kitap/fpga/uygulamalar/prj_bolum8_uyg6/prj_bolum8_uyg6.srcs/sources_1/new/uyg86.vhd:34]
WARNING: [Synth 8-3512] assigned value '16' out of range [E:/bildiri ve makaleler/kitap/fpga/uygulamalar/prj_bolum8_uyg6/prj_bolum8_uyg6.srcs/sources_1/new/uyg86.vhd:34]
WARNING: [Synth 8-3512] assigned value '16' out of range [E:/bildiri ve makaleler/kitap/fpga/uygulamalar/prj_bolum8_uyg6/prj_bolum8_uyg6.srcs/sources_1/new/uyg86.vhd:34]
INFO: [Common 17-14] Message 'Synth 8-3512' appears 100 times and further instances of the messages will be disabled. Use the Tcl command set_msg_config to change the current settings.
ERROR: [Synth 8-403] loop limit (65536) exceeded [E:/bildiri ve makaleler/kitap/fpga/uygulamalar/prj_bolum8_uyg6/prj_bolum8_uyg6.srcs/sources_1/new/uyg86.vhd:31]
ERROR: [Synth 8-285] failed synthesizing module 'uyg86' [E:/bildiri ve makaleler/kitap/fpga/uygulamalar/prj_bolum8_uyg6/prj_bolum8_uyg6.srcs/sources_1/new/uyg86.vhd:18]
---------------------------------------------------------------------------------
Finished RTL Elaboration : Time (s): cpu = 00:01:01 ; elapsed = 00:01:01 . Memory (MB): peak = 1380.359 ; gain = 39.832
---------------------------------------------------------------------------------
RTL Elaboration failed
2 Infos, 100 Warnings, 0 Critical Warnings and 3 Errors encountered.
synth_design failed
ERROR: [Vivado_Tcl 4-5] Elaboration failed - please see the console for details
close_sim
INFO: [Simtcl 6-16] Simulation closed
synth_design -rtl -name rtl_1
Command: synth_design -rtl -name rtl_1
Starting synth_design
Using part: xc7a100tcsg324-1
Top: uyg86
---------------------------------------------------------------------------------
Starting RTL Elaboration : Time (s): cpu = 00:00:34 ; elapsed = 00:00:34 . Memory (MB): peak = 1380.359 ; gain = 0.000
---------------------------------------------------------------------------------
INFO: [Synth 8-638] synthesizing module 'uyg86' [E:/bildiri ve makaleler/kitap/fpga/uygulamalar/prj_bolum8_uyg6/prj_bolum8_uyg6.srcs/sources_1/new/uyg86.vhd:18]
	Parameter n bound to: 16 - type: integer 
WARNING: [Synth 8-6014] Unused sequential element i_reg was removed.  [E:/bildiri ve makaleler/kitap/fpga/uygulamalar/prj_bolum8_uyg6/prj_bolum8_uyg6.srcs/sources_1/new/uyg86.vhd:27]
WARNING: [Synth 8-6014] Unused sequential element a_reg was removed.  [E:/bildiri ve makaleler/kitap/fpga/uygulamalar/prj_bolum8_uyg6/prj_bolum8_uyg6.srcs/sources_1/new/uyg86.vhd:32]
INFO: [Synth 8-256] done synthesizing module 'uyg86' (1#1) [E:/bildiri ve makaleler/kitap/fpga/uygulamalar/prj_bolum8_uyg6/prj_bolum8_uyg6.srcs/sources_1/new/uyg86.vhd:18]
---------------------------------------------------------------------------------
Finished RTL Elaboration : Time (s): cpu = 00:00:38 ; elapsed = 00:00:39 . Memory (MB): peak = 1380.359 ; gain = 0.000
---------------------------------------------------------------------------------

Report Check Netlist: 
+------+------------------+-------+---------+-------+------------------+
|      |Item              |Errors |Warnings |Status |Description       |
+------+------------------+-------+---------+-------+------------------+
|1     |multi_driven_nets |      0|        0|Passed |Multi driven nets |
+------+------------------+-------+---------+-------+------------------+
---------------------------------------------------------------------------------
Finished RTL Optimization Phase 1 : Time (s): cpu = 00:00:38 ; elapsed = 00:00:40 . Memory (MB): peak = 1380.359 ; gain = 0.000
---------------------------------------------------------------------------------
INFO: [Project 1-570] Preparing netlist for logic optimization

Processing XDC Constraints
Initializing timing engine
Completed Processing XDC Constraints

INFO: [Opt 31-138] Pushed 0 inverter(s) to 0 load pin(s).
INFO: [Project 1-111] Unisim Transformation Summary:
No Unisim elements were transformed.

RTL Elaboration Complete:  : Time (s): cpu = 00:00:58 ; elapsed = 00:00:54 . Memory (MB): peak = 1393.883 ; gain = 13.523
5 Infos, 2 Warnings, 0 Critical Warnings and 0 Errors encountered.
synth_design completed successfully
synth_design: Time (s): cpu = 00:00:59 ; elapsed = 00:00:55 . Memory (MB): peak = 1393.883 ; gain = 13.523
launch_simulation
INFO: [Vivado 12-5682] Launching behavioral simulation in 'E:/bildiri ve makaleler/kitap/fpga/uygulamalar/prj_bolum8_uyg6/prj_bolum8_uyg6.sim/sim_1/behav/xsim'
INFO: [SIM-utils-51] Simulation object is 'sim_1'
INFO: [SIM-utils-54] Inspecting design source files for 'uyg86' in fileset 'sim_1'...
INFO: [USF-XSim-97] Finding global include files...
INFO: [USF-XSim-98] Fetching design files from 'sim_1'...
INFO: [USF-XSim-2] XSim::Compile design
INFO: [USF-XSim-61] Executing 'COMPILE and ANALYZE' step in 'E:/bildiri ve makaleler/kitap/fpga/uygulamalar/prj_bolum8_uyg6/prj_bolum8_uyg6.sim/sim_1/behav/xsim'
"xvhdl --incr --relax -prj uyg86_vhdl.prj"
INFO: [VRFC 10-163] Analyzing VHDL file "E:/bildiri ve makaleler/kitap/fpga/uygulamalar/prj_bolum8_uyg6/prj_bolum8_uyg6.srcs/sources_1/new/uyg86.vhd" into library xil_defaultlib
INFO: [VRFC 10-307] analyzing entity uyg86
run_program: Time (s): cpu = 00:00:01 ; elapsed = 00:00:05 . Memory (MB): peak = 1393.883 ; gain = 0.000
INFO: [USF-XSim-69] 'compile' step finished in '5' seconds
INFO: [USF-XSim-3] XSim::Elaborate design
INFO: [USF-XSim-61] Executing 'ELABORATE' step in 'E:/bildiri ve makaleler/kitap/fpga/uygulamalar/prj_bolum8_uyg6/prj_bolum8_uyg6.sim/sim_1/behav/xsim'
Vivado Simulator 2017.4
Copyright 1986-1999, 2001-2016 Xilinx, Inc. All Rights Reserved.
Running: C:/Xilinx/Vivado/2017.4/bin/unwrapped/win64.o/xelab.exe -wto bb1a91b97e494a1ba0af22d1deec6d19 --incr --debug typical --relax --mt 2 -L xil_defaultlib -L secureip --snapshot uyg86_behav xil_defaultlib.uyg86 -log elaborate.log 
Using 2 slave threads.
Starting static elaboration
Completed static elaboration
Starting simulation data flow analysis
Completed simulation data flow analysis
Time Resolution for simulation is 1ps
Compiling package std.standard
Compiling package std.textio
Compiling package ieee.std_logic_1164
Compiling architecture behavioral of entity xil_defaultlib.uyg86
Built simulation snapshot uyg86_behav
run_program: Time (s): cpu = 00:00:00 ; elapsed = 00:00:11 . Memory (MB): peak = 1393.883 ; gain = 0.000
INFO: [USF-XSim-69] 'elaborate' step finished in '10' seconds
INFO: [USF-XSim-4] XSim::Simulate design
INFO: [USF-XSim-61] Executing 'SIMULATE' step in 'E:/bildiri ve makaleler/kitap/fpga/uygulamalar/prj_bolum8_uyg6/prj_bolum8_uyg6.sim/sim_1/behav/xsim'
INFO: [USF-XSim-98] *** Running xsim
   with args "uyg86_behav -key {Behavioral:sim_1:Functional:uyg86} -tclbatch {uyg86.tcl} -log {simulate.log}"
INFO: [USF-XSim-8] Loading simulator feature
Vivado Simulator 2017.4
Time resolution is 1 ps
source uyg86.tcl
# set curr_wave [current_wave_config]
# if { [string length $curr_wave] == 0 } {
#   if { [llength [get_objects]] > 0} {
#     add_wave /
#     set_property needs_save false [current_wave_config]
#   } else {
#      send_msg_id Add_Wave-1 WARNING "No top level signals found. Simulator will start without a wave window. If you want to open a wave window go to 'File->New Waveform Configuration' or type 'create_wave_config' in the TCL console."
#   }
# }
# run 1000ns
xsim: Time (s): cpu = 00:00:08 ; elapsed = 00:00:05 . Memory (MB): peak = 1393.883 ; gain = 0.000
INFO: [USF-XSim-96] XSim completed. Design snapshot 'uyg86_behav' loaded.
INFO: [USF-XSim-97] XSim simulation ran for 1000ns
launch_simulation: Time (s): cpu = 00:00:10 ; elapsed = 00:00:23 . Memory (MB): peak = 1393.883 ; gain = 0.000
add_force {/uyg86/clk} -radix hex {0 0ns} {1 50000ps} -repeat_every 100000ps
add_force {/uyg86/rst} -radix hex {0 0ns}
add_force {/uyg86/gir} -radix hex {15 0ns}
run 100 ns
add_force {/uyg86/gir} -radix hex {738 0ns}
run 100 ns
add_force {/uyg86/gir} -radix hex {f0fa 0ns}
run 100 ns
add_force {/uyg86/gir} -radix hex {b1b0 0ns}
run 100 ns
refresh_design
---------------------------------------------------------------------------------
Starting RTL Elaboration : Time (s): cpu = 00:00:31 ; elapsed = 00:00:32 . Memory (MB): peak = 1393.883 ; gain = 0.000
---------------------------------------------------------------------------------
INFO: [Synth 8-638] synthesizing module 'uyg86' [E:/bildiri ve makaleler/kitap/fpga/uygulamalar/prj_bolum8_uyg6/prj_bolum8_uyg6.srcs/sources_1/new/uyg86.vhd:18]
	Parameter n bound to: 16 - type: integer 
WARNING: [Synth 8-6014] Unused sequential element i_reg was removed.  [E:/bildiri ve makaleler/kitap/fpga/uygulamalar/prj_bolum8_uyg6/prj_bolum8_uyg6.srcs/sources_1/new/uyg86.vhd:27]
INFO: [Synth 8-256] done synthesizing module 'uyg86' (1#1) [E:/bildiri ve makaleler/kitap/fpga/uygulamalar/prj_bolum8_uyg6/prj_bolum8_uyg6.srcs/sources_1/new/uyg86.vhd:18]
---------------------------------------------------------------------------------
Finished RTL Elaboration : Time (s): cpu = 00:00:36 ; elapsed = 00:00:38 . Memory (MB): peak = 1393.883 ; gain = 0.000
---------------------------------------------------------------------------------

Report Check Netlist: 
+------+------------------+-------+---------+-------+------------------+
|      |Item              |Errors |Warnings |Status |Description       |
+------+------------------+-------+---------+-------+------------------+
|1     |multi_driven_nets |      0|        0|Passed |Multi driven nets |
+------+------------------+-------+---------+-------+------------------+
---------------------------------------------------------------------------------
Finished RTL Optimization Phase 1 : Time (s): cpu = 00:00:36 ; elapsed = 00:00:39 . Memory (MB): peak = 1393.883 ; gain = 0.000
---------------------------------------------------------------------------------
INFO: [Project 1-570] Preparing netlist for logic optimization

Processing XDC Constraints
Initializing timing engine
Completed Processing XDC Constraints

INFO: [Opt 31-138] Pushed 0 inverter(s) to 0 load pin(s).
refresh_design: Time (s): cpu = 00:01:01 ; elapsed = 00:00:56 . Memory (MB): peak = 1430.582 ; gain = 36.699
close_sim
INFO: [Simtcl 6-16] Simulation closed
close_project
create_project prj_bolum8_uyg8 {E:/bildiri ve makaleler/kitap/fpga/uygulamalar/prj_bolum8_uyg8} -part xc7a100tcsg324-1
INFO: [IP_Flow 19-234] Refreshing IP repositories
INFO: [IP_Flow 19-1704] No user IP repositories specified
INFO: [IP_Flow 19-2313] Loaded Vivado IP repository 'C:/Xilinx/Vivado/2017.4/data/ip'.
create_project: Time (s): cpu = 00:00:11 ; elapsed = 00:00:19 . Memory (MB): peak = 1430.582 ; gain = 0.000
file mkdir E:/bildiri ve makaleler/kitap/fpga/uygulamalar/prj_bolum8_uyg8/prj_bolum8_uyg8.srcs/sources_1/new
set_property target_language VHDL [current_project]
file mkdir E:/bildiri ve makaleler/kitap/fpga/uygulamalar/prj_bolum8_uyg8/prj_bolum8_uyg8.srcs/sources_1/new
file mkdir E:/bildiri ve makaleler/kitap/fpga/uygulamalar/prj_bolum8_uyg8/prj_bolum8_uyg8.srcs/sources_1/new
file mkdir {E:/bildiri ve makaleler/kitap/fpga/uygulamalar/prj_bolum8_uyg8/prj_bolum8_uyg8.srcs/sources_1/new}
close [ open {E:/bildiri ve makaleler/kitap/fpga/uygulamalar/prj_bolum8_uyg8/prj_bolum8_uyg8.srcs/sources_1/new/uyg88.vhd} w ]
add_files {{E:/bildiri ve makaleler/kitap/fpga/uygulamalar/prj_bolum8_uyg8/prj_bolum8_uyg8.srcs/sources_1/new/uyg88.vhd}}
update_compile_order -fileset sources_1
launch_simulation
INFO: [Vivado 12-5682] Launching behavioral simulation in 'E:/bildiri ve makaleler/kitap/fpga/uygulamalar/prj_bolum8_uyg8/prj_bolum8_uyg8.sim/sim_1/behav/xsim'
INFO: [SIM-utils-51] Simulation object is 'sim_1'
INFO: [SIM-utils-54] Inspecting design source files for 'uyg88' in fileset 'sim_1'...
INFO: [USF-XSim-97] Finding global include files...
INFO: [USF-XSim-98] Fetching design files from 'sim_1'...
INFO: [USF-XSim-2] XSim::Compile design
INFO: [USF-XSim-61] Executing 'COMPILE and ANALYZE' step in 'E:/bildiri ve makaleler/kitap/fpga/uygulamalar/prj_bolum8_uyg8/prj_bolum8_uyg8.sim/sim_1/behav/xsim'
"xvhdl --incr --relax -prj uyg88_vhdl.prj"
INFO: [VRFC 10-163] Analyzing VHDL file "E:/bildiri ve makaleler/kitap/fpga/uygulamalar/prj_bolum8_uyg8/prj_bolum8_uyg8.srcs/sources_1/new/uyg88.vhd" into library xil_defaultlib
INFO: [VRFC 10-307] analyzing entity uyg88
run_program: Time (s): cpu = 00:00:00 ; elapsed = 00:00:05 . Memory (MB): peak = 1430.582 ; gain = 0.000
INFO: [USF-XSim-69] 'compile' step finished in '6' seconds
INFO: [USF-XSim-3] XSim::Elaborate design
INFO: [USF-XSim-61] Executing 'ELABORATE' step in 'E:/bildiri ve makaleler/kitap/fpga/uygulamalar/prj_bolum8_uyg8/prj_bolum8_uyg8.sim/sim_1/behav/xsim'
Vivado Simulator 2017.4
Copyright 1986-1999, 2001-2016 Xilinx, Inc. All Rights Reserved.
Running: C:/Xilinx/Vivado/2017.4/bin/unwrapped/win64.o/xelab.exe -wto 1a02eabbf6114f4cbc525cc070ef0fb0 --incr --debug typical --relax --mt 2 -L xil_defaultlib -L secureip --snapshot uyg88_behav xil_defaultlib.uyg88 -log elaborate.log 
Using 2 slave threads.
Starting static elaboration
Completed static elaboration
Starting simulation data flow analysis
Completed simulation data flow analysis
Time Resolution for simulation is 1ps
Compiling package std.standard
Compiling package std.textio
Compiling package ieee.std_logic_1164
Compiling package ieee.std_logic_arith
Compiling package ieee.std_logic_unsigned
Compiling architecture behavioral of entity xil_defaultlib.uyg88
Built simulation snapshot uyg88_behav

****** Webtalk v2017.4 (64-bit)
  **** SW Build 2086221 on Fri Dec 15 20:55:39 MST 2017
  **** IP Build 2085800 on Fri Dec 15 22:25:07 MST 2017
    ** Copyright 1986-2017 Xilinx, Inc. All Rights Reserved.

source E:/bildiri -notrace
couldn't read file "E:/bildiri": permission denied
INFO: [Common 17-206] Exiting Webtalk at Sun Aug  4 21:07:48 2019...
run_program: Time (s): cpu = 00:00:01 ; elapsed = 00:00:14 . Memory (MB): peak = 1430.582 ; gain = 0.000
INFO: [USF-XSim-69] 'elaborate' step finished in '14' seconds
INFO: [USF-XSim-4] XSim::Simulate design
INFO: [USF-XSim-61] Executing 'SIMULATE' step in 'E:/bildiri ve makaleler/kitap/fpga/uygulamalar/prj_bolum8_uyg8/prj_bolum8_uyg8.sim/sim_1/behav/xsim'
INFO: [USF-XSim-98] *** Running xsim
   with args "uyg88_behav -key {Behavioral:sim_1:Functional:uyg88} -tclbatch {uyg88.tcl} -log {simulate.log}"
INFO: [USF-XSim-8] Loading simulator feature
Vivado Simulator 2017.4
Time resolution is 1 ps
source uyg88.tcl
# set curr_wave [current_wave_config]
# if { [string length $curr_wave] == 0 } {
#   if { [llength [get_objects]] > 0} {
#     add_wave /
#     set_property needs_save false [current_wave_config]
#   } else {
#      send_msg_id Add_Wave-1 WARNING "No top level signals found. Simulator will start without a wave window. If you want to open a wave window go to 'File->New Waveform Configuration' or type 'create_wave_config' in the TCL console."
#   }
# }
# run 1000ns
xsim: Time (s): cpu = 00:00:09 ; elapsed = 00:00:06 . Memory (MB): peak = 1430.582 ; gain = 0.000
INFO: [USF-XSim-96] XSim completed. Design snapshot 'uyg88_behav' loaded.
INFO: [USF-XSim-97] XSim simulation ran for 1000ns
launch_simulation: Time (s): cpu = 00:00:10 ; elapsed = 00:00:27 . Memory (MB): peak = 1430.582 ; gain = 0.000
add_force {/uyg88/clk} -radix hex {0 0ns} {1 50000ps} -repeat_every 100000ps
add_force {/uyg88/gir} -radix hex {38 0ns}
run 100 ns
run 100 ns
run 100 ns
run 100 ns
run 100 ns
close_sim
INFO: [Simtcl 6-16] Simulation closed
close_sim: Time (s): cpu = 00:00:01 ; elapsed = 00:00:08 . Memory (MB): peak = 1430.582 ; gain = 0.000
launch_simulation
INFO: [Vivado 12-5682] Launching behavioral simulation in 'E:/bildiri ve makaleler/kitap/fpga/uygulamalar/prj_bolum8_uyg8/prj_bolum8_uyg8.sim/sim_1/behav/xsim'
INFO: [SIM-utils-51] Simulation object is 'sim_1'
INFO: [SIM-utils-54] Inspecting design source files for 'uyg88' in fileset 'sim_1'...
INFO: [USF-XSim-97] Finding global include files...
INFO: [USF-XSim-98] Fetching design files from 'sim_1'...
INFO: [USF-XSim-2] XSim::Compile design
INFO: [USF-XSim-61] Executing 'COMPILE and ANALYZE' step in 'E:/bildiri ve makaleler/kitap/fpga/uygulamalar/prj_bolum8_uyg8/prj_bolum8_uyg8.sim/sim_1/behav/xsim'
"xvhdl --incr --relax -prj uyg88_vhdl.prj"
INFO: [VRFC 10-163] Analyzing VHDL file "E:/bildiri ve makaleler/kitap/fpga/uygulamalar/prj_bolum8_uyg8/prj_bolum8_uyg8.srcs/sources_1/new/uyg88.vhd" into library xil_defaultlib
INFO: [VRFC 10-307] analyzing entity uyg88
INFO: [USF-XSim-69] 'compile' step finished in '5' seconds
INFO: [USF-XSim-3] XSim::Elaborate design
INFO: [USF-XSim-61] Executing 'ELABORATE' step in 'E:/bildiri ve makaleler/kitap/fpga/uygulamalar/prj_bolum8_uyg8/prj_bolum8_uyg8.sim/sim_1/behav/xsim'
Vivado Simulator 2017.4
Copyright 1986-1999, 2001-2016 Xilinx, Inc. All Rights Reserved.
Running: C:/Xilinx/Vivado/2017.4/bin/unwrapped/win64.o/xelab.exe -wto 1a02eabbf6114f4cbc525cc070ef0fb0 --incr --debug typical --relax --mt 2 -L xil_defaultlib -L secureip --snapshot uyg88_behav xil_defaultlib.uyg88 -log elaborate.log 
Using 2 slave threads.
Starting static elaboration
Completed static elaboration
Starting simulation data flow analysis
Completed simulation data flow analysis
Time Resolution for simulation is 1ps
Compiling package std.standard
Compiling package std.textio
Compiling package ieee.std_logic_1164
Compiling package ieee.std_logic_arith
Compiling package ieee.std_logic_unsigned
Compiling architecture behavioral of entity xil_defaultlib.uyg88
Built simulation snapshot uyg88_behav
run_program: Time (s): cpu = 00:00:00 ; elapsed = 00:00:07 . Memory (MB): peak = 1430.582 ; gain = 0.000
INFO: [USF-XSim-69] 'elaborate' step finished in '7' seconds
INFO: [USF-XSim-4] XSim::Simulate design
INFO: [USF-XSim-61] Executing 'SIMULATE' step in 'E:/bildiri ve makaleler/kitap/fpga/uygulamalar/prj_bolum8_uyg8/prj_bolum8_uyg8.sim/sim_1/behav/xsim'
INFO: [USF-XSim-98] *** Running xsim
   with args "uyg88_behav -key {Behavioral:sim_1:Functional:uyg88} -tclbatch {uyg88.tcl} -log {simulate.log}"
INFO: [USF-XSim-8] Loading simulator feature
Vivado Simulator 2017.4
Time resolution is 1 ps
source uyg88.tcl
# set curr_wave [current_wave_config]
# if { [string length $curr_wave] == 0 } {
#   if { [llength [get_objects]] > 0} {
#     add_wave /
#     set_property needs_save false [current_wave_config]
#   } else {
#      send_msg_id Add_Wave-1 WARNING "No top level signals found. Simulator will start without a wave window. If you want to open a wave window go to 'File->New Waveform Configuration' or type 'create_wave_config' in the TCL console."
#   }
# }
# run 1000ns
xsim: Time (s): cpu = 00:00:07 ; elapsed = 00:00:05 . Memory (MB): peak = 1430.582 ; gain = 0.000
INFO: [USF-XSim-96] XSim completed. Design snapshot 'uyg88_behav' loaded.
INFO: [USF-XSim-97] XSim simulation ran for 1000ns
launch_simulation: Time (s): cpu = 00:00:08 ; elapsed = 00:00:18 . Memory (MB): peak = 1430.582 ; gain = 0.000
add_force {/uyg88/clk} -radix hex {0 0ns} {1 50000ps} -repeat_every 100000ps
add_force {/uyg88/gir} -radix hex {38 0ns}
run 100 ns
run 100 ns
add_force {/uyg88/gir} -radix hex {23 0ns}
run 100 ns
close_sim
INFO: [Simtcl 6-16] Simulation closed
launch_simulation
INFO: [Vivado 12-5682] Launching behavioral simulation in 'E:/bildiri ve makaleler/kitap/fpga/uygulamalar/prj_bolum8_uyg8/prj_bolum8_uyg8.sim/sim_1/behav/xsim'
INFO: [SIM-utils-51] Simulation object is 'sim_1'
INFO: [SIM-utils-54] Inspecting design source files for 'uyg88' in fileset 'sim_1'...
INFO: [USF-XSim-97] Finding global include files...
INFO: [USF-XSim-98] Fetching design files from 'sim_1'...
INFO: [USF-XSim-2] XSim::Compile design
INFO: [USF-XSim-61] Executing 'COMPILE and ANALYZE' step in 'E:/bildiri ve makaleler/kitap/fpga/uygulamalar/prj_bolum8_uyg8/prj_bolum8_uyg8.sim/sim_1/behav/xsim'
"xvhdl --incr --relax -prj uyg88_vhdl.prj"
INFO: [VRFC 10-163] Analyzing VHDL file "E:/bildiri ve makaleler/kitap/fpga/uygulamalar/prj_bolum8_uyg8/prj_bolum8_uyg8.srcs/sources_1/new/uyg88.vhd" into library xil_defaultlib
INFO: [VRFC 10-307] analyzing entity uyg88
INFO: [USF-XSim-69] 'compile' step finished in '5' seconds
INFO: [USF-XSim-3] XSim::Elaborate design
INFO: [USF-XSim-61] Executing 'ELABORATE' step in 'E:/bildiri ve makaleler/kitap/fpga/uygulamalar/prj_bolum8_uyg8/prj_bolum8_uyg8.sim/sim_1/behav/xsim'
Vivado Simulator 2017.4
Copyright 1986-1999, 2001-2016 Xilinx, Inc. All Rights Reserved.
Running: C:/Xilinx/Vivado/2017.4/bin/unwrapped/win64.o/xelab.exe -wto 1a02eabbf6114f4cbc525cc070ef0fb0 --incr --debug typical --relax --mt 2 -L xil_defaultlib -L secureip --snapshot uyg88_behav xil_defaultlib.uyg88 -log elaborate.log 
Using 2 slave threads.
Starting static elaboration
Completed static elaboration
Starting simulation data flow analysis
Completed simulation data flow analysis
Time Resolution for simulation is 1ps
Compiling package std.standard
Compiling package std.textio
Compiling package ieee.std_logic_1164
Compiling package ieee.std_logic_arith
Compiling package ieee.std_logic_unsigned
Compiling architecture behavioral of entity xil_defaultlib.uyg88
Built simulation snapshot uyg88_behav
run_program: Time (s): cpu = 00:00:00 ; elapsed = 00:00:07 . Memory (MB): peak = 1430.582 ; gain = 0.000
INFO: [USF-XSim-69] 'elaborate' step finished in '6' seconds
INFO: [USF-XSim-4] XSim::Simulate design
INFO: [USF-XSim-61] Executing 'SIMULATE' step in 'E:/bildiri ve makaleler/kitap/fpga/uygulamalar/prj_bolum8_uyg8/prj_bolum8_uyg8.sim/sim_1/behav/xsim'
INFO: [USF-XSim-98] *** Running xsim
   with args "uyg88_behav -key {Behavioral:sim_1:Functional:uyg88} -tclbatch {uyg88.tcl} -log {simulate.log}"
INFO: [USF-XSim-8] Loading simulator feature
Vivado Simulator 2017.4
Time resolution is 1 ps
source uyg88.tcl
# set curr_wave [current_wave_config]
# if { [string length $curr_wave] == 0 } {
#   if { [llength [get_objects]] > 0} {
#     add_wave /
#     set_property needs_save false [current_wave_config]
#   } else {
#      send_msg_id Add_Wave-1 WARNING "No top level signals found. Simulator will start without a wave window. If you want to open a wave window go to 'File->New Waveform Configuration' or type 'create_wave_config' in the TCL console."
#   }
# }
# run 1000ns
INFO: [USF-XSim-96] XSim completed. Design snapshot 'uyg88_behav' loaded.
INFO: [USF-XSim-97] XSim simulation ran for 1000ns
launch_simulation: Time (s): cpu = 00:00:06 ; elapsed = 00:00:18 . Memory (MB): peak = 1430.582 ; gain = 0.000
add_force {/uyg88/clk} -radix hex {0 0ns} {1 50000ps} -repeat_every 100000ps
add_force {/uyg88/gir} -radix hex {23 0ns}
run 100 ns
add_force {/uyg88/gir} -radix hex {29 0ns}
run 100 ns
add_force {/uyg88/gir} -radix hex {38 0ns}
run 100 ns
add_force {/uyg88/gir} -radix hex {87 0ns}
add_force {/uyg88/rst} -radix hex {1 0ns}
run 100 ns
add_force {/uyg88/rst} -radix hex {0 0ns}
run 100 ns
synth_design -rtl -name rtl_1
Command: synth_design -rtl -name rtl_1
Starting synth_design
Using part: xc7a100tcsg324-1
Top: uyg88
---------------------------------------------------------------------------------
Starting RTL Elaboration : Time (s): cpu = 00:00:31 ; elapsed = 00:00:34 . Memory (MB): peak = 1430.582 ; gain = 0.000
---------------------------------------------------------------------------------
INFO: [Synth 8-638] synthesizing module 'uyg88' [E:/bildiri ve makaleler/kitap/fpga/uygulamalar/prj_bolum8_uyg8/prj_bolum8_uyg8.srcs/sources_1/new/uyg88.vhd:19]
WARNING: [Synth 8-6014] Unused sequential element t1_reg was removed.  [E:/bildiri ve makaleler/kitap/fpga/uygulamalar/prj_bolum8_uyg8/prj_bolum8_uyg8.srcs/sources_1/new/uyg88.vhd:47]
WARNING: [Synth 8-6014] Unused sequential element t2_reg was removed.  [E:/bildiri ve makaleler/kitap/fpga/uygulamalar/prj_bolum8_uyg8/prj_bolum8_uyg8.srcs/sources_1/new/uyg88.vhd:48]
WARNING: [Synth 8-6014] Unused sequential element t_reg was removed.  [E:/bildiri ve makaleler/kitap/fpga/uygulamalar/prj_bolum8_uyg8/prj_bolum8_uyg8.srcs/sources_1/new/uyg88.vhd:49]
INFO: [Synth 8-256] done synthesizing module 'uyg88' (1#1) [E:/bildiri ve makaleler/kitap/fpga/uygulamalar/prj_bolum8_uyg8/prj_bolum8_uyg8.srcs/sources_1/new/uyg88.vhd:19]
---------------------------------------------------------------------------------
Finished RTL Elaboration : Time (s): cpu = 00:00:36 ; elapsed = 00:00:40 . Memory (MB): peak = 1430.582 ; gain = 0.000
---------------------------------------------------------------------------------

Report Check Netlist: 
+------+------------------+-------+---------+-------+------------------+
|      |Item              |Errors |Warnings |Status |Description       |
+------+------------------+-------+---------+-------+------------------+
|1     |multi_driven_nets |      0|        0|Passed |Multi driven nets |
+------+------------------+-------+---------+-------+------------------+
---------------------------------------------------------------------------------
Finished RTL Optimization Phase 1 : Time (s): cpu = 00:00:36 ; elapsed = 00:00:41 . Memory (MB): peak = 1430.582 ; gain = 0.000
---------------------------------------------------------------------------------
INFO: [Project 1-570] Preparing netlist for logic optimization

Processing XDC Constraints
Initializing timing engine
Completed Processing XDC Constraints

INFO: [Opt 31-138] Pushed 0 inverter(s) to 0 load pin(s).
INFO: [Project 1-111] Unisim Transformation Summary:
No Unisim elements were transformed.

RTL Elaboration Complete:  : Time (s): cpu = 00:00:55 ; elapsed = 00:00:55 . Memory (MB): peak = 1462.016 ; gain = 31.434
5 Infos, 3 Warnings, 0 Critical Warnings and 0 Errors encountered.
synth_design completed successfully
synth_design: Time (s): cpu = 00:00:55 ; elapsed = 00:00:55 . Memory (MB): peak = 1462.016 ; gain = 31.434
close_sim
INFO: [Simtcl 6-16] Simulation closed
launch_simulation
INFO: [Vivado 12-5682] Launching behavioral simulation in 'E:/bildiri ve makaleler/kitap/fpga/uygulamalar/prj_bolum8_uyg8/prj_bolum8_uyg8.sim/sim_1/behav/xsim'
INFO: [SIM-utils-51] Simulation object is 'sim_1'
INFO: [SIM-utils-54] Inspecting design source files for 'uyg88' in fileset 'sim_1'...
INFO: [USF-XSim-97] Finding global include files...
INFO: [USF-XSim-98] Fetching design files from 'sim_1'...
INFO: [USF-XSim-2] XSim::Compile design
INFO: [USF-XSim-61] Executing 'COMPILE and ANALYZE' step in 'E:/bildiri ve makaleler/kitap/fpga/uygulamalar/prj_bolum8_uyg8/prj_bolum8_uyg8.sim/sim_1/behav/xsim'
"xvhdl --incr --relax -prj uyg88_vhdl.prj"
INFO: [VRFC 10-163] Analyzing VHDL file "E:/bildiri ve makaleler/kitap/fpga/uygulamalar/prj_bolum8_uyg8/prj_bolum8_uyg8.srcs/sources_1/new/uyg88.vhd" into library xil_defaultlib
INFO: [VRFC 10-307] analyzing entity uyg88
INFO: [USF-XSim-69] 'compile' step finished in '5' seconds
INFO: [USF-XSim-3] XSim::Elaborate design
INFO: [USF-XSim-61] Executing 'ELABORATE' step in 'E:/bildiri ve makaleler/kitap/fpga/uygulamalar/prj_bolum8_uyg8/prj_bolum8_uyg8.sim/sim_1/behav/xsim'
Vivado Simulator 2017.4
Copyright 1986-1999, 2001-2016 Xilinx, Inc. All Rights Reserved.
Running: C:/Xilinx/Vivado/2017.4/bin/unwrapped/win64.o/xelab.exe -wto 1a02eabbf6114f4cbc525cc070ef0fb0 --incr --debug typical --relax --mt 2 -L xil_defaultlib -L secureip --snapshot uyg88_behav xil_defaultlib.uyg88 -log elaborate.log 
Using 2 slave threads.
Starting static elaboration
Completed static elaboration
Starting simulation data flow analysis
Completed simulation data flow analysis
Time Resolution for simulation is 1ps
Compiling package std.standard
Compiling package std.textio
Compiling package ieee.std_logic_1164
Compiling package ieee.std_logic_arith
Compiling package ieee.std_logic_unsigned
Compiling architecture behavioral of entity xil_defaultlib.uyg88
Built simulation snapshot uyg88_behav
run_program: Time (s): cpu = 00:00:01 ; elapsed = 00:00:07 . Memory (MB): peak = 1462.016 ; gain = 0.000
INFO: [USF-XSim-69] 'elaborate' step finished in '7' seconds
INFO: [USF-XSim-4] XSim::Simulate design
INFO: [USF-XSim-61] Executing 'SIMULATE' step in 'E:/bildiri ve makaleler/kitap/fpga/uygulamalar/prj_bolum8_uyg8/prj_bolum8_uyg8.sim/sim_1/behav/xsim'
INFO: [USF-XSim-98] *** Running xsim
   with args "uyg88_behav -key {Behavioral:sim_1:Functional:uyg88} -tclbatch {uyg88.tcl} -log {simulate.log}"
INFO: [USF-XSim-8] Loading simulator feature
Vivado Simulator 2017.4
Time resolution is 1 ps
source uyg88.tcl
# set curr_wave [current_wave_config]
# if { [string length $curr_wave] == 0 } {
#   if { [llength [get_objects]] > 0} {
#     add_wave /
#     set_property needs_save false [current_wave_config]
#   } else {
#      send_msg_id Add_Wave-1 WARNING "No top level signals found. Simulator will start without a wave window. If you want to open a wave window go to 'File->New Waveform Configuration' or type 'create_wave_config' in the TCL console."
#   }
# }
# run 1000ns
xsim: Time (s): cpu = 00:00:09 ; elapsed = 00:00:06 . Memory (MB): peak = 1462.016 ; gain = 0.000
INFO: [USF-XSim-96] XSim completed. Design snapshot 'uyg88_behav' loaded.
INFO: [USF-XSim-97] XSim simulation ran for 1000ns
launch_simulation: Time (s): cpu = 00:00:11 ; elapsed = 00:00:19 . Memory (MB): peak = 1462.016 ; gain = 0.000
refresh_design
---------------------------------------------------------------------------------
Starting RTL Elaboration : Time (s): cpu = 00:00:31 ; elapsed = 00:00:32 . Memory (MB): peak = 1462.016 ; gain = 0.000
---------------------------------------------------------------------------------
INFO: [Synth 8-638] synthesizing module 'uyg88' [E:/bildiri ve makaleler/kitap/fpga/uygulamalar/prj_bolum8_uyg8/prj_bolum8_uyg8.srcs/sources_1/new/uyg88.vhd:20]
	Parameter n bound to: 4 - type: integer 
WARNING: [Synth 8-6014] Unused sequential element t1_reg was removed.  [E:/bildiri ve makaleler/kitap/fpga/uygulamalar/prj_bolum8_uyg8/prj_bolum8_uyg8.srcs/sources_1/new/uyg88.vhd:48]
WARNING: [Synth 8-6014] Unused sequential element t2_reg was removed.  [E:/bildiri ve makaleler/kitap/fpga/uygulamalar/prj_bolum8_uyg8/prj_bolum8_uyg8.srcs/sources_1/new/uyg88.vhd:49]
WARNING: [Synth 8-6014] Unused sequential element t_reg was removed.  [E:/bildiri ve makaleler/kitap/fpga/uygulamalar/prj_bolum8_uyg8/prj_bolum8_uyg8.srcs/sources_1/new/uyg88.vhd:50]
INFO: [Synth 8-256] done synthesizing module 'uyg88' (1#1) [E:/bildiri ve makaleler/kitap/fpga/uygulamalar/prj_bolum8_uyg8/prj_bolum8_uyg8.srcs/sources_1/new/uyg88.vhd:20]
---------------------------------------------------------------------------------
Finished RTL Elaboration : Time (s): cpu = 00:00:35 ; elapsed = 00:00:37 . Memory (MB): peak = 1462.016 ; gain = 0.000
---------------------------------------------------------------------------------

Report Check Netlist: 
+------+------------------+-------+---------+-------+------------------+
|      |Item              |Errors |Warnings |Status |Description       |
+------+------------------+-------+---------+-------+------------------+
|1     |multi_driven_nets |      0|        0|Passed |Multi driven nets |
+------+------------------+-------+---------+-------+------------------+
---------------------------------------------------------------------------------
Finished RTL Optimization Phase 1 : Time (s): cpu = 00:00:35 ; elapsed = 00:00:38 . Memory (MB): peak = 1462.016 ; gain = 0.000
---------------------------------------------------------------------------------
INFO: [Project 1-570] Preparing netlist for logic optimization

Processing XDC Constraints
Initializing timing engine
Completed Processing XDC Constraints

INFO: [Opt 31-138] Pushed 0 inverter(s) to 0 load pin(s).
refresh_design: Time (s): cpu = 00:00:58 ; elapsed = 00:00:54 . Memory (MB): peak = 1468.047 ; gain = 6.031
close_sim
INFO: [Simtcl 6-16] Simulation closed
close_project
create_project prj_bolum8_uyg10 {E:/bildiri ve makaleler/kitap/fpga/uygulamalar/prj_bolum8_uyg10} -part xc7a100tcsg324-1
INFO: [IP_Flow 19-234] Refreshing IP repositories
INFO: [IP_Flow 19-1704] No user IP repositories specified
INFO: [IP_Flow 19-2313] Loaded Vivado IP repository 'C:/Xilinx/Vivado/2017.4/data/ip'.
create_project: Time (s): cpu = 00:00:09 ; elapsed = 00:00:18 . Memory (MB): peak = 1468.047 ; gain = 0.000
file mkdir E:/bildiri ve makaleler/kitap/fpga/uygulamalar/prj_bolum8_uyg10/prj_bolum8_uyg10.srcs/sources_1/new
set_property target_language VHDL [current_project]
file mkdir E:/bildiri ve makaleler/kitap/fpga/uygulamalar/prj_bolum8_uyg10/prj_bolum8_uyg10.srcs/sources_1/new
file mkdir E:/bildiri ve makaleler/kitap/fpga/uygulamalar/prj_bolum8_uyg10/prj_bolum8_uyg10.srcs/sources_1/new
file mkdir {E:/bildiri ve makaleler/kitap/fpga/uygulamalar/prj_bolum8_uyg10/prj_bolum8_uyg10.srcs/sources_1/new}
close [ open {E:/bildiri ve makaleler/kitap/fpga/uygulamalar/prj_bolum8_uyg10/prj_bolum8_uyg10.srcs/sources_1/new/uyg10.vhd} w ]
add_files {{E:/bildiri ve makaleler/kitap/fpga/uygulamalar/prj_bolum8_uyg10/prj_bolum8_uyg10.srcs/sources_1/new/uyg10.vhd}}
update_compile_order -fileset sources_1
launch_simulation
INFO: [Vivado 12-5682] Launching behavioral simulation in 'E:/bildiri ve makaleler/kitap/fpga/uygulamalar/prj_bolum8_uyg10/prj_bolum8_uyg10.sim/sim_1/behav/xsim'
INFO: [SIM-utils-51] Simulation object is 'sim_1'
INFO: [SIM-utils-54] Inspecting design source files for 'uyg10' in fileset 'sim_1'...
INFO: [USF-XSim-97] Finding global include files...
INFO: [USF-XSim-98] Fetching design files from 'sim_1'...
INFO: [USF-XSim-2] XSim::Compile design
INFO: [USF-XSim-61] Executing 'COMPILE and ANALYZE' step in 'E:/bildiri ve makaleler/kitap/fpga/uygulamalar/prj_bolum8_uyg10/prj_bolum8_uyg10.sim/sim_1/behav/xsim'
"xvhdl --incr --relax -prj uyg10_vhdl.prj"
INFO: [VRFC 10-163] Analyzing VHDL file "E:/bildiri ve makaleler/kitap/fpga/uygulamalar/prj_bolum8_uyg10/prj_bolum8_uyg10.srcs/sources_1/new/uyg10.vhd" into library xil_defaultlib
INFO: [VRFC 10-307] analyzing entity uyg10
run_program: Time (s): cpu = 00:00:01 ; elapsed = 00:00:06 . Memory (MB): peak = 1468.047 ; gain = 0.000
INFO: [USF-XSim-69] 'compile' step finished in '6' seconds
INFO: [USF-XSim-3] XSim::Elaborate design
INFO: [USF-XSim-61] Executing 'ELABORATE' step in 'E:/bildiri ve makaleler/kitap/fpga/uygulamalar/prj_bolum8_uyg10/prj_bolum8_uyg10.sim/sim_1/behav/xsim'
Vivado Simulator 2017.4
Copyright 1986-1999, 2001-2016 Xilinx, Inc. All Rights Reserved.
Running: C:/Xilinx/Vivado/2017.4/bin/unwrapped/win64.o/xelab.exe -wto 4a8ce676c0ea4d7b97feedb77419b4d0 --incr --debug typical --relax --mt 2 -L xil_defaultlib -L secureip --snapshot uyg10_behav xil_defaultlib.uyg10 -log elaborate.log 
Using 2 slave threads.
Starting static elaboration
Completed static elaboration
Starting simulation data flow analysis
Completed simulation data flow analysis
Time Resolution for simulation is 1ps
Compiling package std.standard
Compiling package std.textio
Compiling package ieee.std_logic_1164
Compiling package ieee.std_logic_arith
Compiling package ieee.std_logic_unsigned
Compiling architecture behavioral of entity xil_defaultlib.uyg10
Built simulation snapshot uyg10_behav

****** Webtalk v2017.4 (64-bit)
  **** SW Build 2086221 on Fri Dec 15 20:55:39 MST 2017
  **** IP Build 2085800 on Fri Dec 15 22:25:07 MST 2017
    ** Copyright 1986-2017 Xilinx, Inc. All Rights Reserved.

source E:/bildiri -notrace
couldn't read file "E:/bildiri": permission denied
INFO: [Common 17-206] Exiting Webtalk at Mon Aug  5 14:05:34 2019...
run_program: Time (s): cpu = 00:00:00 ; elapsed = 00:00:14 . Memory (MB): peak = 1468.047 ; gain = 0.000
INFO: [USF-XSim-69] 'elaborate' step finished in '14' seconds
INFO: [USF-XSim-4] XSim::Simulate design
INFO: [USF-XSim-61] Executing 'SIMULATE' step in 'E:/bildiri ve makaleler/kitap/fpga/uygulamalar/prj_bolum8_uyg10/prj_bolum8_uyg10.sim/sim_1/behav/xsim'
INFO: [USF-XSim-98] *** Running xsim
   with args "uyg10_behav -key {Behavioral:sim_1:Functional:uyg10} -tclbatch {uyg10.tcl} -log {simulate.log}"
INFO: [USF-XSim-8] Loading simulator feature
Vivado Simulator 2017.4
Time resolution is 1 ps
source uyg10.tcl
# set curr_wave [current_wave_config]
# if { [string length $curr_wave] == 0 } {
#   if { [llength [get_objects]] > 0} {
#     add_wave /
#     set_property needs_save false [current_wave_config]
#   } else {
#      send_msg_id Add_Wave-1 WARNING "No top level signals found. Simulator will start without a wave window. If you want to open a wave window go to 'File->New Waveform Configuration' or type 'create_wave_config' in the TCL console."
#   }
# }
# run 1000ns
xsim: Time (s): cpu = 00:00:07 ; elapsed = 00:00:05 . Memory (MB): peak = 1468.047 ; gain = 0.000
INFO: [USF-XSim-96] XSim completed. Design snapshot 'uyg10_behav' loaded.
INFO: [USF-XSim-97] XSim simulation ran for 1000ns
launch_simulation: Time (s): cpu = 00:00:08 ; elapsed = 00:00:27 . Memory (MB): peak = 1468.047 ; gain = 0.000
add_force {/uyg10/clk} -radix hex {0 0ns} {1 50000ps} -repeat_every 100000ps
run 100 ns
run 100 ns
run 100 ns
run 100 ns
run 100 ns
run 100 ns
run 100 ns
close_sim
INFO: [Simtcl 6-16] Simulation closed
close_sim: Time (s): cpu = 00:00:01 ; elapsed = 00:00:07 . Memory (MB): peak = 1468.047 ; gain = 0.000
launch_simulation
INFO: [Vivado 12-5682] Launching behavioral simulation in 'E:/bildiri ve makaleler/kitap/fpga/uygulamalar/prj_bolum8_uyg10/prj_bolum8_uyg10.sim/sim_1/behav/xsim'
INFO: [SIM-utils-51] Simulation object is 'sim_1'
INFO: [SIM-utils-54] Inspecting design source files for 'uyg10' in fileset 'sim_1'...
INFO: [USF-XSim-97] Finding global include files...
INFO: [USF-XSim-98] Fetching design files from 'sim_1'...
INFO: [USF-XSim-2] XSim::Compile design
INFO: [USF-XSim-61] Executing 'COMPILE and ANALYZE' step in 'E:/bildiri ve makaleler/kitap/fpga/uygulamalar/prj_bolum8_uyg10/prj_bolum8_uyg10.sim/sim_1/behav/xsim'
"xvhdl --incr --relax -prj uyg10_vhdl.prj"
INFO: [VRFC 10-163] Analyzing VHDL file "E:/bildiri ve makaleler/kitap/fpga/uygulamalar/prj_bolum8_uyg10/prj_bolum8_uyg10.srcs/sources_1/new/uyg10.vhd" into library xil_defaultlib
INFO: [VRFC 10-307] analyzing entity uyg10
run_program: Time (s): cpu = 00:00:00 ; elapsed = 00:00:05 . Memory (MB): peak = 1468.047 ; gain = 0.000
INFO: [USF-XSim-69] 'compile' step finished in '5' seconds
INFO: [USF-XSim-3] XSim::Elaborate design
INFO: [USF-XSim-61] Executing 'ELABORATE' step in 'E:/bildiri ve makaleler/kitap/fpga/uygulamalar/prj_bolum8_uyg10/prj_bolum8_uyg10.sim/sim_1/behav/xsim'
Vivado Simulator 2017.4
Copyright 1986-1999, 2001-2016 Xilinx, Inc. All Rights Reserved.
Running: C:/Xilinx/Vivado/2017.4/bin/unwrapped/win64.o/xelab.exe -wto 4a8ce676c0ea4d7b97feedb77419b4d0 --incr --debug typical --relax --mt 2 -L xil_defaultlib -L secureip --snapshot uyg10_behav xil_defaultlib.uyg10 -log elaborate.log 
Using 2 slave threads.
Starting static elaboration
Completed static elaboration
Starting simulation data flow analysis
Completed simulation data flow analysis
Time Resolution for simulation is 1ps
Compiling package std.standard
Compiling package std.textio
Compiling package ieee.std_logic_1164
Compiling package ieee.std_logic_arith
Compiling package ieee.std_logic_unsigned
Compiling architecture behavioral of entity xil_defaultlib.uyg10
Built simulation snapshot uyg10_behav
run_program: Time (s): cpu = 00:00:00 ; elapsed = 00:00:07 . Memory (MB): peak = 1468.047 ; gain = 0.000
INFO: [USF-XSim-69] 'elaborate' step finished in '6' seconds
INFO: [USF-XSim-4] XSim::Simulate design
INFO: [USF-XSim-61] Executing 'SIMULATE' step in 'E:/bildiri ve makaleler/kitap/fpga/uygulamalar/prj_bolum8_uyg10/prj_bolum8_uyg10.sim/sim_1/behav/xsim'
INFO: [USF-XSim-98] *** Running xsim
   with args "uyg10_behav -key {Behavioral:sim_1:Functional:uyg10} -tclbatch {uyg10.tcl} -log {simulate.log}"
INFO: [USF-XSim-8] Loading simulator feature
Vivado Simulator 2017.4
Time resolution is 1 ps
source uyg10.tcl
# set curr_wave [current_wave_config]
# if { [string length $curr_wave] == 0 } {
#   if { [llength [get_objects]] > 0} {
#     add_wave /
#     set_property needs_save false [current_wave_config]
#   } else {
#      send_msg_id Add_Wave-1 WARNING "No top level signals found. Simulator will start without a wave window. If you want to open a wave window go to 'File->New Waveform Configuration' or type 'create_wave_config' in the TCL console."
#   }
# }
# run 1000ns
INFO: [USF-XSim-96] XSim completed. Design snapshot 'uyg10_behav' loaded.
INFO: [USF-XSim-97] XSim simulation ran for 1000ns
launch_simulation: Time (s): cpu = 00:00:08 ; elapsed = 00:00:18 . Memory (MB): peak = 1468.047 ; gain = 0.000
add_force {/uyg10/clk} -radix hex {0 0ns} {1 50000ps} -repeat_every 100000ps
run 100 ns
run 100 ns
run 100 ns
run 100 ns
run 100 ns
run 100 ns
close_sim
INFO: [Simtcl 6-16] Simulation closed
launch_simulation
INFO: [Vivado 12-5682] Launching behavioral simulation in 'E:/bildiri ve makaleler/kitap/fpga/uygulamalar/prj_bolum8_uyg10/prj_bolum8_uyg10.sim/sim_1/behav/xsim'
INFO: [SIM-utils-51] Simulation object is 'sim_1'
INFO: [SIM-utils-54] Inspecting design source files for 'uyg10' in fileset 'sim_1'...
INFO: [USF-XSim-97] Finding global include files...
INFO: [USF-XSim-98] Fetching design files from 'sim_1'...
INFO: [USF-XSim-2] XSim::Compile design
INFO: [USF-XSim-61] Executing 'COMPILE and ANALYZE' step in 'E:/bildiri ve makaleler/kitap/fpga/uygulamalar/prj_bolum8_uyg10/prj_bolum8_uyg10.sim/sim_1/behav/xsim'
"xvhdl --incr --relax -prj uyg10_vhdl.prj"
INFO: [VRFC 10-163] Analyzing VHDL file "E:/bildiri ve makaleler/kitap/fpga/uygulamalar/prj_bolum8_uyg10/prj_bolum8_uyg10.srcs/sources_1/new/uyg10.vhd" into library xil_defaultlib
INFO: [VRFC 10-307] analyzing entity uyg10
INFO: [USF-XSim-69] 'compile' step finished in '5' seconds
INFO: [USF-XSim-3] XSim::Elaborate design
INFO: [USF-XSim-61] Executing 'ELABORATE' step in 'E:/bildiri ve makaleler/kitap/fpga/uygulamalar/prj_bolum8_uyg10/prj_bolum8_uyg10.sim/sim_1/behav/xsim'
Vivado Simulator 2017.4
Copyright 1986-1999, 2001-2016 Xilinx, Inc. All Rights Reserved.
Running: C:/Xilinx/Vivado/2017.4/bin/unwrapped/win64.o/xelab.exe -wto 4a8ce676c0ea4d7b97feedb77419b4d0 --incr --debug typical --relax --mt 2 -L xil_defaultlib -L secureip --snapshot uyg10_behav xil_defaultlib.uyg10 -log elaborate.log 
Using 2 slave threads.
Starting static elaboration
Completed static elaboration
Starting simulation data flow analysis
Completed simulation data flow analysis
Time Resolution for simulation is 1ps
Compiling package std.standard
Compiling package std.textio
Compiling package ieee.std_logic_1164
Compiling package ieee.std_logic_arith
Compiling package ieee.std_logic_unsigned
Compiling architecture behavioral of entity xil_defaultlib.uyg10
Built simulation snapshot uyg10_behav
run_program: Time (s): cpu = 00:00:00 ; elapsed = 00:00:07 . Memory (MB): peak = 1468.047 ; gain = 0.000
INFO: [USF-XSim-69] 'elaborate' step finished in '7' seconds
INFO: [USF-XSim-4] XSim::Simulate design
INFO: [USF-XSim-61] Executing 'SIMULATE' step in 'E:/bildiri ve makaleler/kitap/fpga/uygulamalar/prj_bolum8_uyg10/prj_bolum8_uyg10.sim/sim_1/behav/xsim'
INFO: [USF-XSim-98] *** Running xsim
   with args "uyg10_behav -key {Behavioral:sim_1:Functional:uyg10} -tclbatch {uyg10.tcl} -log {simulate.log}"
INFO: [USF-XSim-8] Loading simulator feature
Vivado Simulator 2017.4
Time resolution is 1 ps
source uyg10.tcl
# set curr_wave [current_wave_config]
# if { [string length $curr_wave] == 0 } {
#   if { [llength [get_objects]] > 0} {
#     add_wave /
#     set_property needs_save false [current_wave_config]
#   } else {
#      send_msg_id Add_Wave-1 WARNING "No top level signals found. Simulator will start without a wave window. If you want to open a wave window go to 'File->New Waveform Configuration' or type 'create_wave_config' in the TCL console."
#   }
# }
# run 1000ns
INFO: [USF-XSim-96] XSim completed. Design snapshot 'uyg10_behav' loaded.
INFO: [USF-XSim-97] XSim simulation ran for 1000ns
launch_simulation: Time (s): cpu = 00:00:03 ; elapsed = 00:00:17 . Memory (MB): peak = 1468.047 ; gain = 0.000
add_force {/uyg10/clk} -radix hex {0 0ns} {1 50000ps} -repeat_every 100000ps
run 100 ns
run 100 ns
run 100 ns
run 100 ns
run 100 ns
run 100 ns
run 100 ns
run 100 ns
run 100 ns
run 100 ns
run 100 ns
run 100 ns
run 100 ns
run 100 ns
run 100 ns
run 100 ns
run 100 ns
run 100 ns
run 100 ns
run 100 ns
run 100 ns
run 100 ns
run 100 ns
run 100 ns
run 100 ns
run 100 ns
run 100 ns
run 100 ns
run 100 ns
run 100 ns
run 100 ns
run 100 ns
close_sim
INFO: [Simtcl 6-16] Simulation closed
launch_simulation
INFO: [Vivado 12-5682] Launching behavioral simulation in 'E:/bildiri ve makaleler/kitap/fpga/uygulamalar/prj_bolum8_uyg10/prj_bolum8_uyg10.sim/sim_1/behav/xsim'
INFO: [SIM-utils-51] Simulation object is 'sim_1'
INFO: [SIM-utils-54] Inspecting design source files for 'uyg10' in fileset 'sim_1'...
INFO: [USF-XSim-97] Finding global include files...
INFO: [USF-XSim-98] Fetching design files from 'sim_1'...
INFO: [USF-XSim-2] XSim::Compile design
INFO: [USF-XSim-61] Executing 'COMPILE and ANALYZE' step in 'E:/bildiri ve makaleler/kitap/fpga/uygulamalar/prj_bolum8_uyg10/prj_bolum8_uyg10.sim/sim_1/behav/xsim'
"xvhdl --incr --relax -prj uyg10_vhdl.prj"
INFO: [VRFC 10-163] Analyzing VHDL file "E:/bildiri ve makaleler/kitap/fpga/uygulamalar/prj_bolum8_uyg10/prj_bolum8_uyg10.srcs/sources_1/new/uyg10.vhd" into library xil_defaultlib
INFO: [VRFC 10-307] analyzing entity uyg10
run_program: Time (s): cpu = 00:00:01 ; elapsed = 00:00:05 . Memory (MB): peak = 1468.047 ; gain = 0.000
INFO: [USF-XSim-69] 'compile' step finished in '5' seconds
INFO: [USF-XSim-3] XSim::Elaborate design
INFO: [USF-XSim-61] Executing 'ELABORATE' step in 'E:/bildiri ve makaleler/kitap/fpga/uygulamalar/prj_bolum8_uyg10/prj_bolum8_uyg10.sim/sim_1/behav/xsim'
Vivado Simulator 2017.4
Copyright 1986-1999, 2001-2016 Xilinx, Inc. All Rights Reserved.
Running: C:/Xilinx/Vivado/2017.4/bin/unwrapped/win64.o/xelab.exe -wto 4a8ce676c0ea4d7b97feedb77419b4d0 --incr --debug typical --relax --mt 2 -L xil_defaultlib -L secureip --snapshot uyg10_behav xil_defaultlib.uyg10 -log elaborate.log 
Using 2 slave threads.
Starting static elaboration
Completed static elaboration
Starting simulation data flow analysis
Completed simulation data flow analysis
Time Resolution for simulation is 1ps
Compiling package std.standard
Compiling package std.textio
Compiling package ieee.std_logic_1164
Compiling package ieee.std_logic_arith
Compiling package ieee.std_logic_unsigned
Compiling architecture behavioral of entity xil_defaultlib.uyg10
Built simulation snapshot uyg10_behav
run_program: Time (s): cpu = 00:00:00 ; elapsed = 00:00:07 . Memory (MB): peak = 1468.047 ; gain = 0.000
INFO: [USF-XSim-69] 'elaborate' step finished in '7' seconds
INFO: [USF-XSim-4] XSim::Simulate design
INFO: [USF-XSim-61] Executing 'SIMULATE' step in 'E:/bildiri ve makaleler/kitap/fpga/uygulamalar/prj_bolum8_uyg10/prj_bolum8_uyg10.sim/sim_1/behav/xsim'
INFO: [USF-XSim-98] *** Running xsim
   with args "uyg10_behav -key {Behavioral:sim_1:Functional:uyg10} -tclbatch {uyg10.tcl} -log {simulate.log}"
INFO: [USF-XSim-8] Loading simulator feature
Vivado Simulator 2017.4
Time resolution is 1 ps
source uyg10.tcl
# set curr_wave [current_wave_config]
# if { [string length $curr_wave] == 0 } {
#   if { [llength [get_objects]] > 0} {
#     add_wave /
#     set_property needs_save false [current_wave_config]
#   } else {
#      send_msg_id Add_Wave-1 WARNING "No top level signals found. Simulator will start without a wave window. If you want to open a wave window go to 'File->New Waveform Configuration' or type 'create_wave_config' in the TCL console."
#   }
# }
# run 1000ns
INFO: [USF-XSim-96] XSim completed. Design snapshot 'uyg10_behav' loaded.
INFO: [USF-XSim-97] XSim simulation ran for 1000ns
launch_simulation: Time (s): cpu = 00:00:06 ; elapsed = 00:00:18 . Memory (MB): peak = 1468.047 ; gain = 0.000
add_force {/uyg10/clk} -radix hex {0 0ns} {1 50000ps} -repeat_every 100000ps
add_force {/uyg10/rst} -radix hex {0 0ns}
run 100 ns
run 100 ns
run 100 ns
run 100 ns
run 100 ns
run 100 ns
run 100 ns
run 100 ns
run 100 ns
run 100 ns
run 100 ns
run 100 ns
run 100 ns
run 100 ns
run 100 ns
run 100 ns
run 100 ns
run 100 ns
close_sim
INFO: [Simtcl 6-16] Simulation closed
launch_simulation
INFO: [Vivado 12-5682] Launching behavioral simulation in 'E:/bildiri ve makaleler/kitap/fpga/uygulamalar/prj_bolum8_uyg10/prj_bolum8_uyg10.sim/sim_1/behav/xsim'
INFO: [SIM-utils-51] Simulation object is 'sim_1'
INFO: [SIM-utils-54] Inspecting design source files for 'uyg10' in fileset 'sim_1'...
INFO: [USF-XSim-97] Finding global include files...
INFO: [USF-XSim-98] Fetching design files from 'sim_1'...
INFO: [USF-XSim-2] XSim::Compile design
INFO: [USF-XSim-61] Executing 'COMPILE and ANALYZE' step in 'E:/bildiri ve makaleler/kitap/fpga/uygulamalar/prj_bolum8_uyg10/prj_bolum8_uyg10.sim/sim_1/behav/xsim'
"xvhdl --incr --relax -prj uyg10_vhdl.prj"
INFO: [VRFC 10-163] Analyzing VHDL file "E:/bildiri ve makaleler/kitap/fpga/uygulamalar/prj_bolum8_uyg10/prj_bolum8_uyg10.srcs/sources_1/new/uyg10.vhd" into library xil_defaultlib
INFO: [VRFC 10-307] analyzing entity uyg10
INFO: [USF-XSim-69] 'compile' step finished in '5' seconds
INFO: [USF-XSim-3] XSim::Elaborate design
INFO: [USF-XSim-61] Executing 'ELABORATE' step in 'E:/bildiri ve makaleler/kitap/fpga/uygulamalar/prj_bolum8_uyg10/prj_bolum8_uyg10.sim/sim_1/behav/xsim'
Vivado Simulator 2017.4
Copyright 1986-1999, 2001-2016 Xilinx, Inc. All Rights Reserved.
Running: C:/Xilinx/Vivado/2017.4/bin/unwrapped/win64.o/xelab.exe -wto 4a8ce676c0ea4d7b97feedb77419b4d0 --incr --debug typical --relax --mt 2 -L xil_defaultlib -L secureip --snapshot uyg10_behav xil_defaultlib.uyg10 -log elaborate.log 
Using 2 slave threads.
Starting static elaboration
Completed static elaboration
Starting simulation data flow analysis
Completed simulation data flow analysis
Time Resolution for simulation is 1ps
Compiling package std.standard
Compiling package std.textio
Compiling package ieee.std_logic_1164
Compiling package ieee.std_logic_arith
Compiling package ieee.std_logic_unsigned
Compiling architecture behavioral of entity xil_defaultlib.uyg10
Built simulation snapshot uyg10_behav
run_program: Time (s): cpu = 00:00:00 ; elapsed = 00:00:07 . Memory (MB): peak = 1468.047 ; gain = 0.000
INFO: [USF-XSim-69] 'elaborate' step finished in '7' seconds
INFO: [USF-XSim-4] XSim::Simulate design
INFO: [USF-XSim-61] Executing 'SIMULATE' step in 'E:/bildiri ve makaleler/kitap/fpga/uygulamalar/prj_bolum8_uyg10/prj_bolum8_uyg10.sim/sim_1/behav/xsim'
INFO: [USF-XSim-98] *** Running xsim
   with args "uyg10_behav -key {Behavioral:sim_1:Functional:uyg10} -tclbatch {uyg10.tcl} -log {simulate.log}"
INFO: [USF-XSim-8] Loading simulator feature
Vivado Simulator 2017.4
Time resolution is 1 ps
source uyg10.tcl
# set curr_wave [current_wave_config]
# if { [string length $curr_wave] == 0 } {
#   if { [llength [get_objects]] > 0} {
#     add_wave /
#     set_property needs_save false [current_wave_config]
#   } else {
#      send_msg_id Add_Wave-1 WARNING "No top level signals found. Simulator will start without a wave window. If you want to open a wave window go to 'File->New Waveform Configuration' or type 'create_wave_config' in the TCL console."
#   }
# }
# run 1000ns
INFO: [USF-XSim-96] XSim completed. Design snapshot 'uyg10_behav' loaded.
INFO: [USF-XSim-97] XSim simulation ran for 1000ns
launch_simulation: Time (s): cpu = 00:00:07 ; elapsed = 00:00:18 . Memory (MB): peak = 1468.047 ; gain = 0.000
add_force {/uyg10/clk} -radix hex {0 0ns} {1 50000ps} -repeat_every 100000ps
add_force {/uyg10/rst} -radix hex {0 0ns}
close_sim
INFO: [Simtcl 6-16] Simulation closed
launch_simulation
INFO: [Vivado 12-5682] Launching behavioral simulation in 'E:/bildiri ve makaleler/kitap/fpga/uygulamalar/prj_bolum8_uyg10/prj_bolum8_uyg10.sim/sim_1/behav/xsim'
INFO: [SIM-utils-51] Simulation object is 'sim_1'
INFO: [SIM-utils-54] Inspecting design source files for 'uyg10' in fileset 'sim_1'...
INFO: [USF-XSim-97] Finding global include files...
INFO: [USF-XSim-98] Fetching design files from 'sim_1'...
INFO: [USF-XSim-2] XSim::Compile design
INFO: [USF-XSim-61] Executing 'COMPILE and ANALYZE' step in 'E:/bildiri ve makaleler/kitap/fpga/uygulamalar/prj_bolum8_uyg10/prj_bolum8_uyg10.sim/sim_1/behav/xsim'
"xvhdl --incr --relax -prj uyg10_vhdl.prj"
INFO: [VRFC 10-163] Analyzing VHDL file "E:/bildiri ve makaleler/kitap/fpga/uygulamalar/prj_bolum8_uyg10/prj_bolum8_uyg10.srcs/sources_1/new/uyg10.vhd" into library xil_defaultlib
INFO: [VRFC 10-307] analyzing entity uyg10
INFO: [USF-XSim-69] 'compile' step finished in '5' seconds
INFO: [USF-XSim-3] XSim::Elaborate design
INFO: [USF-XSim-61] Executing 'ELABORATE' step in 'E:/bildiri ve makaleler/kitap/fpga/uygulamalar/prj_bolum8_uyg10/prj_bolum8_uyg10.sim/sim_1/behav/xsim'
Vivado Simulator 2017.4
Copyright 1986-1999, 2001-2016 Xilinx, Inc. All Rights Reserved.
Running: C:/Xilinx/Vivado/2017.4/bin/unwrapped/win64.o/xelab.exe -wto 4a8ce676c0ea4d7b97feedb77419b4d0 --incr --debug typical --relax --mt 2 -L xil_defaultlib -L secureip --snapshot uyg10_behav xil_defaultlib.uyg10 -log elaborate.log 
Using 2 slave threads.
Starting static elaboration
Completed static elaboration
Starting simulation data flow analysis
Completed simulation data flow analysis
Time Resolution for simulation is 1ps
Compiling package std.standard
Compiling package std.textio
Compiling package ieee.std_logic_1164
Compiling package ieee.std_logic_arith
Compiling package ieee.std_logic_unsigned
Compiling architecture behavioral of entity xil_defaultlib.uyg10
Built simulation snapshot uyg10_behav
run_program: Time (s): cpu = 00:00:01 ; elapsed = 00:00:07 . Memory (MB): peak = 1468.047 ; gain = 0.000
INFO: [USF-XSim-69] 'elaborate' step finished in '6' seconds
INFO: [USF-XSim-4] XSim::Simulate design
INFO: [USF-XSim-61] Executing 'SIMULATE' step in 'E:/bildiri ve makaleler/kitap/fpga/uygulamalar/prj_bolum8_uyg10/prj_bolum8_uyg10.sim/sim_1/behav/xsim'
INFO: [USF-XSim-98] *** Running xsim
   with args "uyg10_behav -key {Behavioral:sim_1:Functional:uyg10} -tclbatch {uyg10.tcl} -log {simulate.log}"
INFO: [USF-XSim-8] Loading simulator feature
Vivado Simulator 2017.4
Time resolution is 1 ps
source uyg10.tcl
# set curr_wave [current_wave_config]
# if { [string length $curr_wave] == 0 } {
#   if { [llength [get_objects]] > 0} {
#     add_wave /
#     set_property needs_save false [current_wave_config]
#   } else {
#      send_msg_id Add_Wave-1 WARNING "No top level signals found. Simulator will start without a wave window. If you want to open a wave window go to 'File->New Waveform Configuration' or type 'create_wave_config' in the TCL console."
#   }
# }
# run 1000ns
INFO: [USF-XSim-96] XSim completed. Design snapshot 'uyg10_behav' loaded.
INFO: [USF-XSim-97] XSim simulation ran for 1000ns
launch_simulation: Time (s): cpu = 00:00:07 ; elapsed = 00:00:18 . Memory (MB): peak = 1468.047 ; gain = 0.000
add_force {/uyg10/clk} -radix hex {0 0ns} {1 50000ps} -repeat_every 100000ps
add_force {/uyg10/rst} -radix hex {0 0ns}
run 100 ns
run 100 ns
run 100 ns
run 100 ns
run 100 ns
run 100 ns
run 100 ns
run 100 ns
run 100 ns
run 100 ns
run 100 ns
run 100 ns
run 100 ns
run 100 ns
run 100 ns
run 100 ns
run 100 ns
run 100 ns
run 100 ns
run 100 ns
run 100 ns
run 100 ns
run 100 ns
run 100 ns
run 100 ns
run 100 ns
run 100 ns
run 100 ns
run 100 ns
run 100 ns
run 100 ns
run 100 ns
close_sim
INFO: [Simtcl 6-16] Simulation closed
close_sim: Time (s): cpu = 00:00:00 ; elapsed = 00:00:06 . Memory (MB): peak = 1468.047 ; gain = 0.000
launch_simulation
INFO: [Vivado 12-5682] Launching behavioral simulation in 'E:/bildiri ve makaleler/kitap/fpga/uygulamalar/prj_bolum8_uyg10/prj_bolum8_uyg10.sim/sim_1/behav/xsim'
INFO: [SIM-utils-51] Simulation object is 'sim_1'
INFO: [SIM-utils-54] Inspecting design source files for 'uyg10' in fileset 'sim_1'...
INFO: [USF-XSim-97] Finding global include files...
INFO: [USF-XSim-98] Fetching design files from 'sim_1'...
INFO: [USF-XSim-2] XSim::Compile design
INFO: [USF-XSim-61] Executing 'COMPILE and ANALYZE' step in 'E:/bildiri ve makaleler/kitap/fpga/uygulamalar/prj_bolum8_uyg10/prj_bolum8_uyg10.sim/sim_1/behav/xsim'
"xvhdl --incr --relax -prj uyg10_vhdl.prj"
INFO: [VRFC 10-163] Analyzing VHDL file "E:/bildiri ve makaleler/kitap/fpga/uygulamalar/prj_bolum8_uyg10/prj_bolum8_uyg10.srcs/sources_1/new/uyg10.vhd" into library xil_defaultlib
INFO: [VRFC 10-307] analyzing entity uyg10
run_program: Time (s): cpu = 00:00:01 ; elapsed = 00:00:06 . Memory (MB): peak = 1468.047 ; gain = 0.000
INFO: [USF-XSim-69] 'compile' step finished in '7' seconds
INFO: [USF-XSim-3] XSim::Elaborate design
INFO: [USF-XSim-61] Executing 'ELABORATE' step in 'E:/bildiri ve makaleler/kitap/fpga/uygulamalar/prj_bolum8_uyg10/prj_bolum8_uyg10.sim/sim_1/behav/xsim'
Vivado Simulator 2017.4
Copyright 1986-1999, 2001-2016 Xilinx, Inc. All Rights Reserved.
Running: C:/Xilinx/Vivado/2017.4/bin/unwrapped/win64.o/xelab.exe -wto 4a8ce676c0ea4d7b97feedb77419b4d0 --incr --debug typical --relax --mt 2 -L xil_defaultlib -L secureip --snapshot uyg10_behav xil_defaultlib.uyg10 -log elaborate.log 
Using 2 slave threads.
Starting static elaboration
Completed static elaboration
Starting simulation data flow analysis
Completed simulation data flow analysis
Time Resolution for simulation is 1ps
Compiling package std.standard
Compiling package std.textio
Compiling package ieee.std_logic_1164
Compiling package ieee.std_logic_arith
Compiling package ieee.std_logic_unsigned
Compiling architecture behavioral of entity xil_defaultlib.uyg10
Built simulation snapshot uyg10_behav
run_program: Time (s): cpu = 00:00:00 ; elapsed = 00:00:10 . Memory (MB): peak = 1468.047 ; gain = 0.000
INFO: [USF-XSim-69] 'elaborate' step finished in '10' seconds
INFO: [USF-XSim-4] XSim::Simulate design
INFO: [USF-XSim-61] Executing 'SIMULATE' step in 'E:/bildiri ve makaleler/kitap/fpga/uygulamalar/prj_bolum8_uyg10/prj_bolum8_uyg10.sim/sim_1/behav/xsim'
INFO: [USF-XSim-98] *** Running xsim
   with args "uyg10_behav -key {Behavioral:sim_1:Functional:uyg10} -tclbatch {uyg10.tcl} -log {simulate.log}"
INFO: [USF-XSim-8] Loading simulator feature
Vivado Simulator 2017.4
Time resolution is 1 ps
source uyg10.tcl
# set curr_wave [current_wave_config]
# if { [string length $curr_wave] == 0 } {
#   if { [llength [get_objects]] > 0} {
#     add_wave /
#     set_property needs_save false [current_wave_config]
#   } else {
#      send_msg_id Add_Wave-1 WARNING "No top level signals found. Simulator will start without a wave window. If you want to open a wave window go to 'File->New Waveform Configuration' or type 'create_wave_config' in the TCL console."
#   }
# }
# run 1000ns
xsim: Time (s): cpu = 00:00:07 ; elapsed = 00:00:06 . Memory (MB): peak = 1468.047 ; gain = 0.000
INFO: [USF-XSim-96] XSim completed. Design snapshot 'uyg10_behav' loaded.
INFO: [USF-XSim-97] XSim simulation ran for 1000ns
launch_simulation: Time (s): cpu = 00:00:09 ; elapsed = 00:00:24 . Memory (MB): peak = 1468.047 ; gain = 0.000
add_force {/uyg10/clk} -radix hex {0 0ns} {1 50000ps} -repeat_every 100000ps
add_force {/uyg10/rst} -radix hex {0 0ns}
add_force {/uyg10/durula_biti} -radix hex {1 0ns}
run 100 ns
run 100 ns
run 100 ns
run 100 ns
run 100 ns
run 100 ns
run 100 ns
run 100 ns
run 100 ns
run 100 ns
run 100 ns
run 100 ns
run 100 ns
run 100 ns
run 100 ns
run 100 ns
run 100 ns
run 100 ns
run 100 ns
run 100 ns
run 100 ns
run 100 ns
run 100 ns
run 100 ns
run 100 ns
run 100 ns
synth_design -rtl -name rtl_1
Command: synth_design -rtl -name rtl_1
Starting synth_design
Using part: xc7a100tcsg324-1
Top: uyg10
---------------------------------------------------------------------------------
Starting RTL Elaboration : Time (s): cpu = 00:00:48 ; elapsed = 00:00:49 . Memory (MB): peak = 1468.047 ; gain = 0.000
---------------------------------------------------------------------------------
INFO: [Synth 8-638] synthesizing module 'uyg10' [E:/bildiri ve makaleler/kitap/fpga/uygulamalar/prj_bolum8_uyg10/prj_bolum8_uyg10.srcs/sources_1/new/uyg10.vhd:17]
WARNING: [Synth 8-614] signal 'simdiki' is read in the process but is not in the sensitivity list [E:/bildiri ve makaleler/kitap/fpga/uygulamalar/prj_bolum8_uyg10/prj_bolum8_uyg10.srcs/sources_1/new/uyg10.vhd:38]
WARNING: [Synth 8-614] signal 'sayici' is read in the process but is not in the sensitivity list [E:/bildiri ve makaleler/kitap/fpga/uygulamalar/prj_bolum8_uyg10/prj_bolum8_uyg10.srcs/sources_1/new/uyg10.vhd:38]
WARNING: [Synth 8-614] signal 'durula_biti' is read in the process but is not in the sensitivity list [E:/bildiri ve makaleler/kitap/fpga/uygulamalar/prj_bolum8_uyg10/prj_bolum8_uyg10.srcs/sources_1/new/uyg10.vhd:38]
INFO: [Synth 8-256] done synthesizing module 'uyg10' (1#1) [E:/bildiri ve makaleler/kitap/fpga/uygulamalar/prj_bolum8_uyg10/prj_bolum8_uyg10.srcs/sources_1/new/uyg10.vhd:17]
WARNING: [Synth 8-3330] design uyg10 has an empty top module
WARNING: [Synth 8-3331] design uyg10 has unconnected port clk
WARNING: [Synth 8-3331] design uyg10 has unconnected port rst
WARNING: [Synth 8-3331] design uyg10 has unconnected port durula_biti
---------------------------------------------------------------------------------
Finished RTL Elaboration : Time (s): cpu = 00:00:54 ; elapsed = 00:00:57 . Memory (MB): peak = 1468.047 ; gain = 0.000
---------------------------------------------------------------------------------

Report Check Netlist: 
+------+------------------+-------+---------+-------+------------------+
|      |Item              |Errors |Warnings |Status |Description       |
+------+------------------+-------+---------+-------+------------------+
|1     |multi_driven_nets |      0|        0|Passed |Multi driven nets |
+------+------------------+-------+---------+-------+------------------+
---------------------------------------------------------------------------------
Finished RTL Optimization Phase 1 : Time (s): cpu = 00:00:55 ; elapsed = 00:00:59 . Memory (MB): peak = 1468.047 ; gain = 0.000
---------------------------------------------------------------------------------
INFO: [Project 1-570] Preparing netlist for logic optimization

Processing XDC Constraints
Initializing timing engine
Completed Processing XDC Constraints

INFO: [Opt 31-138] Pushed 0 inverter(s) to 0 load pin(s).
INFO: [Project 1-111] Unisim Transformation Summary:
No Unisim elements were transformed.

RTL Elaboration Complete:  : Time (s): cpu = 00:01:15 ; elapsed = 00:01:15 . Memory (MB): peak = 1468.047 ; gain = 0.000
5 Infos, 7 Warnings, 0 Critical Warnings and 0 Errors encountered.
synth_design completed successfully
synth_design: Time (s): cpu = 00:01:15 ; elapsed = 00:01:16 . Memory (MB): peak = 1468.047 ; gain = 0.000
close_sim
INFO: [Simtcl 6-16] Simulation closed
exit
INFO: [Common 17-206] Exiting Vivado at Tue Aug  6 05:48:33 2019...
